epoch,phase,layer_id,hop,stat_name,stat_value
0,val,0,1,attention_norm_entropy_mean,0.9758673906326294
0,val,0,2,attention_norm_entropy_mean,0.9946250915527344
0,val,0,3,attention_norm_entropy_mean,0.990758776664734
0,val,0,4,attention_norm_entropy_mean,0.988535463809967
0,val,1,1,attention_norm_entropy_mean,0.9289789795875548
0,val,1,2,attention_norm_entropy_mean,0.8933606743812561
0,val,1,3,attention_norm_entropy_mean,0.9172736406326294
0,val,1,4,attention_norm_entropy_mean,0.9185243844985962
0,val,2,1,attention_norm_entropy_mean,0.9166840314865112
0,val,2,2,attention_norm_entropy_mean,0.9668996334075928
0,val,2,3,attention_norm_entropy_mean,0.970693588256836
0,val,2,4,attention_norm_entropy_mean,0.9571370482444764
0,val,3,1,attention_norm_entropy_mean,0.9628045558929444
0,val,3,2,attention_norm_entropy_mean,0.9861995577812196
0,val,3,3,attention_norm_entropy_mean,0.9843469262123108
0,val,3,4,attention_norm_entropy_mean,0.9873132109642028
0,val,4,1,attention_norm_entropy_mean,0.882803738117218
0,val,4,2,attention_norm_entropy_mean,0.9864015579223632
0,val,4,3,attention_norm_entropy_mean,0.997310757637024
0,val,4,4,attention_norm_entropy_mean,0.9921296238899232
0,val,5,1,attention_norm_entropy_mean,0.9756198525428772
0,val,5,2,attention_norm_entropy_mean,0.9843623042106628
0,val,5,3,attention_norm_entropy_mean,0.9837825298309326
0,val,5,4,attention_norm_entropy_mean,0.996603548526764
0,test,0,1,attention_norm_entropy_mean,0.9758673906326294
0,test,0,2,attention_norm_entropy_mean,0.9946250915527344
0,test,0,3,attention_norm_entropy_mean,0.990758776664734
0,test,0,4,attention_norm_entropy_mean,0.988535463809967
0,test,1,1,attention_norm_entropy_mean,0.9289789795875548
0,test,1,2,attention_norm_entropy_mean,0.8933606743812561
0,test,1,3,attention_norm_entropy_mean,0.9172736406326294
0,test,1,4,attention_norm_entropy_mean,0.9185243248939514
0,test,2,1,attention_norm_entropy_mean,0.9166840314865112
0,test,2,2,attention_norm_entropy_mean,0.9668996334075928
0,test,2,3,attention_norm_entropy_mean,0.970693588256836
0,test,2,4,attention_norm_entropy_mean,0.9571370482444764
0,test,3,1,attention_norm_entropy_mean,0.9628045558929444
0,test,3,2,attention_norm_entropy_mean,0.9861995577812196
0,test,3,3,attention_norm_entropy_mean,0.9843469262123108
0,test,3,4,attention_norm_entropy_mean,0.9873132705688475
0,test,4,1,attention_norm_entropy_mean,0.882803738117218
0,test,4,2,attention_norm_entropy_mean,0.9864015579223632
0,test,4,3,attention_norm_entropy_mean,0.997310757637024
0,test,4,4,attention_norm_entropy_mean,0.9921296238899232
0,test,5,1,attention_norm_entropy_mean,0.9756197333335876
0,test,5,2,attention_norm_entropy_mean,0.9843623042106628
0,test,5,3,attention_norm_entropy_mean,0.9837825298309326
0,test,5,4,attention_norm_entropy_mean,0.996603548526764
50,val,0,1,attention_norm_entropy_mean,0.9523494243621826
50,val,0,1,attention_mae_from_baseline,0.0365682505071163
50,val,0,1,attention_max_abs_diff_from_baseline,0.2300907671451568
50,val,0,1,attention_cosine_to_baseline,0.9926559925079346
50,val,0,2,attention_norm_entropy_mean,0.8840479254722595
50,val,0,2,attention_mae_from_baseline,0.0293069817125797
50,val,0,2,attention_max_abs_diff_from_baseline,0.6997960805892944
50,val,0,2,attention_cosine_to_baseline,0.8996766209602356
50,val,0,3,attention_norm_entropy_mean,0.9435825347900392
50,val,0,3,attention_mae_from_baseline,0.0191920641809701
50,val,0,3,attention_max_abs_diff_from_baseline,0.6010454893112183
50,val,0,3,attention_cosine_to_baseline,0.9538085460662842
50,val,0,4,attention_norm_entropy_mean,0.9748193025588988
50,val,0,4,attention_mae_from_baseline,0.0159464702010154
50,val,0,4,attention_max_abs_diff_from_baseline,0.3655577301979065
50,val,0,4,attention_cosine_to_baseline,0.946368932723999
50,val,1,1,attention_norm_entropy_mean,0.897209644317627
50,val,1,1,attention_mae_from_baseline,0.0917235761880874
50,val,1,1,attention_max_abs_diff_from_baseline,0.5441845655441284
50,val,1,1,attention_cosine_to_baseline,0.9583398103713988
50,val,1,2,attention_norm_entropy_mean,0.8857915997505188
50,val,1,2,attention_mae_from_baseline,0.0310838352888822
50,val,1,2,attention_max_abs_diff_from_baseline,0.5891634225845337
50,val,1,2,attention_cosine_to_baseline,0.9417811036109924
50,val,1,3,attention_norm_entropy_mean,0.944571614265442
50,val,1,3,attention_mae_from_baseline,0.0217962246388196
50,val,1,3,attention_max_abs_diff_from_baseline,0.2145060300827026
50,val,1,3,attention_cosine_to_baseline,0.9589601159095764
50,val,1,4,attention_norm_entropy_mean,0.92212575674057
50,val,1,4,attention_mae_from_baseline,0.0414106659591198
50,val,1,4,attention_max_abs_diff_from_baseline,0.5535086989402771
50,val,1,4,attention_cosine_to_baseline,0.7377694845199585
50,val,2,1,attention_norm_entropy_mean,0.9578887820243835
50,val,2,1,attention_mae_from_baseline,0.0804788544774055
50,val,2,1,attention_max_abs_diff_from_baseline,0.4678203463554382
50,val,2,1,attention_cosine_to_baseline,0.968414306640625
50,val,2,2,attention_norm_entropy_mean,0.983561396598816
50,val,2,2,attention_mae_from_baseline,0.0141950789839029
50,val,2,2,attention_max_abs_diff_from_baseline,0.2760871648788452
50,val,2,2,attention_cosine_to_baseline,0.9801517724990844
50,val,2,3,attention_norm_entropy_mean,0.9817141890525818
50,val,2,3,attention_mae_from_baseline,0.0177190136164426
50,val,2,3,attention_max_abs_diff_from_baseline,0.1905261278152465
50,val,2,3,attention_cosine_to_baseline,0.9681376218795776
50,val,2,4,attention_norm_entropy_mean,0.9909774661064148
50,val,2,4,attention_mae_from_baseline,0.0264167990535497
50,val,2,4,attention_max_abs_diff_from_baseline,0.2906326651573181
50,val,2,4,attention_cosine_to_baseline,0.9037547707557678
50,val,3,1,attention_norm_entropy_mean,0.9730467796325684
50,val,3,1,attention_mae_from_baseline,0.048706978559494
50,val,3,1,attention_max_abs_diff_from_baseline,0.363297700881958
50,val,3,1,attention_cosine_to_baseline,0.9859532713890076
50,val,3,2,attention_norm_entropy_mean,0.9919397234916688
50,val,3,2,attention_mae_from_baseline,0.0097095817327499
50,val,3,2,attention_max_abs_diff_from_baseline,0.2393402457237243
50,val,3,2,attention_cosine_to_baseline,0.9908434152603148
50,val,3,3,attention_norm_entropy_mean,0.9968611598014832
50,val,3,3,attention_mae_from_baseline,0.009082593023777
50,val,3,3,attention_max_abs_diff_from_baseline,0.1584026217460632
50,val,3,3,attention_cosine_to_baseline,0.9904381036758424
50,val,3,4,attention_norm_entropy_mean,0.9940791130065918
50,val,3,4,attention_mae_from_baseline,0.013663088902831
50,val,3,4,attention_max_abs_diff_from_baseline,0.3204658627510071
50,val,3,4,attention_cosine_to_baseline,0.9641435146331788
50,val,4,1,attention_norm_entropy_mean,0.896075427532196
50,val,4,1,attention_mae_from_baseline,0.0428450554609298
50,val,4,1,attention_max_abs_diff_from_baseline,0.5040013790130615
50,val,4,1,attention_cosine_to_baseline,0.9909961223602296
50,val,4,2,attention_norm_entropy_mean,0.993744730949402
50,val,4,2,attention_mae_from_baseline,0.010495820082724
50,val,4,2,attention_max_abs_diff_from_baseline,0.2960711121559143
50,val,4,2,attention_cosine_to_baseline,0.9875413179397584
50,val,4,3,attention_norm_entropy_mean,0.9973607659339904
50,val,4,3,attention_mae_from_baseline,0.006100577302277
50,val,4,3,attention_max_abs_diff_from_baseline,0.0723022520542144
50,val,4,3,attention_cosine_to_baseline,0.9960817694664
50,val,4,4,attention_norm_entropy_mean,0.99793803691864
50,val,4,4,attention_mae_from_baseline,0.0118144508451223
50,val,4,4,attention_max_abs_diff_from_baseline,0.316504031419754
50,val,4,4,attention_cosine_to_baseline,0.974319577217102
50,val,5,1,attention_norm_entropy_mean,0.9457184672355652
50,val,5,1,attention_mae_from_baseline,0.0577504932880401
50,val,5,1,attention_max_abs_diff_from_baseline,0.4356275796890259
50,val,5,1,attention_cosine_to_baseline,0.9805725812911988
50,val,5,2,attention_norm_entropy_mean,0.996013641357422
50,val,5,2,attention_mae_from_baseline,0.0091756656765937
50,val,5,2,attention_max_abs_diff_from_baseline,0.2090532779693603
50,val,5,2,attention_cosine_to_baseline,0.9899636507034302
50,val,5,3,attention_norm_entropy_mean,0.99713933467865
50,val,5,3,attention_mae_from_baseline,0.0080016274005174
50,val,5,3,attention_max_abs_diff_from_baseline,0.4275680184364319
50,val,5,3,attention_cosine_to_baseline,0.9810153841972352
50,val,5,4,attention_norm_entropy_mean,0.994726061820984
50,val,5,4,attention_mae_from_baseline,0.0082100359722971
50,val,5,4,attention_max_abs_diff_from_baseline,0.1141602993011474
50,val,5,4,attention_cosine_to_baseline,0.986958384513855
50,test,0,1,attention_norm_entropy_mean,0.9523494243621826
50,test,0,1,attention_mae_from_baseline,0.0365682505071163
50,test,0,1,attention_max_abs_diff_from_baseline,0.2300907671451568
50,test,0,1,attention_cosine_to_baseline,0.9926559925079346
50,test,0,2,attention_norm_entropy_mean,0.8840479254722595
50,test,0,2,attention_mae_from_baseline,0.0293069817125797
50,test,0,2,attention_max_abs_diff_from_baseline,0.6997960805892944
50,test,0,2,attention_cosine_to_baseline,0.8996766209602356
50,test,0,3,attention_norm_entropy_mean,0.9435825347900392
50,test,0,3,attention_mae_from_baseline,0.0191920641809701
50,test,0,3,attention_max_abs_diff_from_baseline,0.6010454893112183
50,test,0,3,attention_cosine_to_baseline,0.9538085460662842
50,test,0,4,attention_norm_entropy_mean,0.9748193025588988
50,test,0,4,attention_mae_from_baseline,0.0159464702010154
50,test,0,4,attention_max_abs_diff_from_baseline,0.3655577301979065
50,test,0,4,attention_cosine_to_baseline,0.946368932723999
50,test,1,1,attention_norm_entropy_mean,0.897209644317627
50,test,1,1,attention_mae_from_baseline,0.0917235761880874
50,test,1,1,attention_max_abs_diff_from_baseline,0.5441845655441284
50,test,1,1,attention_cosine_to_baseline,0.9583398103713988
50,test,1,2,attention_norm_entropy_mean,0.8857915997505188
50,test,1,2,attention_mae_from_baseline,0.0310838352888822
50,test,1,2,attention_max_abs_diff_from_baseline,0.5891634821891785
50,test,1,2,attention_cosine_to_baseline,0.9417811036109924
50,test,1,3,attention_norm_entropy_mean,0.944571614265442
50,test,1,3,attention_mae_from_baseline,0.0217962227761745
50,test,1,3,attention_max_abs_diff_from_baseline,0.2145060151815414
50,test,1,3,attention_cosine_to_baseline,0.9589600563049316
50,test,1,4,attention_norm_entropy_mean,0.92212575674057
50,test,1,4,attention_mae_from_baseline,0.0414106622338295
50,test,1,4,attention_max_abs_diff_from_baseline,0.5535086989402771
50,test,1,4,attention_cosine_to_baseline,0.7377694845199585
50,test,2,1,attention_norm_entropy_mean,0.9578887820243835
50,test,2,1,attention_mae_from_baseline,0.0804788544774055
50,test,2,1,attention_max_abs_diff_from_baseline,0.4678203463554382
50,test,2,1,attention_cosine_to_baseline,0.968414306640625
50,test,2,2,attention_norm_entropy_mean,0.983561396598816
50,test,2,2,attention_mae_from_baseline,0.0141950817778706
50,test,2,2,attention_max_abs_diff_from_baseline,0.2760871648788452
50,test,2,2,attention_cosine_to_baseline,0.9801517724990844
50,test,2,3,attention_norm_entropy_mean,0.9817141890525818
50,test,2,3,attention_mae_from_baseline,0.0177190117537975
50,test,2,3,attention_max_abs_diff_from_baseline,0.1905260682106018
50,test,2,3,attention_cosine_to_baseline,0.9681376814842224
50,test,2,4,attention_norm_entropy_mean,0.9909774661064148
50,test,2,4,attention_mae_from_baseline,0.0264167990535497
50,test,2,4,attention_max_abs_diff_from_baseline,0.2906324863433838
50,test,2,4,attention_cosine_to_baseline,0.9037547707557678
50,test,3,1,attention_norm_entropy_mean,0.9730467796325684
50,test,3,1,attention_mae_from_baseline,0.048706978559494
50,test,3,1,attention_max_abs_diff_from_baseline,0.3632977306842804
50,test,3,1,attention_cosine_to_baseline,0.9859532713890076
50,test,3,2,attention_norm_entropy_mean,0.9919397234916688
50,test,3,2,attention_mae_from_baseline,0.0097095817327499
50,test,3,2,attention_max_abs_diff_from_baseline,0.2393403351306915
50,test,3,2,attention_cosine_to_baseline,0.9908434152603148
50,test,3,3,attention_norm_entropy_mean,0.9968611598014832
50,test,3,3,attention_mae_from_baseline,0.0090825920924544
50,test,3,3,attention_max_abs_diff_from_baseline,0.1584025025367736
50,test,3,3,attention_cosine_to_baseline,0.9904383420944214
50,test,3,4,attention_norm_entropy_mean,0.9940791130065918
50,test,3,4,attention_mae_from_baseline,0.013663088902831
50,test,3,4,attention_max_abs_diff_from_baseline,0.3204658627510071
50,test,3,4,attention_cosine_to_baseline,0.9641435146331788
50,test,4,1,attention_norm_entropy_mean,0.8960754871368408
50,test,4,1,attention_mae_from_baseline,0.0428450591862201
50,test,4,1,attention_max_abs_diff_from_baseline,0.5040014982223511
50,test,4,1,attention_cosine_to_baseline,0.9909963011741638
50,test,4,2,attention_norm_entropy_mean,0.993744730949402
50,test,4,2,attention_mae_from_baseline,0.0104958182200789
50,test,4,2,attention_max_abs_diff_from_baseline,0.2960709631443023
50,test,4,2,attention_cosine_to_baseline,0.9875413179397584
50,test,4,3,attention_norm_entropy_mean,0.9973607659339904
50,test,4,3,attention_mae_from_baseline,0.0061005786992609
50,test,4,3,attention_max_abs_diff_from_baseline,0.0723023116588592
50,test,4,3,attention_cosine_to_baseline,0.9960815906524658
50,test,4,4,attention_norm_entropy_mean,0.99793803691864
50,test,4,4,attention_mae_from_baseline,0.0118144508451223
50,test,4,4,attention_max_abs_diff_from_baseline,0.3165039718151092
50,test,4,4,attention_cosine_to_baseline,0.9743196368217468
50,test,5,1,attention_norm_entropy_mean,0.9457185864448548
50,test,5,1,attention_mae_from_baseline,0.057750504463911
50,test,5,1,attention_max_abs_diff_from_baseline,0.4356275498867035
50,test,5,1,attention_cosine_to_baseline,0.9805725812911988
50,test,5,2,attention_norm_entropy_mean,0.996013641357422
50,test,5,2,attention_mae_from_baseline,0.0091756666079163
50,test,5,2,attention_max_abs_diff_from_baseline,0.2090535163879394
50,test,5,2,attention_cosine_to_baseline,0.9899636507034302
50,test,5,3,attention_norm_entropy_mean,0.99713933467865
50,test,5,3,attention_mae_from_baseline,0.00800162833184
50,test,5,3,attention_max_abs_diff_from_baseline,0.4275679886341095
50,test,5,3,attention_cosine_to_baseline,0.9810153245925904
50,test,5,4,attention_norm_entropy_mean,0.994726061820984
50,test,5,4,attention_mae_from_baseline,0.0082100359722971
50,test,5,4,attention_max_abs_diff_from_baseline,0.1141602993011474
50,test,5,4,attention_cosine_to_baseline,0.986958384513855
100,val,0,1,attention_norm_entropy_mean,0.9486567974090576
100,val,0,1,attention_mae_from_baseline,0.0394464097917079
100,val,0,1,attention_max_abs_diff_from_baseline,0.234881967306137
100,val,0,1,attention_cosine_to_baseline,0.9917964339256288
100,val,0,2,attention_norm_entropy_mean,0.8891288638114929
100,val,0,2,attention_mae_from_baseline,0.0288122706115245
100,val,0,2,attention_max_abs_diff_from_baseline,0.6898607015609741
100,val,0,2,attention_cosine_to_baseline,0.9044227600097656
100,val,0,3,attention_norm_entropy_mean,0.9448549151420592
100,val,0,3,attention_mae_from_baseline,0.0189327020198106
100,val,0,3,attention_max_abs_diff_from_baseline,0.601352334022522
100,val,0,3,attention_cosine_to_baseline,0.9547934532165528
100,val,0,4,attention_norm_entropy_mean,0.9743511080741882
100,val,0,4,attention_mae_from_baseline,0.015954453498125
100,val,0,4,attention_max_abs_diff_from_baseline,0.3961272835731506
100,val,0,4,attention_cosine_to_baseline,0.9453518390655518
100,val,1,1,attention_norm_entropy_mean,0.9020890593528748
100,val,1,1,attention_mae_from_baseline,0.0889890268445015
100,val,1,1,attention_max_abs_diff_from_baseline,0.5323728322982788
100,val,1,1,attention_cosine_to_baseline,0.9596052169799804
100,val,1,2,attention_norm_entropy_mean,0.8870188593864441
100,val,1,2,attention_mae_from_baseline,0.0309889186173677
100,val,1,2,attention_max_abs_diff_from_baseline,0.559789776802063
100,val,1,2,attention_cosine_to_baseline,0.9423779845237732
100,val,1,3,attention_norm_entropy_mean,0.9500555992126464
100,val,1,3,attention_mae_from_baseline,0.021565306931734
100,val,1,3,attention_max_abs_diff_from_baseline,0.2062532901763916
100,val,1,3,attention_cosine_to_baseline,0.9602303504943848
100,val,1,4,attention_norm_entropy_mean,0.9132936596870422
100,val,1,4,attention_mae_from_baseline,0.0434659272432327
100,val,1,4,attention_max_abs_diff_from_baseline,0.5879465937614441
100,val,1,4,attention_cosine_to_baseline,0.7152086496353149
100,val,2,1,attention_norm_entropy_mean,0.9610173106193542
100,val,2,1,attention_mae_from_baseline,0.0798437967896461
100,val,2,1,attention_max_abs_diff_from_baseline,0.4533388912677765
100,val,2,1,attention_cosine_to_baseline,0.9691148996353148
100,val,2,2,attention_norm_entropy_mean,0.9821369647979736
100,val,2,2,attention_mae_from_baseline,0.0147091839462518
100,val,2,2,attention_max_abs_diff_from_baseline,0.2965941429138183
100,val,2,2,attention_cosine_to_baseline,0.9793392419815063
100,val,2,3,attention_norm_entropy_mean,0.98118793964386
100,val,2,3,attention_mae_from_baseline,0.0178840979933738
100,val,2,3,attention_max_abs_diff_from_baseline,0.2032691240310669
100,val,2,3,attention_cosine_to_baseline,0.967564582824707
100,val,2,4,attention_norm_entropy_mean,0.9902787804603576
100,val,2,4,attention_mae_from_baseline,0.0271662529557943
100,val,2,4,attention_max_abs_diff_from_baseline,0.3064771890640259
100,val,2,4,attention_cosine_to_baseline,0.8982568979263306
100,val,3,1,attention_norm_entropy_mean,0.9724055528640748
100,val,3,1,attention_mae_from_baseline,0.0495258346199989
100,val,3,1,attention_max_abs_diff_from_baseline,0.3691610693931579
100,val,3,1,attention_cosine_to_baseline,0.9858855605125428
100,val,3,2,attention_norm_entropy_mean,0.9928645491600036
100,val,3,2,attention_mae_from_baseline,0.0097066480666399
100,val,3,2,attention_max_abs_diff_from_baseline,0.2099525332450866
100,val,3,2,attention_cosine_to_baseline,0.991454541683197
100,val,3,3,attention_norm_entropy_mean,0.9975934624671936
100,val,3,3,attention_mae_from_baseline,0.0092645604163408
100,val,3,3,attention_max_abs_diff_from_baseline,0.1578415036201477
100,val,3,3,attention_cosine_to_baseline,0.9898659586906432
100,val,3,4,attention_norm_entropy_mean,0.9937172532081604
100,val,3,4,attention_mae_from_baseline,0.0136185949668288
100,val,3,4,attention_max_abs_diff_from_baseline,0.318528413772583
100,val,3,4,attention_cosine_to_baseline,0.9651296138763428
100,val,4,1,attention_norm_entropy_mean,0.8994370698928833
100,val,4,1,attention_mae_from_baseline,0.0443849749863147
100,val,4,1,attention_max_abs_diff_from_baseline,0.507943868637085
100,val,4,1,attention_cosine_to_baseline,0.9906083345413208
100,val,4,2,attention_norm_entropy_mean,0.9935359954833984
100,val,4,2,attention_mae_from_baseline,0.010273216292262
100,val,4,2,attention_max_abs_diff_from_baseline,0.3151775002479553
100,val,4,2,attention_cosine_to_baseline,0.9871382117271424
100,val,4,3,attention_norm_entropy_mean,0.9976842403411864
100,val,4,3,attention_mae_from_baseline,0.0059569575823843
100,val,4,3,attention_max_abs_diff_from_baseline,0.0724139213562011
100,val,4,3,attention_cosine_to_baseline,0.996201515197754
100,val,4,4,attention_norm_entropy_mean,0.997986912727356
100,val,4,4,attention_mae_from_baseline,0.0117355259135365
100,val,4,4,attention_max_abs_diff_from_baseline,0.3124367892742157
100,val,4,4,attention_cosine_to_baseline,0.974564790725708
100,val,5,1,attention_norm_entropy_mean,0.953092634677887
100,val,5,1,attention_mae_from_baseline,0.0527756512165069
100,val,5,1,attention_max_abs_diff_from_baseline,0.3724627196788788
100,val,5,1,attention_cosine_to_baseline,0.9834312200546264
100,val,5,2,attention_norm_entropy_mean,0.9956569075584412
100,val,5,2,attention_mae_from_baseline,0.0090014236047863
100,val,5,2,attention_max_abs_diff_from_baseline,0.2153897732496261
100,val,5,2,attention_cosine_to_baseline,0.9905397891998292
100,val,5,3,attention_norm_entropy_mean,0.9961578249931335
100,val,5,3,attention_mae_from_baseline,0.0079602813348174
100,val,5,3,attention_max_abs_diff_from_baseline,0.3880478143692016
100,val,5,3,attention_cosine_to_baseline,0.9819678664207458
100,val,5,4,attention_norm_entropy_mean,0.9948261976242064
100,val,5,4,attention_mae_from_baseline,0.0082412445917725
100,val,5,4,attention_max_abs_diff_from_baseline,0.1318328976631164
100,val,5,4,attention_cosine_to_baseline,0.9866324067115784
100,test,0,1,attention_norm_entropy_mean,0.9486567974090576
100,test,0,1,attention_mae_from_baseline,0.0394464097917079
100,test,0,1,attention_max_abs_diff_from_baseline,0.234881967306137
100,test,0,1,attention_cosine_to_baseline,0.9917964339256288
100,test,0,2,attention_norm_entropy_mean,0.8891288638114929
100,test,0,2,attention_mae_from_baseline,0.0288122706115245
100,test,0,2,attention_max_abs_diff_from_baseline,0.6898607015609741
100,test,0,2,attention_cosine_to_baseline,0.9044227600097656
100,test,0,3,attention_norm_entropy_mean,0.9448549151420592
100,test,0,3,attention_mae_from_baseline,0.0189327001571655
100,test,0,3,attention_max_abs_diff_from_baseline,0.601352334022522
100,test,0,3,attention_cosine_to_baseline,0.9547934532165528
100,test,0,4,attention_norm_entropy_mean,0.9743511080741882
100,test,0,4,attention_mae_from_baseline,0.015954453498125
100,test,0,4,attention_max_abs_diff_from_baseline,0.3961272835731506
100,test,0,4,attention_cosine_to_baseline,0.9453518390655518
100,test,1,1,attention_norm_entropy_mean,0.9020890593528748
100,test,1,1,attention_mae_from_baseline,0.0889890268445015
100,test,1,1,attention_max_abs_diff_from_baseline,0.5323728322982788
100,test,1,1,attention_cosine_to_baseline,0.9596052169799804
100,test,1,2,attention_norm_entropy_mean,0.8870188593864441
100,test,1,2,attention_mae_from_baseline,0.0309889204800128
100,test,1,2,attention_max_abs_diff_from_baseline,0.5597897171974182
100,test,1,2,attention_cosine_to_baseline,0.9423779845237732
100,test,1,3,attention_norm_entropy_mean,0.9500555992126464
100,test,1,3,attention_mae_from_baseline,0.0215653050690889
100,test,1,3,attention_max_abs_diff_from_baseline,0.2062532901763916
100,test,1,3,attention_cosine_to_baseline,0.9602303504943848
100,test,1,4,attention_norm_entropy_mean,0.9132936596870422
100,test,1,4,attention_mae_from_baseline,0.043465930968523
100,test,1,4,attention_max_abs_diff_from_baseline,0.5879465341567993
100,test,1,4,attention_cosine_to_baseline,0.7152086496353149
100,test,2,1,attention_norm_entropy_mean,0.9610173106193542
100,test,2,1,attention_mae_from_baseline,0.0798437818884849
100,test,2,1,attention_max_abs_diff_from_baseline,0.4533388614654541
100,test,2,1,attention_cosine_to_baseline,0.9691148996353148
100,test,2,2,attention_norm_entropy_mean,0.9821369647979736
100,test,2,2,attention_mae_from_baseline,0.0147091848775744
100,test,2,2,attention_max_abs_diff_from_baseline,0.2965942621231079
100,test,2,2,attention_cosine_to_baseline,0.9793392419815063
100,test,2,3,attention_norm_entropy_mean,0.98118793964386
100,test,2,3,attention_mae_from_baseline,0.0178840942680835
100,test,2,3,attention_max_abs_diff_from_baseline,0.2032690048217773
100,test,2,3,attention_cosine_to_baseline,0.9675644636154176
100,test,2,4,attention_norm_entropy_mean,0.9902787804603576
100,test,2,4,attention_mae_from_baseline,0.027166249230504
100,test,2,4,attention_max_abs_diff_from_baseline,0.3064769506454468
100,test,2,4,attention_cosine_to_baseline,0.8982568383216858
100,test,3,1,attention_norm_entropy_mean,0.9724055528640748
100,test,3,1,attention_mae_from_baseline,0.0495258346199989
100,test,3,1,attention_max_abs_diff_from_baseline,0.3691610097885132
100,test,3,1,attention_cosine_to_baseline,0.9858855605125428
100,test,3,2,attention_norm_entropy_mean,0.9928645491600036
100,test,3,2,attention_mae_from_baseline,0.0097066462039947
100,test,3,2,attention_max_abs_diff_from_baseline,0.2099526524543762
100,test,3,2,attention_cosine_to_baseline,0.9914547204971312
100,test,3,3,attention_norm_entropy_mean,0.9975934624671936
100,test,3,3,attention_mae_from_baseline,0.0092645576223731
100,test,3,3,attention_max_abs_diff_from_baseline,0.1578415632247924
100,test,3,3,attention_cosine_to_baseline,0.9898661375045776
100,test,3,4,attention_norm_entropy_mean,0.9937172532081604
100,test,3,4,attention_mae_from_baseline,0.0136185949668288
100,test,3,4,attention_max_abs_diff_from_baseline,0.318528413772583
100,test,3,4,attention_cosine_to_baseline,0.965129554271698
100,test,4,1,attention_norm_entropy_mean,0.8994370698928833
100,test,4,1,attention_mae_from_baseline,0.044384978711605
100,test,4,1,attention_max_abs_diff_from_baseline,0.5079439878463745
100,test,4,1,attention_cosine_to_baseline,0.9906085133552552
100,test,4,2,attention_norm_entropy_mean,0.9935359954833984
100,test,4,2,attention_mae_from_baseline,0.0102732153609395
100,test,4,2,attention_max_abs_diff_from_baseline,0.3151775002479553
100,test,4,2,attention_cosine_to_baseline,0.9871382117271424
100,test,4,3,attention_norm_entropy_mean,0.9976842403411864
100,test,4,3,attention_mae_from_baseline,0.0059569552540779
100,test,4,3,attention_max_abs_diff_from_baseline,0.0724139213562011
100,test,4,3,attention_cosine_to_baseline,0.996201515197754
100,test,4,4,attention_norm_entropy_mean,0.997986912727356
100,test,4,4,attention_mae_from_baseline,0.0117355259135365
100,test,4,4,attention_max_abs_diff_from_baseline,0.3124367594718933
100,test,4,4,attention_cosine_to_baseline,0.9745649099349976
100,test,5,1,attention_norm_entropy_mean,0.953092634677887
100,test,5,1,attention_mae_from_baseline,0.0527756698429584
100,test,5,1,attention_max_abs_diff_from_baseline,0.372462660074234
100,test,5,1,attention_cosine_to_baseline,0.9834312200546264
100,test,5,2,attention_norm_entropy_mean,0.9956569075584412
100,test,5,2,attention_mae_from_baseline,0.0090014245361089
100,test,5,2,attention_max_abs_diff_from_baseline,0.2153900563716888
100,test,5,2,attention_cosine_to_baseline,0.9905397295951844
100,test,5,3,attention_norm_entropy_mean,0.9961577653884888
100,test,5,3,attention_mae_from_baseline,0.0079602831974625
100,test,5,3,attention_max_abs_diff_from_baseline,0.3880478739738464
100,test,5,3,attention_cosine_to_baseline,0.9819679260253906
100,test,5,4,attention_norm_entropy_mean,0.9948261976242064
100,test,5,4,attention_mae_from_baseline,0.0082412445917725
100,test,5,4,attention_max_abs_diff_from_baseline,0.1318327188491821
100,test,5,4,attention_cosine_to_baseline,0.9866324663162231
150,val,0,1,attention_norm_entropy_mean,0.9487313032150269
150,val,0,1,attention_mae_from_baseline,0.0394949950277805
150,val,0,1,attention_max_abs_diff_from_baseline,0.2345460355281829
150,val,0,1,attention_cosine_to_baseline,0.9917847514152528
150,val,0,2,attention_norm_entropy_mean,0.889255702495575
150,val,0,2,attention_mae_from_baseline,0.0288059338927268
150,val,0,2,attention_max_abs_diff_from_baseline,0.686851978302002
150,val,0,2,attention_cosine_to_baseline,0.904571771621704
150,val,0,3,attention_norm_entropy_mean,0.9446523189544678
150,val,0,3,attention_mae_from_baseline,0.0189887136220932
150,val,0,3,attention_max_abs_diff_from_baseline,0.6014214158058167
150,val,0,3,attention_cosine_to_baseline,0.9546418786048888
150,val,0,4,attention_norm_entropy_mean,0.974248468875885
150,val,0,4,attention_mae_from_baseline,0.0159755963832139
150,val,0,4,attention_max_abs_diff_from_baseline,0.3962151706218719
150,val,0,4,attention_cosine_to_baseline,0.9450775384902954
150,val,1,1,attention_norm_entropy_mean,0.9018633961677552
150,val,1,1,attention_mae_from_baseline,0.0892309322953224
150,val,1,1,attention_max_abs_diff_from_baseline,0.5318894386291504
150,val,1,1,attention_cosine_to_baseline,0.9595283269882202
150,val,1,2,attention_norm_entropy_mean,0.8869447708129883
150,val,1,2,attention_mae_from_baseline,0.0310344714671373
150,val,1,2,attention_max_abs_diff_from_baseline,0.5600614547729492
150,val,1,2,attention_cosine_to_baseline,0.9422319531440736
150,val,1,3,attention_norm_entropy_mean,0.94989675283432
150,val,1,3,attention_mae_from_baseline,0.0216418281197547
150,val,1,3,attention_max_abs_diff_from_baseline,0.211079716682434
150,val,1,3,attention_cosine_to_baseline,0.9599660634994508
150,val,1,4,attention_norm_entropy_mean,0.912187933921814
150,val,1,4,attention_mae_from_baseline,0.0435007959604263
150,val,1,4,attention_max_abs_diff_from_baseline,0.5965351462364197
150,val,1,4,attention_cosine_to_baseline,0.7128708958625793
150,val,2,1,attention_norm_entropy_mean,0.9605620503425598
150,val,2,1,attention_mae_from_baseline,0.0801282227039337
150,val,2,1,attention_max_abs_diff_from_baseline,0.4552477896213531
150,val,2,1,attention_cosine_to_baseline,0.9689035415649414
150,val,2,2,attention_norm_entropy_mean,0.9820516705513
150,val,2,2,attention_mae_from_baseline,0.0147653054445981
150,val,2,2,attention_max_abs_diff_from_baseline,0.2949698567390442
150,val,2,2,attention_cosine_to_baseline,0.979333519935608
150,val,2,3,attention_norm_entropy_mean,0.981320858001709
150,val,2,3,attention_mae_from_baseline,0.0178828444331884
150,val,2,3,attention_max_abs_diff_from_baseline,0.2019226551055908
150,val,2,3,attention_cosine_to_baseline,0.9676396250724792
150,val,2,4,attention_norm_entropy_mean,0.9901296496391296
150,val,2,4,attention_mae_from_baseline,0.0272224899381399
150,val,2,4,attention_max_abs_diff_from_baseline,0.3058904409408569
150,val,2,4,attention_cosine_to_baseline,0.8982328176498413
150,val,3,1,attention_norm_entropy_mean,0.972410261631012
150,val,3,1,attention_mae_from_baseline,0.0495080277323722
150,val,3,1,attention_max_abs_diff_from_baseline,0.3717507719993591
150,val,3,1,attention_cosine_to_baseline,0.9859042167663574
150,val,3,2,attention_norm_entropy_mean,0.9928340911865234
150,val,3,2,attention_mae_from_baseline,0.0097460113465785
150,val,3,2,attention_max_abs_diff_from_baseline,0.2127139568328857
150,val,3,2,attention_cosine_to_baseline,0.9913911819458008
150,val,3,3,attention_norm_entropy_mean,0.9975799322128296
150,val,3,3,attention_mae_from_baseline,0.0092620784416794
150,val,3,3,attention_max_abs_diff_from_baseline,0.1591590344905853
150,val,3,3,attention_cosine_to_baseline,0.989862859249115
150,val,3,4,attention_norm_entropy_mean,0.9936578273773192
150,val,3,4,attention_mae_from_baseline,0.0136446375399827
150,val,3,4,attention_max_abs_diff_from_baseline,0.3194269835948944
150,val,3,4,attention_cosine_to_baseline,0.9650610685348512
150,val,4,1,attention_norm_entropy_mean,0.8996862769126892
150,val,4,1,attention_mae_from_baseline,0.0443775206804275
150,val,4,1,attention_max_abs_diff_from_baseline,0.5098235607147217
150,val,4,1,attention_cosine_to_baseline,0.990593194961548
150,val,4,2,attention_norm_entropy_mean,0.9935653805732728
150,val,4,2,attention_mae_from_baseline,0.010276535525918
150,val,4,2,attention_max_abs_diff_from_baseline,0.3154411315917969
150,val,4,2,attention_cosine_to_baseline,0.9871336221694946
150,val,4,3,attention_norm_entropy_mean,0.9977094531059264
150,val,4,3,attention_mae_from_baseline,0.0059398426674306
150,val,4,3,attention_max_abs_diff_from_baseline,0.0725408196449279
150,val,4,3,attention_cosine_to_baseline,0.9962227940559388
150,val,4,4,attention_norm_entropy_mean,0.9979618787765504
150,val,4,4,attention_mae_from_baseline,0.0117358220741152
150,val,4,4,attention_max_abs_diff_from_baseline,0.3131164014339447
150,val,4,4,attention_cosine_to_baseline,0.9745111465454102
150,val,5,1,attention_norm_entropy_mean,0.95320862531662
150,val,5,1,attention_mae_from_baseline,0.0527343899011611
150,val,5,1,attention_max_abs_diff_from_baseline,0.3707809448242187
150,val,5,1,attention_cosine_to_baseline,0.983440101146698
150,val,5,2,attention_norm_entropy_mean,0.995672047138214
150,val,5,2,attention_mae_from_baseline,0.0089436927810311
150,val,5,2,attention_max_abs_diff_from_baseline,0.2158983200788498
150,val,5,2,attention_cosine_to_baseline,0.9906278848648072
150,val,5,3,attention_norm_entropy_mean,0.996112823486328
150,val,5,3,attention_mae_from_baseline,0.0079794656485319
150,val,5,3,attention_max_abs_diff_from_baseline,0.3888036608695984
150,val,5,3,attention_cosine_to_baseline,0.981812298297882
150,val,5,4,attention_norm_entropy_mean,0.9948189854621888
150,val,5,4,attention_mae_from_baseline,0.0082585411146283
150,val,5,4,attention_max_abs_diff_from_baseline,0.1300830841064453
150,val,5,4,attention_cosine_to_baseline,0.9867020845413208
150,test,0,1,attention_norm_entropy_mean,0.9487313032150269
150,test,0,1,attention_mae_from_baseline,0.0394949950277805
150,test,0,1,attention_max_abs_diff_from_baseline,0.2345460355281829
150,test,0,1,attention_cosine_to_baseline,0.9917847514152528
150,test,0,2,attention_norm_entropy_mean,0.889255702495575
150,test,0,2,attention_mae_from_baseline,0.0288059338927268
150,test,0,2,attention_max_abs_diff_from_baseline,0.686851978302002
150,test,0,2,attention_cosine_to_baseline,0.904571771621704
150,test,0,3,attention_norm_entropy_mean,0.9446523189544678
150,test,0,3,attention_mae_from_baseline,0.0189887136220932
150,test,0,3,attention_max_abs_diff_from_baseline,0.6014214158058167
150,test,0,3,attention_cosine_to_baseline,0.954641819000244
150,test,0,4,attention_norm_entropy_mean,0.974248468875885
150,test,0,4,attention_mae_from_baseline,0.0159755963832139
150,test,0,4,attention_max_abs_diff_from_baseline,0.3962151706218719
150,test,0,4,attention_cosine_to_baseline,0.9450775384902954
150,test,1,1,attention_norm_entropy_mean,0.9018633961677552
150,test,1,1,attention_mae_from_baseline,0.0892309471964836
150,test,1,1,attention_max_abs_diff_from_baseline,0.5318894386291504
150,test,1,1,attention_cosine_to_baseline,0.9595283269882202
150,test,1,2,attention_norm_entropy_mean,0.8869447708129883
150,test,1,2,attention_mae_from_baseline,0.0310344696044921
150,test,1,2,attention_max_abs_diff_from_baseline,0.5600613951683044
150,test,1,2,attention_cosine_to_baseline,0.9422318935394288
150,test,1,3,attention_norm_entropy_mean,0.94989675283432
150,test,1,3,attention_mae_from_baseline,0.0216418281197547
150,test,1,3,attention_max_abs_diff_from_baseline,0.2110797017812729
150,test,1,3,attention_cosine_to_baseline,0.9599661827087402
150,test,1,4,attention_norm_entropy_mean,0.912187933921814
150,test,1,4,attention_mae_from_baseline,0.0435008034110069
150,test,1,4,attention_max_abs_diff_from_baseline,0.5965351462364197
150,test,1,4,attention_cosine_to_baseline,0.7128708958625793
150,test,2,1,attention_norm_entropy_mean,0.9605620503425598
150,test,2,1,attention_mae_from_baseline,0.0801282227039337
150,test,2,1,attention_max_abs_diff_from_baseline,0.4552476704120636
150,test,2,1,attention_cosine_to_baseline,0.9689035415649414
150,test,2,2,attention_norm_entropy_mean,0.9820516705513
150,test,2,2,attention_mae_from_baseline,0.0147653054445981
150,test,2,2,attention_max_abs_diff_from_baseline,0.2949696779251098
150,test,2,2,attention_cosine_to_baseline,0.9793336391448976
150,test,2,3,attention_norm_entropy_mean,0.981320858001709
150,test,2,3,attention_mae_from_baseline,0.0178828425705432
150,test,2,3,attention_max_abs_diff_from_baseline,0.2019227147102356
150,test,2,3,attention_cosine_to_baseline,0.967639684677124
150,test,2,4,attention_norm_entropy_mean,0.9901296496391296
150,test,2,4,attention_mae_from_baseline,0.0272224880754947
150,test,2,4,attention_max_abs_diff_from_baseline,0.305890291929245
150,test,2,4,attention_cosine_to_baseline,0.8982326984405518
150,test,3,1,attention_norm_entropy_mean,0.972410261631012
150,test,3,1,attention_mae_from_baseline,0.0495080240070819
150,test,3,1,attention_max_abs_diff_from_baseline,0.3717507719993591
150,test,3,1,attention_cosine_to_baseline,0.9859042167663574
150,test,3,2,attention_norm_entropy_mean,0.9928340315818788
150,test,3,2,attention_mae_from_baseline,0.0097460122779011
150,test,3,2,attention_max_abs_diff_from_baseline,0.2127141058444976
150,test,3,2,attention_cosine_to_baseline,0.9913911819458008
150,test,3,3,attention_norm_entropy_mean,0.9975799322128296
150,test,3,3,attention_mae_from_baseline,0.0092620756477117
150,test,3,3,attention_max_abs_diff_from_baseline,0.1591589450836181
150,test,3,3,attention_cosine_to_baseline,0.9898629188537598
150,test,3,4,attention_norm_entropy_mean,0.9936578273773192
150,test,3,4,attention_mae_from_baseline,0.0136446384713053
150,test,3,4,attention_max_abs_diff_from_baseline,0.3194269835948944
150,test,3,4,attention_cosine_to_baseline,0.9650610089302064
150,test,4,1,attention_norm_entropy_mean,0.8996862769126892
150,test,4,1,attention_mae_from_baseline,0.0443775206804275
150,test,4,1,attention_max_abs_diff_from_baseline,0.5098235607147217
150,test,4,1,attention_cosine_to_baseline,0.990593194961548
150,test,4,2,attention_norm_entropy_mean,0.9935653805732728
150,test,4,2,attention_mae_from_baseline,0.0102765336632728
150,test,4,2,attention_max_abs_diff_from_baseline,0.3154411017894745
150,test,4,2,attention_cosine_to_baseline,0.9871335029602052
150,test,4,3,attention_norm_entropy_mean,0.9977094531059264
150,test,4,3,attention_mae_from_baseline,0.005939841736108
150,test,4,3,attention_max_abs_diff_from_baseline,0.0725408196449279
150,test,4,3,attention_cosine_to_baseline,0.9962227940559388
150,test,4,4,attention_norm_entropy_mean,0.9979618787765504
150,test,4,4,attention_mae_from_baseline,0.0117358220741152
150,test,4,4,attention_max_abs_diff_from_baseline,0.3131163418292999
150,test,4,4,attention_cosine_to_baseline,0.9745112657546996
150,test,5,1,attention_norm_entropy_mean,0.9532085657119752
150,test,5,1,attention_mae_from_baseline,0.0527344048023223
150,test,5,1,attention_max_abs_diff_from_baseline,0.3707810044288635
150,test,5,1,attention_cosine_to_baseline,0.983440101146698
150,test,5,2,attention_norm_entropy_mean,0.995672047138214
150,test,5,2,attention_mae_from_baseline,0.0089436918497085
150,test,5,2,attention_max_abs_diff_from_baseline,0.2158986330032348
150,test,5,2,attention_cosine_to_baseline,0.990627944469452
150,test,5,3,attention_norm_entropy_mean,0.996112823486328
150,test,5,3,attention_mae_from_baseline,0.0079794628545641
150,test,5,3,attention_max_abs_diff_from_baseline,0.3888037800788879
150,test,5,3,attention_cosine_to_baseline,0.9818124175071716
150,test,5,4,attention_norm_entropy_mean,0.9948189854621888
150,test,5,4,attention_mae_from_baseline,0.0082585411146283
150,test,5,4,attention_max_abs_diff_from_baseline,0.130082905292511
150,test,5,4,attention_cosine_to_baseline,0.9867022037506104
200,val,0,1,attention_norm_entropy_mean,0.9490401744842528
200,val,0,1,attention_mae_from_baseline,0.0393272787332534
200,val,0,1,attention_max_abs_diff_from_baseline,0.2347522675991058
200,val,0,1,attention_cosine_to_baseline,0.991836965084076
200,val,0,2,attention_norm_entropy_mean,0.888171911239624
200,val,0,2,attention_mae_from_baseline,0.0289596412330865
200,val,0,2,attention_max_abs_diff_from_baseline,0.6882352232933044
200,val,0,2,attention_cosine_to_baseline,0.9037393927574158
200,val,0,3,attention_norm_entropy_mean,0.94472074508667
200,val,0,3,attention_mae_from_baseline,0.0189638473093509
200,val,0,3,attention_max_abs_diff_from_baseline,0.6013915538787842
200,val,0,3,attention_cosine_to_baseline,0.9547029733657836
200,val,0,4,attention_norm_entropy_mean,0.9742670059204102
200,val,0,4,attention_mae_from_baseline,0.0159799940884113
200,val,0,4,attention_max_abs_diff_from_baseline,0.3970752954483032
200,val,0,4,attention_cosine_to_baseline,0.9449535012245178
200,val,1,1,attention_norm_entropy_mean,0.9018334150314332
200,val,1,1,attention_mae_from_baseline,0.0894358530640602
200,val,1,1,attention_max_abs_diff_from_baseline,0.5350924730300903
200,val,1,1,attention_cosine_to_baseline,0.9593144059181212
200,val,1,2,attention_norm_entropy_mean,0.8870931267738342
200,val,1,2,attention_mae_from_baseline,0.0310226734727621
200,val,1,2,attention_max_abs_diff_from_baseline,0.5619242191314697
200,val,1,2,attention_cosine_to_baseline,0.9422296285629272
200,val,1,3,attention_norm_entropy_mean,0.9501821398735046
200,val,1,3,attention_mae_from_baseline,0.021640233695507
200,val,1,3,attention_max_abs_diff_from_baseline,0.2128099799156189
200,val,1,3,attention_cosine_to_baseline,0.959977388381958
200,val,1,4,attention_norm_entropy_mean,0.9123873710632324
200,val,1,4,attention_mae_from_baseline,0.0435377396643161
200,val,1,4,attention_max_abs_diff_from_baseline,0.5963515639305115
200,val,1,4,attention_cosine_to_baseline,0.7127827405929565
200,val,2,1,attention_norm_entropy_mean,0.960584282875061
200,val,2,1,attention_mae_from_baseline,0.0801640152931213
200,val,2,1,attention_max_abs_diff_from_baseline,0.4565553069114685
200,val,2,1,attention_cosine_to_baseline,0.9688653945922852
200,val,2,2,attention_norm_entropy_mean,0.98204243183136
200,val,2,2,attention_mae_from_baseline,0.0147473718971014
200,val,2,2,attention_max_abs_diff_from_baseline,0.2980688810348511
200,val,2,2,attention_cosine_to_baseline,0.979357659816742
200,val,2,3,attention_norm_entropy_mean,0.9814074635505676
200,val,2,3,attention_mae_from_baseline,0.0178657658398151
200,val,2,3,attention_max_abs_diff_from_baseline,0.2017946243286132
200,val,2,3,attention_cosine_to_baseline,0.9677284955978394
200,val,2,4,attention_norm_entropy_mean,0.9902101159095764
200,val,2,4,attention_mae_from_baseline,0.0272275600582361
200,val,2,4,attention_max_abs_diff_from_baseline,0.3058297336101532
200,val,2,4,attention_cosine_to_baseline,0.8982179760932922
200,val,3,1,attention_norm_entropy_mean,0.9723054766654968
200,val,3,1,attention_mae_from_baseline,0.0495829917490482
200,val,3,1,attention_max_abs_diff_from_baseline,0.3738547563552856
200,val,3,1,attention_cosine_to_baseline,0.9858673214912416
200,val,3,2,attention_norm_entropy_mean,0.9928128719329834
200,val,3,2,attention_mae_from_baseline,0.0097335381433367
200,val,3,2,attention_max_abs_diff_from_baseline,0.2127047777175903
200,val,3,2,attention_cosine_to_baseline,0.9914004802703856
200,val,3,3,attention_norm_entropy_mean,0.997584104537964
200,val,3,3,attention_mae_from_baseline,0.0092594884335994
200,val,3,3,attention_max_abs_diff_from_baseline,0.1597822308540344
200,val,3,3,attention_cosine_to_baseline,0.9898714423179626
200,val,3,4,attention_norm_entropy_mean,0.99361389875412
200,val,3,4,attention_mae_from_baseline,0.0136526394635438
200,val,3,4,attention_max_abs_diff_from_baseline,0.3196510970592499
200,val,3,4,attention_cosine_to_baseline,0.965017557144165
200,val,4,1,attention_norm_entropy_mean,0.8999956250190735
200,val,4,1,attention_mae_from_baseline,0.0444382466375827
200,val,4,1,attention_max_abs_diff_from_baseline,0.5104446411132812
200,val,4,1,attention_cosine_to_baseline,0.9905898571014404
200,val,4,2,attention_norm_entropy_mean,0.9935406446456908
200,val,4,2,attention_mae_from_baseline,0.0102624855935573
200,val,4,2,attention_max_abs_diff_from_baseline,0.3166844248771667
200,val,4,2,attention_cosine_to_baseline,0.9870837926864624
200,val,4,3,attention_norm_entropy_mean,0.9977181553840636
200,val,4,3,attention_mae_from_baseline,0.0059387180954217
200,val,4,3,attention_max_abs_diff_from_baseline,0.0725742280483245
200,val,4,3,attention_cosine_to_baseline,0.9962233901023864
200,val,4,4,attention_norm_entropy_mean,0.9979636073112488
200,val,4,4,attention_mae_from_baseline,0.0117331240326166
200,val,4,4,attention_max_abs_diff_from_baseline,0.3135857284069061
200,val,4,4,attention_cosine_to_baseline,0.9745123386383056
200,val,5,1,attention_norm_entropy_mean,0.9534261226654052
200,val,5,1,attention_mae_from_baseline,0.0525617152452468
200,val,5,1,attention_max_abs_diff_from_baseline,0.3677143156528473
200,val,5,1,attention_cosine_to_baseline,0.9835087060928344
200,val,5,2,attention_norm_entropy_mean,0.9956900477409364
200,val,5,2,attention_mae_from_baseline,0.0089313443750143
200,val,5,2,attention_max_abs_diff_from_baseline,0.2161592841148376
200,val,5,2,attention_cosine_to_baseline,0.9906426668167114
200,val,5,3,attention_norm_entropy_mean,0.996112823486328
200,val,5,3,attention_mae_from_baseline,0.0079852184280753
200,val,5,3,attention_max_abs_diff_from_baseline,0.3865984678268432
200,val,5,3,attention_cosine_to_baseline,0.9818694591522216
200,val,5,4,attention_norm_entropy_mean,0.9948521256446838
200,val,5,4,attention_mae_from_baseline,0.0082383872941136
200,val,5,4,attention_max_abs_diff_from_baseline,0.1295659244060516
200,val,5,4,attention_cosine_to_baseline,0.9867812395095824
200,test,0,1,attention_norm_entropy_mean,0.9490401744842528
200,test,0,1,attention_mae_from_baseline,0.0393272787332534
200,test,0,1,attention_max_abs_diff_from_baseline,0.2347522675991058
200,test,0,1,attention_cosine_to_baseline,0.991836965084076
200,test,0,2,attention_norm_entropy_mean,0.888171911239624
200,test,0,2,attention_mae_from_baseline,0.0289596412330865
200,test,0,2,attention_max_abs_diff_from_baseline,0.6882352232933044
200,test,0,2,attention_cosine_to_baseline,0.9037393927574158
200,test,0,3,attention_norm_entropy_mean,0.94472074508667
200,test,0,3,attention_mae_from_baseline,0.0189638473093509
200,test,0,3,attention_max_abs_diff_from_baseline,0.6013915538787842
200,test,0,3,attention_cosine_to_baseline,0.9547029733657836
200,test,0,4,attention_norm_entropy_mean,0.9742670059204102
200,test,0,4,attention_mae_from_baseline,0.0159799940884113
200,test,0,4,attention_max_abs_diff_from_baseline,0.3970752954483032
200,test,0,4,attention_cosine_to_baseline,0.9449535012245178
200,test,1,1,attention_norm_entropy_mean,0.9018334150314332
200,test,1,1,attention_mae_from_baseline,0.0894358530640602
200,test,1,1,attention_max_abs_diff_from_baseline,0.5350924730300903
200,test,1,1,attention_cosine_to_baseline,0.959314465522766
200,test,1,2,attention_norm_entropy_mean,0.8870930671691895
200,test,1,2,attention_mae_from_baseline,0.0310226734727621
200,test,1,2,attention_max_abs_diff_from_baseline,0.5619242191314697
200,test,1,2,attention_cosine_to_baseline,0.9422296285629272
200,test,1,3,attention_norm_entropy_mean,0.9501821398735046
200,test,1,3,attention_mae_from_baseline,0.021640233695507
200,test,1,3,attention_max_abs_diff_from_baseline,0.2128099948167801
200,test,1,3,attention_cosine_to_baseline,0.959977388381958
200,test,1,4,attention_norm_entropy_mean,0.9123874306678772
200,test,1,4,attention_mae_from_baseline,0.0435377471148967
200,test,1,4,attention_max_abs_diff_from_baseline,0.5963515639305115
200,test,1,4,attention_cosine_to_baseline,0.7127826809883118
200,test,2,1,attention_norm_entropy_mean,0.960584282875061
200,test,2,1,attention_mae_from_baseline,0.0801640227437019
200,test,2,1,attention_max_abs_diff_from_baseline,0.4565552473068237
200,test,2,1,attention_cosine_to_baseline,0.9688653945922852
200,test,2,2,attention_norm_entropy_mean,0.98204243183136
200,test,2,2,attention_mae_from_baseline,0.0147473746910691
200,test,2,2,attention_max_abs_diff_from_baseline,0.2980688810348511
200,test,2,2,attention_cosine_to_baseline,0.979357659816742
200,test,2,3,attention_norm_entropy_mean,0.9814074635505676
200,test,2,3,attention_mae_from_baseline,0.0178657639771699
200,test,2,3,attention_max_abs_diff_from_baseline,0.2017946243286132
200,test,2,3,attention_cosine_to_baseline,0.9677284955978394
200,test,2,4,attention_norm_entropy_mean,0.9902101159095764
200,test,2,4,attention_mae_from_baseline,0.0272275581955909
200,test,2,4,attention_max_abs_diff_from_baseline,0.305829644203186
200,test,2,4,attention_cosine_to_baseline,0.8982177972793579
200,test,3,1,attention_norm_entropy_mean,0.9723054766654968
200,test,3,1,attention_mae_from_baseline,0.0495829842984676
200,test,3,1,attention_max_abs_diff_from_baseline,0.373854786157608
200,test,3,1,attention_cosine_to_baseline,0.9858672618865968
200,test,3,2,attention_norm_entropy_mean,0.9928129315376282
200,test,3,2,attention_mae_from_baseline,0.009733541868627
200,test,3,2,attention_max_abs_diff_from_baseline,0.2127048969268798
200,test,3,2,attention_cosine_to_baseline,0.9914004802703856
200,test,3,3,attention_norm_entropy_mean,0.997584104537964
200,test,3,3,attention_mae_from_baseline,0.0092594856396317
200,test,3,3,attention_max_abs_diff_from_baseline,0.1597822308540344
200,test,3,3,attention_cosine_to_baseline,0.9898715615272522
200,test,3,4,attention_norm_entropy_mean,0.99361389875412
200,test,3,4,attention_mae_from_baseline,0.0136526385322213
200,test,3,4,attention_max_abs_diff_from_baseline,0.3196511268615722
200,test,3,4,attention_cosine_to_baseline,0.9650174975395204
200,test,4,1,attention_norm_entropy_mean,0.8999955058097839
200,test,4,1,attention_mae_from_baseline,0.0444382354617118
200,test,4,1,attention_max_abs_diff_from_baseline,0.510444700717926
200,test,4,1,attention_cosine_to_baseline,0.9905900359153748
200,test,4,2,attention_norm_entropy_mean,0.9935406446456908
200,test,4,2,attention_mae_from_baseline,0.0102624874562025
200,test,4,2,attention_max_abs_diff_from_baseline,0.3166844248771667
200,test,4,2,attention_cosine_to_baseline,0.9870837926864624
200,test,4,3,attention_norm_entropy_mean,0.9977181553840636
200,test,4,3,attention_mae_from_baseline,0.0059387176297605
200,test,4,3,attention_max_abs_diff_from_baseline,0.0725742578506469
200,test,4,3,attention_cosine_to_baseline,0.9962233901023864
200,test,4,4,attention_norm_entropy_mean,0.9979636073112488
200,test,4,4,attention_mae_from_baseline,0.0117331240326166
200,test,4,4,attention_max_abs_diff_from_baseline,0.3135856389999389
200,test,4,4,attention_cosine_to_baseline,0.97451251745224
200,test,5,1,attention_norm_entropy_mean,0.9534260630607604
200,test,5,1,attention_mae_from_baseline,0.0525617487728595
200,test,5,1,attention_max_abs_diff_from_baseline,0.3677142262458801
200,test,5,1,attention_cosine_to_baseline,0.9835087060928344
200,test,5,2,attention_norm_entropy_mean,0.9956900477409364
200,test,5,2,attention_mae_from_baseline,0.0089313443750143
200,test,5,2,attention_max_abs_diff_from_baseline,0.2161594033241272
200,test,5,2,attention_cosine_to_baseline,0.9906426668167114
200,test,5,3,attention_norm_entropy_mean,0.996112823486328
200,test,5,3,attention_mae_from_baseline,0.0079852174967527
200,test,5,3,attention_max_abs_diff_from_baseline,0.3865984082221985
200,test,5,3,attention_cosine_to_baseline,0.9818695783615112
200,test,5,4,attention_norm_entropy_mean,0.9948521256446838
200,test,5,4,attention_mae_from_baseline,0.0082383891567587
200,test,5,4,attention_max_abs_diff_from_baseline,0.1295657157897949
200,test,5,4,attention_cosine_to_baseline,0.9867812395095824
250,val,0,1,attention_norm_entropy_mean,0.9489423036575316
250,val,0,1,attention_mae_from_baseline,0.0393732264637947
250,val,0,1,attention_max_abs_diff_from_baseline,0.2349999845027923
250,val,0,1,attention_cosine_to_baseline,0.9918265342712402
250,val,0,2,attention_norm_entropy_mean,0.8869975805282593
250,val,0,2,attention_mae_from_baseline,0.0291039831936359
250,val,0,2,attention_max_abs_diff_from_baseline,0.6895373463630676
250,val,0,2,attention_cosine_to_baseline,0.902726113796234
250,val,0,3,attention_norm_entropy_mean,0.9447665810585022
250,val,0,3,attention_mae_from_baseline,0.0189706422388553
250,val,0,3,attention_max_abs_diff_from_baseline,0.6013898849487305
250,val,0,3,attention_cosine_to_baseline,0.9547075629234314
250,val,0,4,attention_norm_entropy_mean,0.9743072390556335
250,val,0,4,attention_mae_from_baseline,0.0159698836505413
250,val,0,4,attention_max_abs_diff_from_baseline,0.3992735147476196
250,val,0,4,attention_cosine_to_baseline,0.944973647594452
250,val,1,1,attention_norm_entropy_mean,0.9032577872276306
250,val,1,1,attention_mae_from_baseline,0.0888857915997505
250,val,1,1,attention_max_abs_diff_from_baseline,0.5340994000434875
250,val,1,1,attention_cosine_to_baseline,0.959562361240387
250,val,1,2,attention_norm_entropy_mean,0.8876473903656006
250,val,1,2,attention_mae_from_baseline,0.031064998358488
250,val,1,2,attention_max_abs_diff_from_baseline,0.5619126558303833
250,val,1,2,attention_cosine_to_baseline,0.9421775341033936
250,val,1,3,attention_norm_entropy_mean,0.9502534866333008
250,val,1,3,attention_mae_from_baseline,0.0216417629271745
250,val,1,3,attention_max_abs_diff_from_baseline,0.2098726630210876
250,val,1,3,attention_cosine_to_baseline,0.9600589275360109
250,val,1,4,attention_norm_entropy_mean,0.9125088453292848
250,val,1,4,attention_mae_from_baseline,0.0435845702886581
250,val,1,4,attention_max_abs_diff_from_baseline,0.5934242606163025
250,val,1,4,attention_cosine_to_baseline,0.7131802439689636
250,val,2,1,attention_norm_entropy_mean,0.96025550365448
250,val,2,1,attention_mae_from_baseline,0.080186516046524
250,val,2,1,attention_max_abs_diff_from_baseline,0.4571135342121124
250,val,2,1,attention_cosine_to_baseline,0.9688497185707092
250,val,2,2,attention_norm_entropy_mean,0.9819484949111938
250,val,2,2,attention_mae_from_baseline,0.0147199966013431
250,val,2,2,attention_max_abs_diff_from_baseline,0.2971097230911255
250,val,2,2,attention_cosine_to_baseline,0.9794934988021852
250,val,2,3,attention_norm_entropy_mean,0.98138427734375
250,val,2,3,attention_mae_from_baseline,0.0178745221346616
250,val,2,3,attention_max_abs_diff_from_baseline,0.2013581395149231
250,val,2,3,attention_cosine_to_baseline,0.96771639585495
250,val,2,4,attention_norm_entropy_mean,0.99024760723114
250,val,2,4,attention_mae_from_baseline,0.0272468477487564
250,val,2,4,attention_max_abs_diff_from_baseline,0.3065701425075531
250,val,2,4,attention_cosine_to_baseline,0.897924542427063
250,val,3,1,attention_norm_entropy_mean,0.9721527099609376
250,val,3,1,attention_mae_from_baseline,0.0496244840323925
250,val,3,1,attention_max_abs_diff_from_baseline,0.3715787529945373
250,val,3,1,attention_cosine_to_baseline,0.985884964466095
250,val,3,2,attention_norm_entropy_mean,0.992769718170166
250,val,3,2,attention_mae_from_baseline,0.0097112022340297
250,val,3,2,attention_max_abs_diff_from_baseline,0.2126224935054779
250,val,3,2,attention_cosine_to_baseline,0.991413712501526
250,val,3,3,attention_norm_entropy_mean,0.997578501701355
250,val,3,3,attention_mae_from_baseline,0.0092566972598433
250,val,3,3,attention_max_abs_diff_from_baseline,0.159321129322052
250,val,3,3,attention_cosine_to_baseline,0.9899100661277772
250,val,3,4,attention_norm_entropy_mean,0.993574857711792
250,val,3,4,attention_mae_from_baseline,0.0136620784178376
250,val,3,4,attention_max_abs_diff_from_baseline,0.3196691274642944
250,val,3,4,attention_cosine_to_baseline,0.9650111198425292
250,val,4,1,attention_norm_entropy_mean,0.9000095129013062
250,val,4,1,attention_mae_from_baseline,0.0444042533636093
250,val,4,1,attention_max_abs_diff_from_baseline,0.5107781887054443
250,val,4,1,attention_cosine_to_baseline,0.9906010627746582
250,val,4,2,attention_norm_entropy_mean,0.9935285449028016
250,val,4,2,attention_mae_from_baseline,0.0102747976779937
250,val,4,2,attention_max_abs_diff_from_baseline,0.3159043192863464
250,val,4,2,attention_cosine_to_baseline,0.9870916604995728
250,val,4,3,attention_norm_entropy_mean,0.9977090358734132
250,val,4,3,attention_mae_from_baseline,0.0059545757248997
250,val,4,3,attention_max_abs_diff_from_baseline,0.072546362876892
250,val,4,3,attention_cosine_to_baseline,0.996202826499939
250,val,4,4,attention_norm_entropy_mean,0.9979581236839294
250,val,4,4,attention_mae_from_baseline,0.0117541374638676
250,val,4,4,attention_max_abs_diff_from_baseline,0.3132045865058899
250,val,4,4,attention_cosine_to_baseline,0.9744692444801332
250,val,5,1,attention_norm_entropy_mean,0.9534439444541932
250,val,5,1,attention_mae_from_baseline,0.0525136962532997
250,val,5,1,attention_max_abs_diff_from_baseline,0.3673250079154968
250,val,5,1,attention_cosine_to_baseline,0.9835424423217772
250,val,5,2,attention_norm_entropy_mean,0.9956491589546204
250,val,5,2,attention_mae_from_baseline,0.0089361555874347
250,val,5,2,attention_max_abs_diff_from_baseline,0.2156502157449722
250,val,5,2,attention_cosine_to_baseline,0.9906542897224426
250,val,5,3,attention_norm_entropy_mean,0.996132791042328
250,val,5,3,attention_mae_from_baseline,0.0079820966348052
250,val,5,3,attention_max_abs_diff_from_baseline,0.3860799074172973
250,val,5,3,attention_cosine_to_baseline,0.9819085001945496
250,val,5,4,attention_norm_entropy_mean,0.994912564754486
250,val,5,4,attention_mae_from_baseline,0.0082109989598393
250,val,5,4,attention_max_abs_diff_from_baseline,0.1283401250839233
250,val,5,4,attention_cosine_to_baseline,0.9869006872177124
250,test,0,1,attention_norm_entropy_mean,0.9489423036575316
250,test,0,1,attention_mae_from_baseline,0.0393732264637947
250,test,0,1,attention_max_abs_diff_from_baseline,0.2349999845027923
250,test,0,1,attention_cosine_to_baseline,0.9918265342712402
250,test,0,2,attention_norm_entropy_mean,0.8869975805282593
250,test,0,2,attention_mae_from_baseline,0.0291039831936359
250,test,0,2,attention_max_abs_diff_from_baseline,0.6895373463630676
250,test,0,2,attention_cosine_to_baseline,0.902726113796234
250,test,0,3,attention_norm_entropy_mean,0.9447665810585022
250,test,0,3,attention_mae_from_baseline,0.0189706422388553
250,test,0,3,attention_max_abs_diff_from_baseline,0.6013898849487305
250,test,0,3,attention_cosine_to_baseline,0.9547075629234314
250,test,0,4,attention_norm_entropy_mean,0.9743072390556335
250,test,0,4,attention_mae_from_baseline,0.0159698836505413
250,test,0,4,attention_max_abs_diff_from_baseline,0.3992735147476196
250,test,0,4,attention_cosine_to_baseline,0.944973647594452
250,test,1,1,attention_norm_entropy_mean,0.9032577872276306
250,test,1,1,attention_mae_from_baseline,0.0888857990503311
250,test,1,1,attention_max_abs_diff_from_baseline,0.5340994000434875
250,test,1,1,attention_cosine_to_baseline,0.959562361240387
250,test,1,2,attention_norm_entropy_mean,0.8876473903656006
250,test,1,2,attention_mae_from_baseline,0.031064998358488
250,test,1,2,attention_max_abs_diff_from_baseline,0.5619127154350281
250,test,1,2,attention_cosine_to_baseline,0.9421776533126832
250,test,1,3,attention_norm_entropy_mean,0.9502534866333008
250,test,1,3,attention_mae_from_baseline,0.0216417629271745
250,test,1,3,attention_max_abs_diff_from_baseline,0.2098726034164428
250,test,1,3,attention_cosine_to_baseline,0.960058867931366
250,test,1,4,attention_norm_entropy_mean,0.9125088453292848
250,test,1,4,attention_mae_from_baseline,0.0435845702886581
250,test,1,4,attention_max_abs_diff_from_baseline,0.5934240818023682
250,test,1,4,attention_cosine_to_baseline,0.7131802439689636
250,test,2,1,attention_norm_entropy_mean,0.96025550365448
250,test,2,1,attention_mae_from_baseline,0.0801865085959434
250,test,2,1,attention_max_abs_diff_from_baseline,0.45711350440979
250,test,2,1,attention_cosine_to_baseline,0.9688498377799988
250,test,2,2,attention_norm_entropy_mean,0.9819484949111938
250,test,2,2,attention_mae_from_baseline,0.0147199966013431
250,test,2,2,attention_max_abs_diff_from_baseline,0.2971097826957702
250,test,2,2,attention_cosine_to_baseline,0.9794934988021852
250,test,2,3,attention_norm_entropy_mean,0.98138427734375
250,test,2,3,attention_mae_from_baseline,0.0178745202720165
250,test,2,3,attention_max_abs_diff_from_baseline,0.2013580203056335
250,test,2,3,attention_cosine_to_baseline,0.96771639585495
250,test,2,4,attention_norm_entropy_mean,0.99024760723114
250,test,2,4,attention_mae_from_baseline,0.0272468458861112
250,test,2,4,attention_max_abs_diff_from_baseline,0.3065701127052307
250,test,2,4,attention_cosine_to_baseline,0.8979244232177734
250,test,3,1,attention_norm_entropy_mean,0.9721527099609376
250,test,3,1,attention_mae_from_baseline,0.0496244803071022
250,test,3,1,attention_max_abs_diff_from_baseline,0.3715788125991821
250,test,3,1,attention_cosine_to_baseline,0.9858849048614502
250,test,3,2,attention_norm_entropy_mean,0.9927695393562316
250,test,3,2,attention_mae_from_baseline,0.0097112040966749
250,test,3,2,attention_max_abs_diff_from_baseline,0.2126226425170898
250,test,3,2,attention_cosine_to_baseline,0.9914138317108154
250,test,3,3,attention_norm_entropy_mean,0.997578501701355
250,test,3,3,attention_mae_from_baseline,0.009256693534553
250,test,3,3,attention_max_abs_diff_from_baseline,0.1593210697174072
250,test,3,3,attention_cosine_to_baseline,0.989910125732422
250,test,3,4,attention_norm_entropy_mean,0.993574857711792
250,test,3,4,attention_mae_from_baseline,0.0136620784178376
250,test,3,4,attention_max_abs_diff_from_baseline,0.319669097661972
250,test,3,4,attention_cosine_to_baseline,0.9650111198425292
250,test,4,1,attention_norm_entropy_mean,0.9000095129013062
250,test,4,1,attention_mae_from_baseline,0.0444042608141899
250,test,4,1,attention_max_abs_diff_from_baseline,0.5107782483100891
250,test,4,1,attention_cosine_to_baseline,0.9906011819839478
250,test,4,2,attention_norm_entropy_mean,0.9935284852981568
250,test,4,2,attention_mae_from_baseline,0.0102747986093163
250,test,4,2,attention_max_abs_diff_from_baseline,0.3159043490886688
250,test,4,2,attention_cosine_to_baseline,0.987091600894928
250,test,4,3,attention_norm_entropy_mean,0.9977090358734132
250,test,4,3,attention_mae_from_baseline,0.0059545747935771
250,test,4,3,attention_max_abs_diff_from_baseline,0.0725462734699249
250,test,4,3,attention_cosine_to_baseline,0.996202826499939
250,test,4,4,attention_norm_entropy_mean,0.9979581236839294
250,test,4,4,attention_mae_from_baseline,0.0117541383951902
250,test,4,4,attention_max_abs_diff_from_baseline,0.3132045269012451
250,test,4,4,attention_cosine_to_baseline,0.9744691848754884
250,test,5,1,attention_norm_entropy_mean,0.9534439444541932
250,test,5,1,attention_mae_from_baseline,0.0525137074291706
250,test,5,1,attention_max_abs_diff_from_baseline,0.3673250675201416
250,test,5,1,attention_cosine_to_baseline,0.9835424423217772
250,test,5,2,attention_norm_entropy_mean,0.9956491589546204
250,test,5,2,attention_mae_from_baseline,0.0089361537247896
250,test,5,2,attention_max_abs_diff_from_baseline,0.2156504094600677
250,test,5,2,attention_cosine_to_baseline,0.9906542897224426
250,test,5,3,attention_norm_entropy_mean,0.996132791042328
250,test,5,3,attention_mae_from_baseline,0.0079820975661277
250,test,5,3,attention_max_abs_diff_from_baseline,0.3860800862312317
250,test,5,3,attention_cosine_to_baseline,0.9819087386131288
250,test,5,4,attention_norm_entropy_mean,0.994912564754486
250,test,5,4,attention_mae_from_baseline,0.0082110008224844
250,test,5,4,attention_max_abs_diff_from_baseline,0.1283398270606994
250,test,5,4,attention_cosine_to_baseline,0.9869008660316468
300,val,0,1,attention_norm_entropy_mean,0.9487550854682922
300,val,0,1,attention_mae_from_baseline,0.0394428335130214
300,val,0,1,attention_max_abs_diff_from_baseline,0.2359183728694915
300,val,0,1,attention_cosine_to_baseline,0.9917987585067748
300,val,0,2,attention_norm_entropy_mean,0.8864328265190125
300,val,0,2,attention_mae_from_baseline,0.0291778557002544
300,val,0,2,attention_max_abs_diff_from_baseline,0.6913031935691833
300,val,0,2,attention_cosine_to_baseline,0.9022468328475952
300,val,0,3,attention_norm_entropy_mean,0.9447554349899292
300,val,0,3,attention_mae_from_baseline,0.0189795698970556
300,val,0,3,attention_max_abs_diff_from_baseline,0.6013908386230469
300,val,0,3,attention_cosine_to_baseline,0.9546876549720764
300,val,0,4,attention_norm_entropy_mean,0.9744953513145448
300,val,0,4,attention_mae_from_baseline,0.0159414056688547
300,val,0,4,attention_max_abs_diff_from_baseline,0.3956085741519928
300,val,0,4,attention_cosine_to_baseline,0.945448875427246
300,val,1,1,attention_norm_entropy_mean,0.9046486020088196
300,val,1,1,attention_mae_from_baseline,0.0882094874978065
300,val,1,1,attention_max_abs_diff_from_baseline,0.5311073064804077
300,val,1,1,attention_cosine_to_baseline,0.9599561095237732
300,val,1,2,attention_norm_entropy_mean,0.8874130249023438
300,val,1,2,attention_mae_from_baseline,0.0310633406043052
300,val,1,2,attention_max_abs_diff_from_baseline,0.563111424446106
300,val,1,2,attention_cosine_to_baseline,0.9421515464782716
300,val,1,3,attention_norm_entropy_mean,0.949910044670105
300,val,1,3,attention_mae_from_baseline,0.0216453820466995
300,val,1,3,attention_max_abs_diff_from_baseline,0.2076562047004699
300,val,1,3,attention_cosine_to_baseline,0.9600709676742554
300,val,1,4,attention_norm_entropy_mean,0.912515103816986
300,val,1,4,attention_mae_from_baseline,0.0435457415878772
300,val,1,4,attention_max_abs_diff_from_baseline,0.5946943759918213
300,val,1,4,attention_cosine_to_baseline,0.7131751179695129
300,val,2,1,attention_norm_entropy_mean,0.9606457352638244
300,val,2,1,attention_mae_from_baseline,0.0800177901983261
300,val,2,1,attention_max_abs_diff_from_baseline,0.456156849861145
300,val,2,1,attention_cosine_to_baseline,0.9689304232597352
300,val,2,2,attention_norm_entropy_mean,0.9819990992546082
300,val,2,2,attention_mae_from_baseline,0.0146940741688013
300,val,2,2,attention_max_abs_diff_from_baseline,0.2973108887672424
300,val,2,2,attention_cosine_to_baseline,0.9795421361923218
300,val,2,3,attention_norm_entropy_mean,0.981445014476776
300,val,2,3,attention_mae_from_baseline,0.0178548954427242
300,val,2,3,attention_max_abs_diff_from_baseline,0.2029759883880615
300,val,2,3,attention_cosine_to_baseline,0.9677172303199768
300,val,2,4,attention_norm_entropy_mean,0.990220308303833
300,val,2,4,attention_mae_from_baseline,0.0272579658776521
300,val,2,4,attention_max_abs_diff_from_baseline,0.3071420788764953
300,val,2,4,attention_cosine_to_baseline,0.897822916507721
300,val,3,1,attention_norm_entropy_mean,0.9721802473068236
300,val,3,1,attention_mae_from_baseline,0.0495693869888782
300,val,3,1,attention_max_abs_diff_from_baseline,0.3699384331703186
300,val,3,1,attention_cosine_to_baseline,0.9859040379524232
300,val,3,2,attention_norm_entropy_mean,0.9927920699119568
300,val,3,2,attention_mae_from_baseline,0.0097131403163075
300,val,3,2,attention_max_abs_diff_from_baseline,0.2097152769565582
300,val,3,2,attention_cosine_to_baseline,0.9914923906326294
300,val,3,3,attention_norm_entropy_mean,0.9975970983505248
300,val,3,3,attention_mae_from_baseline,0.0092530576512217
300,val,3,3,attention_max_abs_diff_from_baseline,0.1586163640022277
300,val,3,3,attention_cosine_to_baseline,0.9899253845214844
300,val,3,4,attention_norm_entropy_mean,0.99354887008667
300,val,3,4,attention_mae_from_baseline,0.013665716163814
300,val,3,4,attention_max_abs_diff_from_baseline,0.3192752003669739
300,val,3,4,attention_cosine_to_baseline,0.9650664329528807
300,val,4,1,attention_norm_entropy_mean,0.9000802040100098
300,val,4,1,attention_mae_from_baseline,0.0444302037358284
300,val,4,1,attention_max_abs_diff_from_baseline,0.5110944509506226
300,val,4,1,attention_cosine_to_baseline,0.9905874729156494
300,val,4,2,attention_norm_entropy_mean,0.9935077428817748
300,val,4,2,attention_mae_from_baseline,0.0102791851386427
300,val,4,2,attention_max_abs_diff_from_baseline,0.3161356449127197
300,val,4,2,attention_cosine_to_baseline,0.9870664477348328
300,val,4,3,attention_norm_entropy_mean,0.9976928234100342
300,val,4,3,attention_mae_from_baseline,0.0059711243957281
300,val,4,3,attention_max_abs_diff_from_baseline,0.0724986791610717
300,val,4,3,attention_cosine_to_baseline,0.9961894750595092
300,val,4,4,attention_norm_entropy_mean,0.9979621767997742
300,val,4,4,attention_mae_from_baseline,0.0117617174983024
300,val,4,4,attention_max_abs_diff_from_baseline,0.3128679990768432
300,val,4,4,attention_cosine_to_baseline,0.9744575619697572
300,val,5,1,attention_norm_entropy_mean,0.9540122747421264
300,val,5,1,attention_mae_from_baseline,0.0523044168949127
300,val,5,1,attention_max_abs_diff_from_baseline,0.3657096922397613
300,val,5,1,attention_cosine_to_baseline,0.9837165474891664
300,val,5,2,attention_norm_entropy_mean,0.9956576228141784
300,val,5,2,attention_mae_from_baseline,0.0089602917432785
300,val,5,2,attention_max_abs_diff_from_baseline,0.2164213061332702
300,val,5,2,attention_cosine_to_baseline,0.9905990362167358
300,val,5,3,attention_norm_entropy_mean,0.9961392879486084
300,val,5,3,attention_mae_from_baseline,0.0079780723899602
300,val,5,3,attention_max_abs_diff_from_baseline,0.3866657614707947
300,val,5,3,attention_cosine_to_baseline,0.9818946123123168
300,val,5,4,attention_norm_entropy_mean,0.9949535131454468
300,val,5,4,attention_mae_from_baseline,0.0081909541040658
300,val,5,4,attention_max_abs_diff_from_baseline,0.1281556189060211
300,val,5,4,attention_cosine_to_baseline,0.986951231956482
300,test,0,1,attention_norm_entropy_mean,0.9487550854682922
300,test,0,1,attention_mae_from_baseline,0.0394428335130214
300,test,0,1,attention_max_abs_diff_from_baseline,0.2359183728694915
300,test,0,1,attention_cosine_to_baseline,0.9917987585067748
300,test,0,2,attention_norm_entropy_mean,0.8864328265190125
300,test,0,2,attention_mae_from_baseline,0.0291778557002544
300,test,0,2,attention_max_abs_diff_from_baseline,0.6913031935691833
300,test,0,2,attention_cosine_to_baseline,0.9022468328475952
300,test,0,3,attention_norm_entropy_mean,0.9447554349899292
300,test,0,3,attention_mae_from_baseline,0.0189795698970556
300,test,0,3,attention_max_abs_diff_from_baseline,0.6013908386230469
300,test,0,3,attention_cosine_to_baseline,0.9546876549720764
300,test,0,4,attention_norm_entropy_mean,0.9744953513145448
300,test,0,4,attention_mae_from_baseline,0.0159414056688547
300,test,0,4,attention_max_abs_diff_from_baseline,0.3956085741519928
300,test,0,4,attention_cosine_to_baseline,0.945448875427246
300,test,1,1,attention_norm_entropy_mean,0.9046486020088196
300,test,1,1,attention_mae_from_baseline,0.0882094949483871
300,test,1,1,attention_max_abs_diff_from_baseline,0.5311073064804077
300,test,1,1,attention_cosine_to_baseline,0.9599561095237732
300,test,1,2,attention_norm_entropy_mean,0.887412965297699
300,test,1,2,attention_mae_from_baseline,0.0310633424669504
300,test,1,2,attention_max_abs_diff_from_baseline,0.5631115436553955
300,test,1,2,attention_cosine_to_baseline,0.9421515464782716
300,test,1,3,attention_norm_entropy_mean,0.949910044670105
300,test,1,3,attention_mae_from_baseline,0.0216453820466995
300,test,1,3,attention_max_abs_diff_from_baseline,0.2076561450958252
300,test,1,3,attention_cosine_to_baseline,0.9600709676742554
300,test,1,4,attention_norm_entropy_mean,0.912515103816986
300,test,1,4,attention_mae_from_baseline,0.0435457415878772
300,test,1,4,attention_max_abs_diff_from_baseline,0.5946943759918213
300,test,1,4,attention_cosine_to_baseline,0.7131751179695129
300,test,2,1,attention_norm_entropy_mean,0.9606457352638244
300,test,2,1,attention_mae_from_baseline,0.0800178050994873
300,test,2,1,attention_max_abs_diff_from_baseline,0.4561569094657898
300,test,2,1,attention_cosine_to_baseline,0.9689304232597352
300,test,2,2,attention_norm_entropy_mean,0.9819990992546082
300,test,2,2,attention_mae_from_baseline,0.014694076962769
300,test,2,2,attention_max_abs_diff_from_baseline,0.297311007976532
300,test,2,2,attention_cosine_to_baseline,0.979542315006256
300,test,2,3,attention_norm_entropy_mean,0.981445014476776
300,test,2,3,attention_mae_from_baseline,0.0178548917174339
300,test,2,3,attention_max_abs_diff_from_baseline,0.2029759883880615
300,test,2,3,attention_cosine_to_baseline,0.9677174091339112
300,test,2,4,attention_norm_entropy_mean,0.990220308303833
300,test,2,4,attention_mae_from_baseline,0.027257964015007
300,test,2,4,attention_max_abs_diff_from_baseline,0.307141900062561
300,test,2,4,attention_cosine_to_baseline,0.8978228569030762
300,test,3,1,attention_norm_entropy_mean,0.9721802473068236
300,test,3,1,attention_mae_from_baseline,0.0495693907141685
300,test,3,1,attention_max_abs_diff_from_baseline,0.3699385523796081
300,test,3,1,attention_cosine_to_baseline,0.9859039783477784
300,test,3,2,attention_norm_entropy_mean,0.9927920699119568
300,test,3,2,attention_mae_from_baseline,0.0097131384536623
300,test,3,2,attention_max_abs_diff_from_baseline,0.209715336561203
300,test,3,2,attention_cosine_to_baseline,0.991492509841919
300,test,3,3,attention_norm_entropy_mean,0.9975970983505248
300,test,3,3,attention_mae_from_baseline,0.0092530557885766
300,test,3,3,attention_max_abs_diff_from_baseline,0.1586163640022277
300,test,3,3,attention_cosine_to_baseline,0.989925503730774
300,test,3,4,attention_norm_entropy_mean,0.99354887008667
300,test,3,4,attention_mae_from_baseline,0.0136657124385237
300,test,3,4,attention_max_abs_diff_from_baseline,0.3192751705646515
300,test,3,4,attention_cosine_to_baseline,0.9650664329528807
300,test,4,1,attention_norm_entropy_mean,0.9000802040100098
300,test,4,1,attention_mae_from_baseline,0.0444301888346672
300,test,4,1,attention_max_abs_diff_from_baseline,0.5110945105552673
300,test,4,1,attention_cosine_to_baseline,0.990587592124939
300,test,4,2,attention_norm_entropy_mean,0.9935077428817748
300,test,4,2,attention_mae_from_baseline,0.0102791851386427
300,test,4,2,attention_max_abs_diff_from_baseline,0.3161357641220093
300,test,4,2,attention_cosine_to_baseline,0.987066388130188
300,test,4,3,attention_norm_entropy_mean,0.9976928234100342
300,test,4,3,attention_mae_from_baseline,0.0059711239300668
300,test,4,3,attention_max_abs_diff_from_baseline,0.0724987685680389
300,test,4,3,attention_cosine_to_baseline,0.9961894750595092
300,test,4,4,attention_norm_entropy_mean,0.9979621767997742
300,test,4,4,attention_mae_from_baseline,0.0117617156356573
300,test,4,4,attention_max_abs_diff_from_baseline,0.3128679394721985
300,test,4,4,attention_cosine_to_baseline,0.9744577407836914
300,test,5,1,attention_norm_entropy_mean,0.9540122747421264
300,test,5,1,attention_mae_from_baseline,0.0523044504225254
300,test,5,1,attention_max_abs_diff_from_baseline,0.3657097518444061
300,test,5,1,attention_cosine_to_baseline,0.9837165474891664
300,test,5,2,attention_norm_entropy_mean,0.9956576228141784
300,test,5,2,attention_mae_from_baseline,0.0089602917432785
300,test,5,2,attention_max_abs_diff_from_baseline,0.2164215445518493
300,test,5,2,attention_cosine_to_baseline,0.9905990362167358
300,test,5,3,attention_norm_entropy_mean,0.9961392879486084
300,test,5,3,attention_mae_from_baseline,0.0079780733212828
300,test,5,3,attention_max_abs_diff_from_baseline,0.3866657018661499
300,test,5,3,attention_cosine_to_baseline,0.981894850730896
300,test,5,4,attention_norm_entropy_mean,0.9949535727500916
300,test,5,4,attention_mae_from_baseline,0.008190955966711
300,test,5,4,attention_max_abs_diff_from_baseline,0.1281553506851196
300,test,5,4,attention_cosine_to_baseline,0.986951231956482
350,val,0,1,attention_norm_entropy_mean,0.9488349556922911
350,val,0,1,attention_mae_from_baseline,0.0394245833158493
350,val,0,1,attention_max_abs_diff_from_baseline,0.2368048727512359
350,val,0,1,attention_cosine_to_baseline,0.9917962551116944
350,val,0,2,attention_norm_entropy_mean,0.8867632746696472
350,val,0,2,attention_mae_from_baseline,0.0291250441223382
350,val,0,2,attention_max_abs_diff_from_baseline,0.6919354200363159
350,val,0,2,attention_cosine_to_baseline,0.9024788737297058
350,val,0,3,attention_norm_entropy_mean,0.9447379112243652
350,val,0,3,attention_mae_from_baseline,0.0189919974654912
350,val,0,3,attention_max_abs_diff_from_baseline,0.6013858318328857
350,val,0,3,attention_cosine_to_baseline,0.9546314477920532
350,val,0,4,attention_norm_entropy_mean,0.974586009979248
350,val,0,4,attention_mae_from_baseline,0.0159200821071863
350,val,0,4,attention_max_abs_diff_from_baseline,0.395482450723648
350,val,0,4,attention_cosine_to_baseline,0.9453916549682616
350,val,1,1,attention_norm_entropy_mean,0.9040627479553224
350,val,1,1,attention_mae_from_baseline,0.0882162526249885
350,val,1,1,attention_max_abs_diff_from_baseline,0.5299893617630005
350,val,1,1,attention_cosine_to_baseline,0.9600312113761902
350,val,1,2,attention_norm_entropy_mean,0.8871666193008423
350,val,1,2,attention_mae_from_baseline,0.0310359392315149
350,val,1,2,attention_max_abs_diff_from_baseline,0.5633764266967773
350,val,1,2,attention_cosine_to_baseline,0.9421999454498292
350,val,1,3,attention_norm_entropy_mean,0.9500361680984496
350,val,1,3,attention_mae_from_baseline,0.0216696616262197
350,val,1,3,attention_max_abs_diff_from_baseline,0.2091386318206787
350,val,1,3,attention_cosine_to_baseline,0.9599997401237488
350,val,1,4,attention_norm_entropy_mean,0.9135881066322328
350,val,1,4,attention_mae_from_baseline,0.0434318222105503
350,val,1,4,attention_max_abs_diff_from_baseline,0.5905578136444092
350,val,1,4,attention_cosine_to_baseline,0.7150460481643677
350,val,2,1,attention_norm_entropy_mean,0.9616006016731262
350,val,2,1,attention_mae_from_baseline,0.0797668844461441
350,val,2,1,attention_max_abs_diff_from_baseline,0.4555230438709259
350,val,2,1,attention_cosine_to_baseline,0.969107985496521
350,val,2,2,attention_norm_entropy_mean,0.982174038887024
350,val,2,2,attention_mae_from_baseline,0.0146698988974094
350,val,2,2,attention_max_abs_diff_from_baseline,0.2986849546432495
350,val,2,2,attention_cosine_to_baseline,0.9795374274253844
350,val,2,3,attention_norm_entropy_mean,0.9813050031661988
350,val,2,3,attention_mae_from_baseline,0.0178823489695787
350,val,2,3,attention_max_abs_diff_from_baseline,0.2023960649967193
350,val,2,3,attention_cosine_to_baseline,0.9675830602645874
350,val,2,4,attention_norm_entropy_mean,0.9902786016464232
350,val,2,4,attention_mae_from_baseline,0.0272191129624843
350,val,2,4,attention_max_abs_diff_from_baseline,0.3076239824295044
350,val,2,4,attention_cosine_to_baseline,0.897996723651886
350,val,3,1,attention_norm_entropy_mean,0.9722992777824402
350,val,3,1,attention_mae_from_baseline,0.049513429403305
350,val,3,1,attention_max_abs_diff_from_baseline,0.366842120885849
350,val,3,1,attention_cosine_to_baseline,0.9859065413475036
350,val,3,2,attention_norm_entropy_mean,0.992880880832672
350,val,3,2,attention_mae_from_baseline,0.0096917795017361
350,val,3,2,attention_max_abs_diff_from_baseline,0.2085117697715759
350,val,3,2,attention_cosine_to_baseline,0.9915257692337036
350,val,3,3,attention_norm_entropy_mean,0.9976028203964232
350,val,3,3,attention_mae_from_baseline,0.0092679243534803
350,val,3,3,attention_max_abs_diff_from_baseline,0.1593716740608215
350,val,3,3,attention_cosine_to_baseline,0.9898610711097716
350,val,3,4,attention_norm_entropy_mean,0.9935826659202576
350,val,3,4,attention_mae_from_baseline,0.0136515693739056
350,val,3,4,attention_max_abs_diff_from_baseline,0.3192431032657623
350,val,3,4,attention_cosine_to_baseline,0.96514230966568
350,val,4,1,attention_norm_entropy_mean,0.8989788889884949
350,val,4,1,attention_mae_from_baseline,0.0441843718290329
350,val,4,1,attention_max_abs_diff_from_baseline,0.5101363658905029
350,val,4,1,attention_cosine_to_baseline,0.9906389713287354
350,val,4,2,attention_norm_entropy_mean,0.993542730808258
350,val,4,2,attention_mae_from_baseline,0.0102663422003388
350,val,4,2,attention_max_abs_diff_from_baseline,0.3154523372650146
350,val,4,2,attention_cosine_to_baseline,0.9871156215667723
350,val,4,3,attention_norm_entropy_mean,0.9977205991744996
350,val,4,3,attention_mae_from_baseline,0.0059486194513738
350,val,4,3,attention_max_abs_diff_from_baseline,0.0722129642963409
350,val,4,3,attention_cosine_to_baseline,0.9962202310562134
350,val,4,4,attention_norm_entropy_mean,0.9979853630065918
350,val,4,4,attention_mae_from_baseline,0.0117367347702384
350,val,4,4,attention_max_abs_diff_from_baseline,0.3130277991294861
350,val,4,4,attention_cosine_to_baseline,0.9745334982872008
350,val,5,1,attention_norm_entropy_mean,0.953186810016632
350,val,5,1,attention_mae_from_baseline,0.0527025908231735
350,val,5,1,attention_max_abs_diff_from_baseline,0.3663262128829956
350,val,5,1,attention_cosine_to_baseline,0.9835600852966307
350,val,5,2,attention_norm_entropy_mean,0.9957159161567688
350,val,5,2,attention_mae_from_baseline,0.0090046385303139
350,val,5,2,attention_max_abs_diff_from_baseline,0.2159269303083419
350,val,5,2,attention_cosine_to_baseline,0.99049174785614
350,val,5,3,attention_norm_entropy_mean,0.9961405992507936
350,val,5,3,attention_mae_from_baseline,0.0079713342711329
350,val,5,3,attention_max_abs_diff_from_baseline,0.3880204558372497
350,val,5,3,attention_cosine_to_baseline,0.981863498687744
350,val,5,4,attention_norm_entropy_mean,0.9949156045913696
350,val,5,4,attention_mae_from_baseline,0.008199936710298
350,val,5,4,attention_max_abs_diff_from_baseline,0.1290475130081176
350,val,5,4,attention_cosine_to_baseline,0.9868988990783693
350,test,0,1,attention_norm_entropy_mean,0.9488349556922911
350,test,0,1,attention_mae_from_baseline,0.0394245833158493
350,test,0,1,attention_max_abs_diff_from_baseline,0.2368048727512359
350,test,0,1,attention_cosine_to_baseline,0.9917962551116944
350,test,0,2,attention_norm_entropy_mean,0.8867632746696472
350,test,0,2,attention_mae_from_baseline,0.0291250441223382
350,test,0,2,attention_max_abs_diff_from_baseline,0.6919354200363159
350,test,0,2,attention_cosine_to_baseline,0.9024788737297058
350,test,0,3,attention_norm_entropy_mean,0.9447379112243652
350,test,0,3,attention_mae_from_baseline,0.0189919974654912
350,test,0,3,attention_max_abs_diff_from_baseline,0.6013858318328857
350,test,0,3,attention_cosine_to_baseline,0.9546314477920532
350,test,0,4,attention_norm_entropy_mean,0.974586009979248
350,test,0,4,attention_mae_from_baseline,0.0159200821071863
350,test,0,4,attention_max_abs_diff_from_baseline,0.395482450723648
350,test,0,4,attention_cosine_to_baseline,0.9453916549682616
350,test,1,1,attention_norm_entropy_mean,0.9040627479553224
350,test,1,1,attention_mae_from_baseline,0.0882162600755691
350,test,1,1,attention_max_abs_diff_from_baseline,0.5299893617630005
350,test,1,1,attention_cosine_to_baseline,0.9600312113761902
350,test,1,2,attention_norm_entropy_mean,0.8871666193008423
350,test,1,2,attention_mae_from_baseline,0.0310359373688697
350,test,1,2,attention_max_abs_diff_from_baseline,0.5633763670921326
350,test,1,2,attention_cosine_to_baseline,0.9421999454498292
350,test,1,3,attention_norm_entropy_mean,0.9500361680984496
350,test,1,3,attention_mae_from_baseline,0.0216696616262197
350,test,1,3,attention_max_abs_diff_from_baseline,0.2091386169195175
350,test,1,3,attention_cosine_to_baseline,0.9599997401237488
350,test,1,4,attention_norm_entropy_mean,0.9135879278182985
350,test,1,4,attention_mae_from_baseline,0.0434318222105503
350,test,1,4,attention_max_abs_diff_from_baseline,0.590557873249054
350,test,1,4,attention_cosine_to_baseline,0.7150460481643677
350,test,2,1,attention_norm_entropy_mean,0.9616006016731262
350,test,2,1,attention_mae_from_baseline,0.0797668620944023
350,test,2,1,attention_max_abs_diff_from_baseline,0.4555228948593139
350,test,2,1,attention_cosine_to_baseline,0.9691079258918762
350,test,2,2,attention_norm_entropy_mean,0.982174038887024
350,test,2,2,attention_mae_from_baseline,0.0146699007600545
350,test,2,2,attention_max_abs_diff_from_baseline,0.2986849546432495
350,test,2,2,attention_cosine_to_baseline,0.9795374870300292
350,test,2,3,attention_norm_entropy_mean,0.9813050627708436
350,test,2,3,attention_mae_from_baseline,0.0178823452442884
350,test,2,3,attention_max_abs_diff_from_baseline,0.2023959755897522
350,test,2,3,attention_cosine_to_baseline,0.967582941055298
350,test,2,4,attention_norm_entropy_mean,0.9902786016464232
350,test,2,4,attention_mae_from_baseline,0.0272191129624843
350,test,2,4,attention_max_abs_diff_from_baseline,0.3076238632202148
350,test,2,4,attention_cosine_to_baseline,0.8979966640472412
350,test,3,1,attention_norm_entropy_mean,0.9722992777824402
350,test,3,1,attention_mae_from_baseline,0.0495134331285953
350,test,3,1,attention_max_abs_diff_from_baseline,0.3668420314788818
350,test,3,1,attention_cosine_to_baseline,0.9859066009521484
350,test,3,2,attention_norm_entropy_mean,0.9928810000419616
350,test,3,2,attention_mae_from_baseline,0.0096917785704135
350,test,3,2,attention_max_abs_diff_from_baseline,0.2085117995738983
350,test,3,2,attention_cosine_to_baseline,0.9915257096290588
350,test,3,3,attention_norm_entropy_mean,0.9976028203964232
350,test,3,3,attention_mae_from_baseline,0.0092679224908351
350,test,3,3,attention_max_abs_diff_from_baseline,0.1593716740608215
350,test,3,3,attention_cosine_to_baseline,0.989861249923706
350,test,3,4,attention_norm_entropy_mean,0.9935826659202576
350,test,3,4,attention_mae_from_baseline,0.0136515721678733
350,test,3,4,attention_max_abs_diff_from_baseline,0.3192431032657623
350,test,3,4,attention_cosine_to_baseline,0.96514230966568
350,test,4,1,attention_norm_entropy_mean,0.8989788889884949
350,test,4,1,attention_mae_from_baseline,0.044184360653162
350,test,4,1,attention_max_abs_diff_from_baseline,0.5101364850997925
350,test,4,1,attention_cosine_to_baseline,0.9906391501426696
350,test,4,2,attention_norm_entropy_mean,0.993542730808258
350,test,4,2,attention_mae_from_baseline,0.0102663431316614
350,test,4,2,attention_max_abs_diff_from_baseline,0.3154523074626922
350,test,4,2,attention_cosine_to_baseline,0.9871153831481934
350,test,4,3,attention_norm_entropy_mean,0.9977205991744996
350,test,4,3,attention_mae_from_baseline,0.0059486185200512
350,test,4,3,attention_max_abs_diff_from_baseline,0.0722129940986633
350,test,4,3,attention_cosine_to_baseline,0.9962202906608582
350,test,4,4,attention_norm_entropy_mean,0.9979853630065918
350,test,4,4,attention_mae_from_baseline,0.0117367347702384
350,test,4,4,attention_max_abs_diff_from_baseline,0.3130277097225189
350,test,4,4,attention_cosine_to_baseline,0.9745336174964904
350,test,5,1,attention_norm_entropy_mean,0.953186810016632
350,test,5,1,attention_mae_from_baseline,0.0527026019990444
350,test,5,1,attention_max_abs_diff_from_baseline,0.3663262128829956
350,test,5,1,attention_cosine_to_baseline,0.983560025691986
350,test,5,2,attention_norm_entropy_mean,0.9957160353660583
350,test,5,2,attention_mae_from_baseline,0.0090046375989913
350,test,5,2,attention_max_abs_diff_from_baseline,0.2159271240234375
350,test,5,2,attention_cosine_to_baseline,0.9904916882514954
350,test,5,3,attention_norm_entropy_mean,0.9961405992507936
350,test,5,3,attention_mae_from_baseline,0.0079713314771652
350,test,5,3,attention_max_abs_diff_from_baseline,0.3880203366279602
350,test,5,3,attention_cosine_to_baseline,0.9818636775016784
350,test,5,4,attention_norm_entropy_mean,0.9949156045913696
350,test,5,4,attention_mae_from_baseline,0.0081999376416206
350,test,5,4,attention_max_abs_diff_from_baseline,0.1290473341941833
350,test,5,4,attention_cosine_to_baseline,0.9868988990783693
400,val,0,1,attention_norm_entropy_mean,0.9487291574478148
400,val,0,1,attention_mae_from_baseline,0.0394839644432067
400,val,0,1,attention_max_abs_diff_from_baseline,0.2370476424694061
400,val,0,1,attention_cosine_to_baseline,0.9917715191841124
400,val,0,2,attention_norm_entropy_mean,0.8876328468322754
400,val,0,2,attention_mae_from_baseline,0.029006790369749
400,val,0,2,attention_max_abs_diff_from_baseline,0.6904796361923218
400,val,0,2,attention_cosine_to_baseline,0.9031342267990112
400,val,0,3,attention_norm_entropy_mean,0.9446763396263124
400,val,0,3,attention_mae_from_baseline,0.0189971812069416
400,val,0,3,attention_max_abs_diff_from_baseline,0.6013965606689453
400,val,0,3,attention_cosine_to_baseline,0.9545757174491882
400,val,0,4,attention_norm_entropy_mean,0.9746853709220886
400,val,0,4,attention_mae_from_baseline,0.015904352068901
400,val,0,4,attention_max_abs_diff_from_baseline,0.3918126225471496
400,val,0,4,attention_cosine_to_baseline,0.9456319212913512
400,val,1,1,attention_norm_entropy_mean,0.9038366675376892
400,val,1,1,attention_mae_from_baseline,0.0881891623139381
400,val,1,1,attention_max_abs_diff_from_baseline,0.5292166471481323
400,val,1,1,attention_cosine_to_baseline,0.9600845575332642
400,val,1,2,attention_norm_entropy_mean,0.8878348469734192
400,val,1,2,attention_mae_from_baseline,0.0310287643224
400,val,1,2,attention_max_abs_diff_from_baseline,0.5613378286361694
400,val,1,2,attention_cosine_to_baseline,0.9423329830169678
400,val,1,3,attention_norm_entropy_mean,0.9499421715736388
400,val,1,3,attention_mae_from_baseline,0.0216940827667713
400,val,1,3,attention_max_abs_diff_from_baseline,0.208817183971405
400,val,1,3,attention_cosine_to_baseline,0.9598733186721802
400,val,1,4,attention_norm_entropy_mean,0.9139059782028198
400,val,1,4,attention_mae_from_baseline,0.0433718301355838
400,val,1,4,attention_max_abs_diff_from_baseline,0.5889230966567993
400,val,1,4,attention_cosine_to_baseline,0.7156952023506165
400,val,2,1,attention_norm_entropy_mean,0.9612005949020386
400,val,2,1,attention_mae_from_baseline,0.0797892659902572
400,val,2,1,attention_max_abs_diff_from_baseline,0.4540474712848663
400,val,2,1,attention_cosine_to_baseline,0.9691017866134644
400,val,2,2,attention_norm_entropy_mean,0.982152223587036
400,val,2,2,attention_mae_from_baseline,0.0146507397294044
400,val,2,2,attention_max_abs_diff_from_baseline,0.2974897027015686
400,val,2,2,attention_cosine_to_baseline,0.9796315431594848
400,val,2,3,attention_norm_entropy_mean,0.981538712978363
400,val,2,3,attention_mae_from_baseline,0.0178314801305532
400,val,2,3,attention_max_abs_diff_from_baseline,0.1993621587753296
400,val,2,3,attention_cosine_to_baseline,0.967803955078125
400,val,2,4,attention_norm_entropy_mean,0.9903576374053956
400,val,2,4,attention_mae_from_baseline,0.0271839424967765
400,val,2,4,attention_max_abs_diff_from_baseline,0.3073199391365051
400,val,2,4,attention_cosine_to_baseline,0.8982588052749634
400,val,3,1,attention_norm_entropy_mean,0.9721510410308838
400,val,3,1,attention_mae_from_baseline,0.0495660193264484
400,val,3,1,attention_max_abs_diff_from_baseline,0.3683390021324157
400,val,3,1,attention_cosine_to_baseline,0.9858980774879456
400,val,3,2,attention_norm_entropy_mean,0.9929075837135316
400,val,3,2,attention_mae_from_baseline,0.0096728214994072
400,val,3,2,attention_max_abs_diff_from_baseline,0.2075096070766449
400,val,3,2,attention_cosine_to_baseline,0.991563320159912
400,val,3,3,attention_norm_entropy_mean,0.9975928664207458
400,val,3,3,attention_mae_from_baseline,0.00926383305341
400,val,3,3,attention_max_abs_diff_from_baseline,0.1592959761619568
400,val,3,3,attention_cosine_to_baseline,0.9898688793182372
400,val,3,4,attention_norm_entropy_mean,0.9935656785964966
400,val,3,4,attention_mae_from_baseline,0.0136639280244708
400,val,3,4,attention_max_abs_diff_from_baseline,0.3193385601043701
400,val,3,4,attention_cosine_to_baseline,0.9650972485542296
400,val,4,1,attention_norm_entropy_mean,0.8987388014793396
400,val,4,1,attention_mae_from_baseline,0.0442560724914073
400,val,4,1,attention_max_abs_diff_from_baseline,0.5098763704299927
400,val,4,1,attention_cosine_to_baseline,0.9905891418457032
400,val,4,2,attention_norm_entropy_mean,0.993556797504425
400,val,4,2,attention_mae_from_baseline,0.0102756787091493
400,val,4,2,attention_max_abs_diff_from_baseline,0.3159924149513244
400,val,4,2,attention_cosine_to_baseline,0.9870795607566832
400,val,4,3,attention_norm_entropy_mean,0.9977324604988098
400,val,4,3,attention_mae_from_baseline,0.005946172401309
400,val,4,3,attention_max_abs_diff_from_baseline,0.0721059143543243
400,val,4,3,attention_cosine_to_baseline,0.9962218999862672
400,val,4,4,attention_norm_entropy_mean,0.9979634881019592
400,val,4,4,attention_mae_from_baseline,0.0117220450192689
400,val,4,4,attention_max_abs_diff_from_baseline,0.3137685358524322
400,val,4,4,attention_cosine_to_baseline,0.974523901939392
400,val,5,1,attention_norm_entropy_mean,0.9530934691429138
400,val,5,1,attention_mae_from_baseline,0.0527326874434948
400,val,5,1,attention_max_abs_diff_from_baseline,0.3667396008968353
400,val,5,1,attention_cosine_to_baseline,0.9835711717605592
400,val,5,2,attention_norm_entropy_mean,0.9957162737846376
400,val,5,2,attention_mae_from_baseline,0.0089913075789809
400,val,5,2,attention_max_abs_diff_from_baseline,0.215684100985527
400,val,5,2,attention_cosine_to_baseline,0.9905173182487488
400,val,5,3,attention_norm_entropy_mean,0.9962136149406432
400,val,5,3,attention_mae_from_baseline,0.0079629588872194
400,val,5,3,attention_max_abs_diff_from_baseline,0.3874493837356567
400,val,5,3,attention_cosine_to_baseline,0.9819827675819396
400,val,5,4,attention_norm_entropy_mean,0.9948760867118835
400,val,5,4,attention_mae_from_baseline,0.0082357609644532
400,val,5,4,attention_max_abs_diff_from_baseline,0.1288293302059173
400,val,5,4,attention_cosine_to_baseline,0.9868243932724
400,test,0,1,attention_norm_entropy_mean,0.9487291574478148
400,test,0,1,attention_mae_from_baseline,0.0394839644432067
400,test,0,1,attention_max_abs_diff_from_baseline,0.2370476424694061
400,test,0,1,attention_cosine_to_baseline,0.9917715191841124
400,test,0,2,attention_norm_entropy_mean,0.8876328468322754
400,test,0,2,attention_mae_from_baseline,0.029006790369749
400,test,0,2,attention_max_abs_diff_from_baseline,0.6904796361923218
400,test,0,2,attention_cosine_to_baseline,0.9031342267990112
400,test,0,3,attention_norm_entropy_mean,0.9446763396263124
400,test,0,3,attention_mae_from_baseline,0.0189971812069416
400,test,0,3,attention_max_abs_diff_from_baseline,0.6013965606689453
400,test,0,3,attention_cosine_to_baseline,0.9545757174491882
400,test,0,4,attention_norm_entropy_mean,0.9746853709220886
400,test,0,4,attention_mae_from_baseline,0.015904352068901
400,test,0,4,attention_max_abs_diff_from_baseline,0.3918126225471496
400,test,0,4,attention_cosine_to_baseline,0.9456319212913512
400,test,1,1,attention_norm_entropy_mean,0.9038366675376892
400,test,1,1,attention_mae_from_baseline,0.0881891697645187
400,test,1,1,attention_max_abs_diff_from_baseline,0.5292166471481323
400,test,1,1,attention_cosine_to_baseline,0.9600845575332642
400,test,1,2,attention_norm_entropy_mean,0.8878348469734192
400,test,1,2,attention_mae_from_baseline,0.0310287661850452
400,test,1,2,attention_max_abs_diff_from_baseline,0.5613378286361694
400,test,1,2,attention_cosine_to_baseline,0.9423329830169678
400,test,1,3,attention_norm_entropy_mean,0.9499421715736388
400,test,1,3,attention_mae_from_baseline,0.0216940827667713
400,test,1,3,attention_max_abs_diff_from_baseline,0.2088171690702438
400,test,1,3,attention_cosine_to_baseline,0.9598734378814696
400,test,1,4,attention_norm_entropy_mean,0.9139059782028198
400,test,1,4,attention_mae_from_baseline,0.0433718264102935
400,test,1,4,attention_max_abs_diff_from_baseline,0.5889230370521545
400,test,1,4,attention_cosine_to_baseline,0.7156952619552612
400,test,2,1,attention_norm_entropy_mean,0.961200475692749
400,test,2,1,attention_mae_from_baseline,0.0797892808914184
400,test,2,1,attention_max_abs_diff_from_baseline,0.4540475010871887
400,test,2,1,attention_cosine_to_baseline,0.9691017866134644
400,test,2,2,attention_norm_entropy_mean,0.982152223587036
400,test,2,2,attention_mae_from_baseline,0.0146507415920495
400,test,2,2,attention_max_abs_diff_from_baseline,0.2974898219108581
400,test,2,2,attention_cosine_to_baseline,0.9796316623687744
400,test,2,3,attention_norm_entropy_mean,0.981538712978363
400,test,2,3,attention_mae_from_baseline,0.0178314764052629
400,test,2,3,attention_max_abs_diff_from_baseline,0.1993622779846191
400,test,2,3,attention_cosine_to_baseline,0.9678038954734802
400,test,2,4,attention_norm_entropy_mean,0.9903576374053956
400,test,2,4,attention_mae_from_baseline,0.0271839406341314
400,test,2,4,attention_max_abs_diff_from_baseline,0.3073197603225708
400,test,2,4,attention_cosine_to_baseline,0.8982588052749634
400,test,3,1,attention_norm_entropy_mean,0.9721511006355286
400,test,3,1,attention_mae_from_baseline,0.0495660193264484
400,test,3,1,attention_max_abs_diff_from_baseline,0.3683390617370605
400,test,3,1,attention_cosine_to_baseline,0.9858980178833008
400,test,3,2,attention_norm_entropy_mean,0.9929075837135316
400,test,3,2,attention_mae_from_baseline,0.0096728214994072
400,test,3,2,attention_max_abs_diff_from_baseline,0.2075095772743225
400,test,3,2,attention_cosine_to_baseline,0.9915634393692015
400,test,3,3,attention_norm_entropy_mean,0.9975928664207458
400,test,3,3,attention_mae_from_baseline,0.0092638293281197
400,test,3,3,attention_max_abs_diff_from_baseline,0.1592957973480224
400,test,3,3,attention_cosine_to_baseline,0.9898690581321716
400,test,3,4,attention_norm_entropy_mean,0.9935656785964966
400,test,3,4,attention_mae_from_baseline,0.0136639289557933
400,test,3,4,attention_max_abs_diff_from_baseline,0.3193385601043701
400,test,3,4,attention_cosine_to_baseline,0.9650972485542296
400,test,4,1,attention_norm_entropy_mean,0.8987388014793396
400,test,4,1,attention_mae_from_baseline,0.0442560575902462
400,test,4,1,attention_max_abs_diff_from_baseline,0.5098764896392822
400,test,4,1,attention_cosine_to_baseline,0.9905893206596376
400,test,4,2,attention_norm_entropy_mean,0.993556797504425
400,test,4,2,attention_mae_from_baseline,0.0102756759151816
400,test,4,2,attention_max_abs_diff_from_baseline,0.3159921765327453
400,test,4,2,attention_cosine_to_baseline,0.9870795011520386
400,test,4,3,attention_norm_entropy_mean,0.9977325201034546
400,test,4,3,attention_mae_from_baseline,0.0059461728669703
400,test,4,3,attention_max_abs_diff_from_baseline,0.0721059739589691
400,test,4,3,attention_cosine_to_baseline,0.9962217807769777
400,test,4,4,attention_norm_entropy_mean,0.9979633688926696
400,test,4,4,attention_mae_from_baseline,0.0117220440879464
400,test,4,4,attention_max_abs_diff_from_baseline,0.3137684464454651
400,test,4,4,attention_cosine_to_baseline,0.9745240211486816
400,test,5,1,attention_norm_entropy_mean,0.9530934691429138
400,test,5,1,attention_mae_from_baseline,0.0527327097952365
400,test,5,1,attention_max_abs_diff_from_baseline,0.3667396306991577
400,test,5,1,attention_cosine_to_baseline,0.9835711717605592
400,test,5,2,attention_norm_entropy_mean,0.9957162737846376
400,test,5,2,attention_mae_from_baseline,0.0089913075789809
400,test,5,2,attention_max_abs_diff_from_baseline,0.2156844139099121
400,test,5,2,attention_cosine_to_baseline,0.9905171990394592
400,test,5,3,attention_norm_entropy_mean,0.9962136149406432
400,test,5,3,attention_mae_from_baseline,0.007962959818542
400,test,5,3,attention_max_abs_diff_from_baseline,0.3874493837356567
400,test,5,3,attention_cosine_to_baseline,0.9819827079772948
400,test,5,4,attention_norm_entropy_mean,0.9948760867118835
400,test,5,4,attention_mae_from_baseline,0.0082357600331306
400,test,5,4,attention_max_abs_diff_from_baseline,0.1288293600082397
400,test,5,4,attention_cosine_to_baseline,0.9868244528770448
450,val,0,1,attention_norm_entropy_mean,0.948744773864746
450,val,0,1,attention_mae_from_baseline,0.0395075157284736
450,val,0,1,attention_max_abs_diff_from_baseline,0.2365804016590118
450,val,0,1,attention_cosine_to_baseline,0.991774559020996
450,val,0,2,attention_norm_entropy_mean,0.8879534602165222
450,val,0,2,attention_mae_from_baseline,0.0289682913571596
450,val,0,2,attention_max_abs_diff_from_baseline,0.6900236010551453
450,val,0,2,attention_cosine_to_baseline,0.9034498929977416
450,val,0,3,attention_norm_entropy_mean,0.944653868675232
450,val,0,3,attention_mae_from_baseline,0.0189868733286857
450,val,0,3,attention_max_abs_diff_from_baseline,0.6013712882995605
450,val,0,3,attention_cosine_to_baseline,0.9546199440956116
450,val,0,4,attention_norm_entropy_mean,0.9746937155723572
450,val,0,4,attention_mae_from_baseline,0.015906099230051
450,val,0,4,attention_max_abs_diff_from_baseline,0.3908953666687011
450,val,0,4,attention_cosine_to_baseline,0.9456927180290222
450,val,1,1,attention_norm_entropy_mean,0.9034427404403688
450,val,1,1,attention_mae_from_baseline,0.0881540477275848
450,val,1,1,attention_max_abs_diff_from_baseline,0.5276058316230774
450,val,1,1,attention_cosine_to_baseline,0.9601770639419556
450,val,1,2,attention_norm_entropy_mean,0.8876186013221741
450,val,1,2,attention_mae_from_baseline,0.0310093183070421
450,val,1,2,attention_max_abs_diff_from_baseline,0.5613411664962769
450,val,1,2,attention_cosine_to_baseline,0.9423075914382936
450,val,1,3,attention_norm_entropy_mean,0.9498761296272278
450,val,1,3,attention_mae_from_baseline,0.0216996688395738
450,val,1,3,attention_max_abs_diff_from_baseline,0.2076127529144287
450,val,1,3,attention_cosine_to_baseline,0.9598144888877868
450,val,1,4,attention_norm_entropy_mean,0.913661003112793
450,val,1,4,attention_mae_from_baseline,0.0433940663933754
450,val,1,4,attention_max_abs_diff_from_baseline,0.5888084769248962
450,val,1,4,attention_cosine_to_baseline,0.7153670787811279
450,val,2,1,attention_norm_entropy_mean,0.9607884883880616
450,val,2,1,attention_mae_from_baseline,0.0799469873309135
450,val,2,1,attention_max_abs_diff_from_baseline,0.4535747766494751
450,val,2,1,attention_cosine_to_baseline,0.9690108299255372
450,val,2,2,attention_norm_entropy_mean,0.9820514917373656
450,val,2,2,attention_mae_from_baseline,0.0146660441532731
450,val,2,2,attention_max_abs_diff_from_baseline,0.2967891693115234
450,val,2,2,attention_cosine_to_baseline,0.9796008467674256
450,val,2,3,attention_norm_entropy_mean,0.9814666509628296
450,val,2,3,attention_mae_from_baseline,0.0178548973053693
450,val,2,3,attention_max_abs_diff_from_baseline,0.1973885893821716
450,val,2,3,attention_cosine_to_baseline,0.9677468538284302
450,val,2,4,attention_norm_entropy_mean,0.9903339147567748
450,val,2,4,attention_mae_from_baseline,0.0271748602390289
450,val,2,4,attention_max_abs_diff_from_baseline,0.3076345026493072
450,val,2,4,attention_cosine_to_baseline,0.898299515247345
450,val,3,1,attention_norm_entropy_mean,0.9720332622528076
450,val,3,1,attention_mae_from_baseline,0.0495534539222717
450,val,3,1,attention_max_abs_diff_from_baseline,0.3680120706558227
450,val,3,1,attention_cosine_to_baseline,0.9859033823013306
450,val,3,2,attention_norm_entropy_mean,0.9929611086845398
450,val,3,2,attention_mae_from_baseline,0.0096747018396854
450,val,3,2,attention_max_abs_diff_from_baseline,0.2051976919174194
450,val,3,2,attention_cosine_to_baseline,0.99159973859787
450,val,3,3,attention_norm_entropy_mean,0.9976081252098083
450,val,3,3,attention_mae_from_baseline,0.009265998378396
450,val,3,3,attention_max_abs_diff_from_baseline,0.1587412357330322
450,val,3,3,attention_cosine_to_baseline,0.9898808002471924
450,val,3,4,attention_norm_entropy_mean,0.9935153126716614
450,val,3,4,attention_mae_from_baseline,0.0136847849935293
450,val,3,4,attention_max_abs_diff_from_baseline,0.3194817006587982
450,val,3,4,attention_cosine_to_baseline,0.9650676250457764
450,val,4,1,attention_norm_entropy_mean,0.8984509706497192
450,val,4,1,attention_mae_from_baseline,0.0442228578031063
450,val,4,1,attention_max_abs_diff_from_baseline,0.5099977254867554
450,val,4,1,attention_cosine_to_baseline,0.9905831217765808
450,val,4,2,attention_norm_entropy_mean,0.993579626083374
450,val,4,2,attention_mae_from_baseline,0.010278096422553
450,val,4,2,attention_max_abs_diff_from_baseline,0.3149394989013672
450,val,4,2,attention_cosine_to_baseline,0.9871137142181396
450,val,4,3,attention_norm_entropy_mean,0.997748851776123
450,val,4,3,attention_mae_from_baseline,0.0059396042488515
450,val,4,3,attention_max_abs_diff_from_baseline,0.0718392431735992
450,val,4,3,attention_cosine_to_baseline,0.9962297081947328
450,val,4,4,attention_norm_entropy_mean,0.9979564547538756
450,val,4,4,attention_mae_from_baseline,0.0117119522765278
450,val,4,4,attention_max_abs_diff_from_baseline,0.3136205971240997
450,val,4,4,attention_cosine_to_baseline,0.974532663822174
450,val,5,1,attention_norm_entropy_mean,0.9530001878738404
450,val,5,1,attention_mae_from_baseline,0.0527617074549198
450,val,5,1,attention_max_abs_diff_from_baseline,0.3675619959831238
450,val,5,1,attention_cosine_to_baseline,0.98355233669281
450,val,5,2,attention_norm_entropy_mean,0.995747447013855
450,val,5,2,attention_mae_from_baseline,0.0089867571368813
450,val,5,2,attention_max_abs_diff_from_baseline,0.2160745412111282
450,val,5,2,attention_cosine_to_baseline,0.9905139207839966
450,val,5,3,attention_norm_entropy_mean,0.9962125420570374
450,val,5,3,attention_mae_from_baseline,0.0079466197639703
450,val,5,3,attention_max_abs_diff_from_baseline,0.386491596698761
450,val,5,3,attention_cosine_to_baseline,0.9820371270179749
450,val,5,4,attention_norm_entropy_mean,0.9950143694877625
450,val,5,4,attention_mae_from_baseline,0.0081674186512827
450,val,5,4,attention_max_abs_diff_from_baseline,0.1284254491329193
450,val,5,4,attention_cosine_to_baseline,0.987043559551239
450,test,0,1,attention_norm_entropy_mean,0.948744773864746
450,test,0,1,attention_mae_from_baseline,0.0395075157284736
450,test,0,1,attention_max_abs_diff_from_baseline,0.2365804016590118
450,test,0,1,attention_cosine_to_baseline,0.991774559020996
450,test,0,2,attention_norm_entropy_mean,0.8879534602165222
450,test,0,2,attention_mae_from_baseline,0.0289682913571596
450,test,0,2,attention_max_abs_diff_from_baseline,0.6900236010551453
450,test,0,2,attention_cosine_to_baseline,0.9034498929977416
450,test,0,3,attention_norm_entropy_mean,0.944653868675232
450,test,0,3,attention_mae_from_baseline,0.0189868733286857
450,test,0,3,attention_max_abs_diff_from_baseline,0.6013712882995605
450,test,0,3,attention_cosine_to_baseline,0.9546199440956116
450,test,0,4,attention_norm_entropy_mean,0.9746937155723572
450,test,0,4,attention_mae_from_baseline,0.015906099230051
450,test,0,4,attention_max_abs_diff_from_baseline,0.3908953666687011
450,test,0,4,attention_cosine_to_baseline,0.9456927180290222
450,test,1,1,attention_norm_entropy_mean,0.9034427404403688
450,test,1,1,attention_mae_from_baseline,0.0881540551781654
450,test,1,1,attention_max_abs_diff_from_baseline,0.5276058316230774
450,test,1,1,attention_cosine_to_baseline,0.9601770639419556
450,test,1,2,attention_norm_entropy_mean,0.8876186013221741
450,test,1,2,attention_mae_from_baseline,0.0310093238949775
450,test,1,2,attention_max_abs_diff_from_baseline,0.5613411664962769
450,test,1,2,attention_cosine_to_baseline,0.9423075914382936
450,test,1,3,attention_norm_entropy_mean,0.9498761296272278
450,test,1,3,attention_mae_from_baseline,0.0216996688395738
450,test,1,3,attention_max_abs_diff_from_baseline,0.2076127082109451
450,test,1,3,attention_cosine_to_baseline,0.9598144888877868
450,test,1,4,attention_norm_entropy_mean,0.913661003112793
450,test,1,4,attention_mae_from_baseline,0.0433940663933754
450,test,1,4,attention_max_abs_diff_from_baseline,0.5888084769248962
450,test,1,4,attention_cosine_to_baseline,0.7153670787811279
450,test,2,1,attention_norm_entropy_mean,0.9607884883880616
450,test,2,1,attention_mae_from_baseline,0.0799470022320747
450,test,2,1,attention_max_abs_diff_from_baseline,0.4535747766494751
450,test,2,1,attention_cosine_to_baseline,0.9690108299255372
450,test,2,2,attention_norm_entropy_mean,0.982051432132721
450,test,2,2,attention_mae_from_baseline,0.0146660441532731
450,test,2,2,attention_max_abs_diff_from_baseline,0.2967894077301025
450,test,2,2,attention_cosine_to_baseline,0.9796009063720704
450,test,2,3,attention_norm_entropy_mean,0.9814666509628296
450,test,2,3,attention_mae_from_baseline,0.0178548917174339
450,test,2,3,attention_max_abs_diff_from_baseline,0.1973883509635925
450,test,2,3,attention_cosine_to_baseline,0.967746913433075
450,test,2,4,attention_norm_entropy_mean,0.99033385515213
450,test,2,4,attention_mae_from_baseline,0.0271748602390289
450,test,2,4,attention_max_abs_diff_from_baseline,0.3076344132423401
450,test,2,4,attention_cosine_to_baseline,0.8982993960380554
450,test,3,1,attention_norm_entropy_mean,0.9720332026481628
450,test,3,1,attention_mae_from_baseline,0.0495534688234329
450,test,3,1,attention_max_abs_diff_from_baseline,0.3680119514465332
450,test,3,1,attention_cosine_to_baseline,0.98590350151062
450,test,3,2,attention_norm_entropy_mean,0.9929611682891846
450,test,3,2,attention_mae_from_baseline,0.009674702771008
450,test,3,2,attention_max_abs_diff_from_baseline,0.2051978111267089
450,test,3,2,attention_cosine_to_baseline,0.9915998578071594
450,test,3,3,attention_norm_entropy_mean,0.9976081252098083
450,test,3,3,attention_mae_from_baseline,0.0092659974470734
450,test,3,3,attention_max_abs_diff_from_baseline,0.1587411165237426
450,test,3,3,attention_cosine_to_baseline,0.989880919456482
450,test,3,4,attention_norm_entropy_mean,0.9935153126716614
450,test,3,4,attention_mae_from_baseline,0.0136847831308841
450,test,3,4,attention_max_abs_diff_from_baseline,0.3194817006587982
450,test,3,4,attention_cosine_to_baseline,0.9650676250457764
450,test,4,1,attention_norm_entropy_mean,0.8984510898590088
450,test,4,1,attention_mae_from_baseline,0.0442228578031063
450,test,4,1,attention_max_abs_diff_from_baseline,0.5099977850914001
450,test,4,1,attention_cosine_to_baseline,0.9905833005905152
450,test,4,2,attention_norm_entropy_mean,0.993579626083374
450,test,4,2,attention_mae_from_baseline,0.0102780945599079
450,test,4,2,attention_max_abs_diff_from_baseline,0.3149393796920776
450,test,4,2,attention_cosine_to_baseline,0.9871136546134948
450,test,4,3,attention_norm_entropy_mean,0.997748851776123
450,test,4,3,attention_mae_from_baseline,0.0059396042488515
450,test,4,3,attention_max_abs_diff_from_baseline,0.071839302778244
450,test,4,3,attention_cosine_to_baseline,0.9962297677993774
450,test,4,4,attention_norm_entropy_mean,0.9979564547538756
450,test,4,4,attention_mae_from_baseline,0.0117119494825601
450,test,4,4,attention_max_abs_diff_from_baseline,0.3136205673217773
450,test,4,4,attention_cosine_to_baseline,0.9745328426361084
450,test,5,1,attention_norm_entropy_mean,0.9530001878738404
450,test,5,1,attention_mae_from_baseline,0.0527617372572422
450,test,5,1,attention_max_abs_diff_from_baseline,0.3675621151924133
450,test,5,1,attention_cosine_to_baseline,0.98355233669281
450,test,5,2,attention_norm_entropy_mean,0.995747447013855
450,test,5,2,attention_mae_from_baseline,0.0089867571368813
450,test,5,2,attention_max_abs_diff_from_baseline,0.2160747647285461
450,test,5,2,attention_cosine_to_baseline,0.9905139207839966
450,test,5,3,attention_norm_entropy_mean,0.9962125420570374
450,test,5,3,attention_mae_from_baseline,0.0079466216266155
450,test,5,3,attention_max_abs_diff_from_baseline,0.3864917159080505
450,test,5,3,attention_cosine_to_baseline,0.9820371270179749
450,test,5,4,attention_norm_entropy_mean,0.9950143694877625
450,test,5,4,attention_mae_from_baseline,0.0081674167886376
450,test,5,4,attention_max_abs_diff_from_baseline,0.1284253001213073
450,test,5,4,attention_cosine_to_baseline,0.9870436191558838
