event,epoch,phase,layer_id,lr,num_hops,edge_hops,branch_names,weights_shape,hop_logits_shape,higher_logits_shape,messages_shape,empty_hops,hop_scalars,lambda_higher,one_hop_weight,higher_order_weight,weight_hop_offset,grad_norm,lambda_grad_norm,weights_mean_hop_0,weights_mean_hop_1,weights_mean_hop_2,weights_mean_hop_3,weights_mean_hop_4,weights_std_hop_0,weights_std_hop_1,weights_std_hop_2,weights_std_hop_3,weights_std_hop_4,hop_scalar_hop_0,hop_scalar_hop_1,hop_scalar_hop_2,hop_scalar_hop_3,hop_scalar_hop_4,attention_norm_entropy_mean_hop_0,attention_mae_from_baseline_hop_0,attention_max_abs_diff_from_baseline_hop_0,attention_cosine_to_baseline_hop_0,attention_norm_entropy_mean_hop_1,attention_mae_from_baseline_hop_1,attention_max_abs_diff_from_baseline_hop_1,attention_cosine_to_baseline_hop_1,attention_norm_entropy_mean_hop_2,attention_mae_from_baseline_hop_2,attention_max_abs_diff_from_baseline_hop_2,attention_cosine_to_baseline_hop_2,attention_norm_entropy_mean_hop_3,attention_mae_from_baseline_hop_3,attention_max_abs_diff_from_baseline_hop_3,attention_cosine_to_baseline_hop_3,attention_norm_entropy_mean_hop_4,attention_mae_from_baseline_hop_4,attention_max_abs_diff_from_baseline_hop_4,attention_cosine_to_baseline_hop_4
forward,0,train,0,0.002,5,4,"[""zero_hop"", ""hop_1"", ""hop_2"", ""hop_3"", ""hop_4""]","[183, 5]","[183, 5]",,"[183, 5, 32]","[false, false, false, false, false]","[0.4966369867324829, 0.5009286403656006, 0.4949890971183777, 0.4948195219039917, 0.5001992583274841]",,,,0,,,0.5203785300254822,0.49405738711357117,0.4867081344127655,0.4873940050601959,0.4924963414669037,0.05522787198424339,0.05308830365538597,0.05620976537466049,0.04743149131536484,0.04912388697266579,0.4966369867324829,0.5009286403656006,0.4949890971183777,0.4948195219039917,0.5001992583274841,,,,,,,,,,,,,,,,,,,,
forward,0,train,1,0.002,5,4,"[""zero_hop"", ""hop_1"", ""hop_2"", ""hop_3"", ""hop_4""]","[183, 5]","[183, 5]",,"[183, 5, 32]","[false, false, false, false, false]","[0.5157012343406677, 0.5124698877334595, 0.5009068250656128, 0.4838545620441437, 0.48078808188438416]",,,,0,,,0.5430747866630554,0.4829680025577545,0.5314433574676514,0.4753546118736267,0.50007563829422,0.17416174709796906,0.1696838140487671,0.1949484646320343,0.1477823257446289,0.178083598613739,0.5157012343406677,0.5124698877334595,0.5009068250656128,0.4838545620441437,0.48078808188438416,,,,,,,,,,,,,,,,,,,,
forward,0,train,2,0.002,5,4,"[""zero_hop"", ""hop_1"", ""hop_2"", ""hop_3"", ""hop_4""]","[183, 5]","[183, 5]",,"[183, 5, 32]","[false, false, false, false, false]","[0.484783411026001, 0.4950842261314392, 0.4837111532688141, 0.5060584545135498, 0.480386883020401]",,,,0,,,0.498886376619339,0.5047255158424377,0.4810544550418854,0.5060107707977295,0.4164903461933136,0.17388150095939636,0.19359226524829865,0.17981548607349396,0.1722010374069214,0.17653654515743256,0.484783411026001,0.4950842261314392,0.4837111532688141,0.5060584545135498,0.480386883020401,,,,,,,,,,,,,,,,,,,,
forward,0,train,3,0.002,5,4,"[""zero_hop"", ""hop_1"", ""hop_2"", ""hop_3"", ""hop_4""]","[183, 5]","[183, 5]",,"[183, 5, 32]","[false, false, false, false, false]","[0.4803520143032074, 0.48979607224464417, 0.5033218264579773, 0.4817686676979065, 0.4908367395401001]",,,,0,,,0.4623468816280365,0.4857220947742462,0.48727190494537354,0.4999309480190277,0.5361888408660889,0.18858414888381958,0.18240571022033691,0.18698932230472565,0.1805742233991623,0.18529805541038513,0.4803520143032074,0.48979607224464417,0.5033218264579773,0.4817686676979065,0.4908367395401001,,,,,,,,,,,,,,,,,,,,
forward,0,train,4,0.002,5,4,"[""zero_hop"", ""hop_1"", ""hop_2"", ""hop_3"", ""hop_4""]","[183, 5]","[183, 5]",,"[183, 5, 32]","[false, false, false, false, false]","[0.5146443843841553, 0.5035349726676941, 0.5134924054145813, 0.4905393719673157, 0.4945485591888428]",,,,0,,,0.5368754863739014,0.5034690499305725,0.45049813389778137,0.5049194693565369,0.48842653632164,0.19969257712364197,0.1808621883392334,0.16046534478664398,0.15735672414302826,0.17323517799377441,0.5146443843841553,0.5035349726676941,0.5134924054145813,0.4905393719673157,0.4945485591888428,,,,,,,,,,,,,,,,,,,,
forward,0,train,5,0.002,5,4,"[""zero_hop"", ""hop_1"", ""hop_2"", ""hop_3"", ""hop_4""]","[183, 5]","[183, 5]",,"[183, 5, 32]","[false, false, false, false, false]","[0.4978904724121094, 0.5123917460441589, 0.5183230638504028, 0.4818635880947113, 0.5157372951507568]",,,,0,,,0.46629682183265686,0.45309481024742126,0.5048233270645142,0.5633212327957153,0.5552493333816528,0.1705355942249298,0.1734933853149414,0.17552737891674042,0.1736067682504654,0.17383885383605957,0.4978904724121094,0.5123917460441589,0.5183230638504028,0.4818635880947113,0.5157372951507568,,,,,,,,,,,,,,,,,,,,
backward,0,train,0,0.002,5,,,,,,,,,,,,0,2.9680851377910806,,,,,,,,,,,,,,,,,,,,,,,,,,,,,,,,,,,,
backward,0,train,1,0.002,5,,,,,,,,,,,,0,1.670646635130833,,,,,,,,,,,,,,,,,,,,,,,,,,,,,,,,,,,,
backward,0,train,2,0.002,5,,,,,,,,,,,,0,1.2900301567958878,,,,,,,,,,,,,,,,,,,,,,,,,,,,,,,,,,,,
backward,0,train,3,0.002,5,,,,,,,,,,,,0,0.6866822473933487,,,,,,,,,,,,,,,,,,,,,,,,,,,,,,,,,,,,
backward,0,train,4,0.002,5,,,,,,,,,,,,0,0.6669744292099495,,,,,,,,,,,,,,,,,,,,,,,,,,,,,,,,,,,,
backward,0,train,5,0.002,5,,,,,,,,,,,,0,0.38291980662884784,,,,,,,,,,,,,,,,,,,,,,,,,,,,,,,,,,,,
forward,0,val,0,0.002,5,4,"[""zero_hop"", ""hop_1"", ""hop_2"", ""hop_3"", ""hop_4""]","[183, 5]","[183, 5]",,"[183, 5, 32]","[false, false, false, false, false]","[0.4971369802951813, 0.5004286766052246, 0.49548906087875366, 0.4943195581436157, 0.49969929456710815]",,,,0,,,0.5384163856506348,0.47633248567581177,0.49911296367645264,0.4886878728866577,0.48305198550224304,0.034229449927806854,0.02873969078063965,0.02374502830207348,0.021949775516986847,0.029004326090216637,0.4971369802951813,0.5004286766052246,0.49548906087875366,0.4943195581436157,0.49969929456710815,,,,,0.9758673906326294,nan,nan,nan,0.9946250915527344,nan,nan,nan,0.9907587766647339,nan,nan,nan,0.988535463809967,nan,nan,nan
forward,0,val,1,0.002,5,4,"[""zero_hop"", ""hop_1"", ""hop_2"", ""hop_3"", ""hop_4""]","[183, 5]","[183, 5]",,"[183, 5, 32]","[false, false, false, false, false]","[0.5152016878128052, 0.5119701623916626, 0.5014067888259888, 0.4843541085720062, 0.48028886318206787]",,,,0,,,0.5798301100730896,0.43779265880584717,0.5087370872497559,0.4456440508365631,0.42830291390419006,0.07614228129386902,0.0712781623005867,0.07639763504266739,0.061167459934949875,0.07414516806602478,0.5152016878128052,0.5119701623916626,0.5014067888259888,0.4843541085720062,0.48028886318206787,,,,,0.9289789795875549,nan,nan,nan,0.8933606743812561,nan,nan,nan,0.9172736406326294,nan,nan,nan,0.9185243844985962,nan,nan,nan
forward,0,val,2,0.002,5,4,"[""zero_hop"", ""hop_1"", ""hop_2"", ""hop_3"", ""hop_4""]","[183, 5]","[183, 5]",,"[183, 5, 32]","[false, false, false, false, false]","[0.4842838644981384, 0.4955841302871704, 0.4832117259502411, 0.5055584907531738, 0.4798876643180847]",,,,0,,,0.6589096188545227,0.5616846680641174,0.5674312710762024,0.46953678131103516,0.44246333837509155,0.1118180975317955,0.06471198052167892,0.09884248673915863,0.08274485170841217,0.07151754945516586,0.4842838644981384,0.4955841302871704,0.4832117259502411,0.5055584907531738,0.4798876643180847,,,,,0.9166840314865112,nan,nan,nan,0.9668996334075928,nan,nan,nan,0.9706935882568359,nan,nan,nan,0.9571370482444763,nan,nan,nan
forward,0,val,3,0.002,5,4,"[""zero_hop"", ""hop_1"", ""hop_2"", ""hop_3"", ""hop_4""]","[183, 5]","[183, 5]",,"[183, 5, 32]","[false, false, false, false, false]","[0.48085126280784607, 0.4892963469028473, 0.5038217902183533, 0.4822680354118347, 0.49033695459365845]",,,,0,,,0.3969021141529083,0.5076342225074768,0.4908556640148163,0.5328503251075745,0.6340047717094421,0.0472845584154129,0.08228791505098343,0.055696841329336166,0.07260268926620483,0.07147828489542007,0.48085126280784607,0.4892963469028473,0.5038217902183533,0.4822680354118347,0.49033695459365845,,,,,0.9628045558929443,nan,nan,nan,0.9861995577812195,nan,nan,nan,0.9843469262123108,nan,nan,nan,0.9873132109642029,nan,nan,nan
forward,0,val,4,0.002,5,4,"[""zero_hop"", ""hop_1"", ""hop_2"", ""hop_3"", ""hop_4""]","[183, 5]","[183, 5]",,"[183, 5, 32]","[false, false, false, false, false]","[0.514144778251648, 0.5040349364280701, 0.5139920115470886, 0.4910391867160797, 0.4940486550331116]",,,,0,,,0.5294036865234375,0.46658140420913696,0.4414467513561249,0.5553786158561707,0.4672946631908417,0.04381054267287254,0.0472274050116539,0.07278216630220413,0.048659466207027435,0.137533500790596,0.514144778251648,0.5040349364280701,0.5139920115470886,0.4910391867160797,0.4940486550331116,,,,,0.882803738117218,nan,nan,nan,0.9864015579223633,nan,nan,nan,0.9973107576370239,nan,nan,nan,0.9921296238899231,nan,nan,nan
forward,0,val,5,0.002,5,4,"[""zero_hop"", ""hop_1"", ""hop_2"", ""hop_3"", ""hop_4""]","[183, 5]","[183, 5]",,"[183, 5, 32]","[false, false, false, false, false]","[0.4983904957771301, 0.5118920803070068, 0.5178236961364746, 0.48136427998542786, 0.5162367224693298]",,,,0,,,0.5721027255058289,0.49496516585350037,0.5785406231880188,0.5758937001228333,0.49942639470100403,0.07263589650392532,0.09637879580259323,0.08833163976669312,0.0632949247956276,0.10353202372789383,0.4983904957771301,0.5118920803070068,0.5178236961364746,0.48136427998542786,0.5162367224693298,,,,,0.9756198525428772,nan,nan,nan,0.9843623042106628,nan,nan,nan,0.9837825298309326,nan,nan,nan,0.9966035485267639,nan,nan,nan
forward,0,test,0,0.002,5,4,"[""zero_hop"", ""hop_1"", ""hop_2"", ""hop_3"", ""hop_4""]","[183, 5]","[183, 5]",,"[183, 5, 32]","[false, false, false, false, false]","[0.4971369802951813, 0.5004286766052246, 0.49548906087875366, 0.4943195581436157, 0.49969929456710815]",,,,0,,,0.5384163856506348,0.47633248567581177,0.49911296367645264,0.4886878728866577,0.48305198550224304,0.034229449927806854,0.02873969078063965,0.02374502830207348,0.021949775516986847,0.029004326090216637,0.4971369802951813,0.5004286766052246,0.49548906087875366,0.4943195581436157,0.49969929456710815,,,,,0.9758673906326294,nan,nan,nan,0.9946250915527344,nan,nan,nan,0.9907587766647339,nan,nan,nan,0.988535463809967,nan,nan,nan
forward,0,test,1,0.002,5,4,"[""zero_hop"", ""hop_1"", ""hop_2"", ""hop_3"", ""hop_4""]","[183, 5]","[183, 5]",,"[183, 5, 32]","[false, false, false, false, false]","[0.5152016878128052, 0.5119701623916626, 0.5014067888259888, 0.4843541085720062, 0.48028886318206787]",,,,0,,,0.5798301100730896,0.43779265880584717,0.5087370872497559,0.4456440508365631,0.42830291390419006,0.07614228129386902,0.0712781623005867,0.07639764249324799,0.061167459934949875,0.07414516806602478,0.5152016878128052,0.5119701623916626,0.5014067888259888,0.4843541085720062,0.48028886318206787,,,,,0.9289789795875549,nan,nan,nan,0.8933606743812561,nan,nan,nan,0.9172736406326294,nan,nan,nan,0.9185243248939514,nan,nan,nan
forward,0,test,2,0.002,5,4,"[""zero_hop"", ""hop_1"", ""hop_2"", ""hop_3"", ""hop_4""]","[183, 5]","[183, 5]",,"[183, 5, 32]","[false, false, false, false, false]","[0.4842838644981384, 0.4955841302871704, 0.4832117259502411, 0.5055584907531738, 0.4798876643180847]",,,,0,,,0.6589096188545227,0.5616846680641174,0.5674312710762024,0.46953681111335754,0.44246333837509155,0.1118180975317955,0.06471197307109833,0.09884248673915863,0.08274485170841217,0.07151754945516586,0.4842838644981384,0.4955841302871704,0.4832117259502411,0.5055584907531738,0.4798876643180847,,,,,0.9166840314865112,nan,nan,nan,0.9668996334075928,nan,nan,nan,0.9706935882568359,nan,nan,nan,0.9571370482444763,nan,nan,nan
forward,0,test,3,0.002,5,4,"[""zero_hop"", ""hop_1"", ""hop_2"", ""hop_3"", ""hop_4""]","[183, 5]","[183, 5]",,"[183, 5, 32]","[false, false, false, false, false]","[0.48085126280784607, 0.4892963469028473, 0.5038217902183533, 0.4822680354118347, 0.49033695459365845]",,,,0,,,0.3969021141529083,0.5076342225074768,0.4908556640148163,0.5328503251075745,0.6340047121047974,0.0472845584154129,0.08228792250156403,0.055696845054626465,0.07260268181562424,0.07147827744483948,0.48085126280784607,0.4892963469028473,0.5038217902183533,0.4822680354118347,0.49033695459365845,,,,,0.9628045558929443,nan,nan,nan,0.9861995577812195,nan,nan,nan,0.9843469262123108,nan,nan,nan,0.9873132705688477,nan,nan,nan
forward,0,test,4,0.002,5,4,"[""zero_hop"", ""hop_1"", ""hop_2"", ""hop_3"", ""hop_4""]","[183, 5]","[183, 5]",,"[183, 5, 32]","[false, false, false, false, false]","[0.514144778251648, 0.5040349364280701, 0.5139920115470886, 0.4910391867160797, 0.4940486550331116]",,,,0,,,0.5294037461280823,0.46658140420913696,0.4414467513561249,0.5553786158561707,0.4672946631908417,0.04381054267287254,0.0472274012863636,0.07278215885162354,0.04865945875644684,0.137533500790596,0.514144778251648,0.5040349364280701,0.5139920115470886,0.4910391867160797,0.4940486550331116,,,,,0.882803738117218,nan,nan,nan,0.9864015579223633,nan,nan,nan,0.9973107576370239,nan,nan,nan,0.9921296238899231,nan,nan,nan
forward,0,test,5,0.002,5,4,"[""zero_hop"", ""hop_1"", ""hop_2"", ""hop_3"", ""hop_4""]","[183, 5]","[183, 5]",,"[183, 5, 32]","[false, false, false, false, false]","[0.4983904957771301, 0.5118920803070068, 0.5178236961364746, 0.48136427998542786, 0.5162367224693298]",,,,0,,,0.5721027255058289,0.49496516585350037,0.5785406231880188,0.5758936405181885,0.4994264543056488,0.07263589650392532,0.09637879580259323,0.08833163976669312,0.063294917345047,0.10353201627731323,0.4983904957771301,0.5118920803070068,0.5178236961364746,0.48136427998542786,0.5162367224693298,,,,,0.9756197333335876,nan,nan,nan,0.9843623042106628,nan,nan,nan,0.9837825298309326,nan,nan,nan,0.9966035485267639,nan,nan,nan
forward,50,train,0,0.00043199999999999993,5,4,"[""zero_hop"", ""hop_1"", ""hop_2"", ""hop_3"", ""hop_4""]","[183, 5]","[183, 5]",,"[183, 5, 32]","[false, false, false, false, false]","[0.5004469156265259, 0.49972477555274963, 0.5000468492507935, 0.48932984471321106, 0.49543118476867676]",,,,0,,,0.584330141544342,0.46839675307273865,0.6050893664360046,0.42901918292045593,0.3852548897266388,0.07850351184606552,0.07570771127939224,0.08594349771738052,0.07855123281478882,0.09086192399263382,0.5004469156265259,0.49972477555274963,0.5000468492507935,0.48932984471321106,0.49543118476867676,,,,,,,,,,,,,,,,,,,,
forward,50,train,1,0.00043199999999999993,5,4,"[""zero_hop"", ""hop_1"", ""hop_2"", ""hop_3"", ""hop_4""]","[183, 5]","[183, 5]",,"[183, 5, 32]","[false, false, false, false, false]","[0.5116157531738281, 0.5104051828384399, 0.5049854516983032, 0.48634618520736694, 0.48008379340171814]",,,,0,,,0.5177385210990906,0.3645458519458771,0.578997790813446,0.5148831605911255,0.6731289625167847,0.1534935086965561,0.17633561789989471,0.1596699208021164,0.17033404111862183,0.1738187074661255,0.5116157531738281,0.5104051828384399,0.5049854516983032,0.48634618520736694,0.48008379340171814,,,,,,,,,,,,,,,,,,,,
forward,50,train,2,0.00043199999999999993,5,4,"[""zero_hop"", ""hop_1"", ""hop_2"", ""hop_3"", ""hop_4""]","[183, 5]","[183, 5]",,"[183, 5, 32]","[false, false, false, false, false]","[0.4876050353050232, 0.4893357753753662, 0.4848424196243286, 0.5048707127571106, 0.47792738676071167]",,,,0,,,0.5752524733543396,0.498303085565567,0.5157008767127991,0.43059250712394714,0.4212060570716858,0.20182043313980103,0.17773722112178802,0.18238267302513123,0.16887377202510834,0.17116352915763855,0.4876050353050232,0.4893357753753662,0.4848424196243286,0.5048707127571106,0.47792738676071167,,,,,,,,,,,,,,,,,,,,
forward,50,train,3,0.00043199999999999993,5,4,"[""zero_hop"", ""hop_1"", ""hop_2"", ""hop_3"", ""hop_4""]","[183, 5]","[183, 5]",,"[183, 5, 32]","[false, false, false, false, false]","[0.47562986612319946, 0.49365857243537903, 0.5036927461624146, 0.48527178168296814, 0.4909065365791321]",,,,0,,,0.37209561467170715,0.48582056164741516,0.49992668628692627,0.5570045113563538,0.46623995900154114,0.18438774347305298,0.2061588168144226,0.1949700266122818,0.20094184577465057,0.20295976102352142,0.47562986612319946,0.49365857243537903,0.5036927461624146,0.48527178168296814,0.4909065365791321,,,,,,,,,,,,,,,,,,,,
forward,50,train,4,0.00043199999999999993,5,4,"[""zero_hop"", ""hop_1"", ""hop_2"", ""hop_3"", ""hop_4""]","[183, 5]","[183, 5]",,"[183, 5, 32]","[false, false, false, false, false]","[0.5127794742584229, 0.5014989972114563, 0.5167780518531799, 0.49188923835754395, 0.4954740107059479]",,,,0,,,0.5593763589859009,0.5306788086891174,0.48345550894737244,0.5096238851547241,0.4628952741622925,0.18822568655014038,0.1987369805574417,0.15176360309123993,0.16036027669906616,0.18560568988323212,0.5127794742584229,0.5014989972114563,0.5167780518531799,0.49188923835754395,0.4954740107059479,,,,,,,,,,,,,,,,,,,,
forward,50,train,5,0.00043199999999999993,5,4,"[""zero_hop"", ""hop_1"", ""hop_2"", ""hop_3"", ""hop_4""]","[183, 5]","[183, 5]",,"[183, 5, 32]","[false, false, false, false, false]","[0.5019810795783997, 0.49819302558898926, 0.5162761211395264, 0.4907865524291992, 0.5250014662742615]",,,,0,,,0.5726082921028137,0.4096052646636963,0.47446635365486145,0.5718669295310974,0.6149798631668091,0.1675264686346054,0.18931740522384644,0.16950476169586182,0.1664748340845108,0.1693759262561798,0.5019810795783997,0.49819302558898926,0.5162761211395264,0.4907865524291992,0.5250014662742615,,,,,,,,,,,,,,,,,,,,
backward,50,train,0,0.00043199999999999993,5,,,,,,,,,,,,0,1.1912435603519214,,,,,,,,,,,,,,,,,,,,,,,,,,,,,,,,,,,,
backward,50,train,1,0.00043199999999999993,5,,,,,,,,,,,,0,1.0549439168144696,,,,,,,,,,,,,,,,,,,,,,,,,,,,,,,,,,,,
backward,50,train,2,0.00043199999999999993,5,,,,,,,,,,,,0,0.8873901580606157,,,,,,,,,,,,,,,,,,,,,,,,,,,,,,,,,,,,
backward,50,train,3,0.00043199999999999993,5,,,,,,,,,,,,0,0.636400118143605,,,,,,,,,,,,,,,,,,,,,,,,,,,,,,,,,,,,
backward,50,train,4,0.00043199999999999993,5,,,,,,,,,,,,0,0.5034737810648795,,,,,,,,,,,,,,,,,,,,,,,,,,,,,,,,,,,,
backward,50,train,5,0.00043199999999999993,5,,,,,,,,,,,,0,0.3262756549047261,,,,,,,,,,,,,,,,,,,,,,,,,,,,,,,,,,,,
forward,50,val,0,0.00043199999999999993,5,4,"[""zero_hop"", ""hop_1"", ""hop_2"", ""hop_3"", ""hop_4""]","[183, 5]","[183, 5]",,"[183, 5, 32]","[false, false, false, false, false]","[0.5004214644432068, 0.4997296631336212, 0.5000579953193665, 0.48932212591171265, 0.4954431653022766]",,,,0,,,0.5844876170158386,0.4691811203956604,0.6060463786125183,0.43263664841651917,0.3819442391395569,0.056675925850868225,0.04912771284580231,0.06330157816410065,0.05257204547524452,0.06851258873939514,0.5004214644432068,0.4997296631336212,0.5000579953193665,0.48932212591171265,0.4954431653022766,,,,,0.9523494243621826,0.03656825050711632,0.23009076714515686,0.9926559925079346,0.8840479254722595,0.029306981712579727,0.6997960805892944,0.8996766209602356,0.9435825347900391,0.019192064180970192,0.6010454893112183,0.9538085460662842,0.9748193025588989,0.015946470201015472,0.3655577301979065,0.946368932723999
forward,50,val,1,0.00043199999999999993,5,4,"[""zero_hop"", ""hop_1"", ""hop_2"", ""hop_3"", ""hop_4""]","[183, 5]","[183, 5]",,"[183, 5, 32]","[false, false, false, false, false]","[0.5116198062896729, 0.5103970766067505, 0.5049639940261841, 0.4863618016242981, 0.48010995984077454]",,,,0,,,0.5395406484603882,0.2883109450340271,0.6010090708732605,0.5563321113586426,0.7195979952812195,0.07207708060741425,0.07033107429742813,0.06829024106264114,0.07720725983381271,0.048432786017656326,0.5116198062896729,0.5103970766067505,0.5049639940261841,0.4863618016242981,0.48010995984077454,,,,,0.897209644317627,0.09172357618808746,0.5441845655441284,0.9583398103713989,0.8857915997505188,0.031083835288882256,0.5891634225845337,0.9417811036109924,0.9445716142654419,0.021796224638819695,0.21450603008270264,0.9589601159095764,0.9221257567405701,0.0414106659591198,0.5535086989402771,0.7377694845199585
forward,50,val,2,0.00043199999999999993,5,4,"[""zero_hop"", ""hop_1"", ""hop_2"", ""hop_3"", ""hop_4""]","[183, 5]","[183, 5]",,"[183, 5, 32]","[false, false, false, false, false]","[0.48764604330062866, 0.48929765820503235, 0.4848092496395111, 0.5048717856407166, 0.47793978452682495]",,,,0,,,0.6992700695991516,0.500551164150238,0.6201587915420532,0.4190492630004883,0.33526965975761414,0.17812134325504303,0.05599784478545189,0.06813320517539978,0.05435701459646225,0.05317549780011177,0.48764604330062866,0.48929765820503235,0.4848092496395111,0.5048717856407166,0.47793978452682495,,,,,0.9578887820243835,0.08047885447740555,0.46782034635543823,0.968414306640625,0.9835613965988159,0.014195078983902931,0.2760871648788452,0.9801517724990845,0.9817141890525818,0.01771901361644268,0.19052612781524658,0.9681376218795776,0.9909774661064148,0.026416799053549767,0.2906326651573181,0.9037547707557678
forward,50,val,3,0.00043199999999999993,5,4,"[""zero_hop"", ""hop_1"", ""hop_2"", ""hop_3"", ""hop_4""]","[183, 5]","[183, 5]",,"[183, 5, 32]","[false, false, false, false, false]","[0.47560814023017883, 0.49367421865463257, 0.5036847591400146, 0.4852840304374695, 0.49090704321861267]",,,,0,,,0.25126442313194275,0.49307486414909363,0.46466076374053955,0.557434618473053,0.49643227458000183,0.0738469585776329,0.07022086530923843,0.10394682735204697,0.05767938867211342,0.09349951148033142,0.47560814023017883,0.49367421865463257,0.5036847591400146,0.4852840304374695,0.49090704321861267,,,,,0.9730467796325684,0.04870697855949402,0.363297700881958,0.9859532713890076,0.9919397234916687,0.009709581732749939,0.23934024572372437,0.9908434152603149,0.9968611598014832,0.009082593023777008,0.15840262174606323,0.9904381036758423,0.9940791130065918,0.013663088902831078,0.3204658627510071,0.9641435146331787
forward,50,val,4,0.00043199999999999993,5,4,"[""zero_hop"", ""hop_1"", ""hop_2"", ""hop_3"", ""hop_4""]","[183, 5]","[183, 5]",,"[183, 5, 32]","[false, false, false, false, false]","[0.5127728581428528, 0.50144362449646, 0.5167862176895142, 0.4919395446777344, 0.4954625964164734]",,,,0,,,0.5671009421348572,0.49655914306640625,0.47085511684417725,0.4997129738330841,0.3165508508682251,0.04066365212202072,0.05555591359734535,0.03146757930517197,0.0286710262298584,0.0928870216012001,0.5127728581428528,0.50144362449646,0.5167862176895142,0.4919395446777344,0.4954625964164734,,,,,0.896075427532196,0.04284505546092987,0.5040013790130615,0.9909961223602295,0.9937447309494019,0.010495820082724094,0.2960711121559143,0.9875413179397583,0.9973607659339905,0.006100577302277088,0.07230225205421448,0.9960817694664001,0.9979380369186401,0.011814450845122337,0.31650403141975403,0.974319577217102
forward,50,val,5,0.00043199999999999993,5,4,"[""zero_hop"", ""hop_1"", ""hop_2"", ""hop_3"", ""hop_4""]","[183, 5]","[183, 5]",,"[183, 5, 32]","[false, false, false, false, false]","[0.5019673705101013, 0.49813735485076904, 0.5163170099258423, 0.4908311665058136, 0.5250291228294373]",,,,0,,,0.631149172782898,0.31205981969833374,0.7040176391601562,0.6127340793609619,0.6060459017753601,0.08782932162284851,0.04076570272445679,0.07242348045110703,0.07264439761638641,0.07823893427848816,0.5019673705101013,0.49813735485076904,0.5163170099258423,0.4908311665058136,0.5250291228294373,,,,,0.9457184672355652,0.05775049328804016,0.4356275796890259,0.9805725812911987,0.9960136413574219,0.00917566567659378,0.20905327796936035,0.9899636507034302,0.9971393346786499,0.008001627400517464,0.4275680184364319,0.9810153841972351,0.9947260618209839,0.008210035972297192,0.11416029930114746,0.986958384513855
forward,50,test,0,0.00043199999999999993,5,4,"[""zero_hop"", ""hop_1"", ""hop_2"", ""hop_3"", ""hop_4""]","[183, 5]","[183, 5]",,"[183, 5, 32]","[false, false, false, false, false]","[0.5004214644432068, 0.4997296631336212, 0.5000579953193665, 0.48932212591171265, 0.4954431653022766]",,,,0,,,0.5844876170158386,0.4691811203956604,0.6060463786125183,0.43263664841651917,0.3819442391395569,0.056675925850868225,0.04912771284580231,0.06330157816410065,0.05257204547524452,0.06851258873939514,0.5004214644432068,0.4997296631336212,0.5000579953193665,0.48932212591171265,0.4954431653022766,,,,,0.9523494243621826,0.03656825050711632,0.23009076714515686,0.9926559925079346,0.8840479254722595,0.029306981712579727,0.6997960805892944,0.8996766209602356,0.9435825347900391,0.019192064180970192,0.6010454893112183,0.9538085460662842,0.9748193025588989,0.015946470201015472,0.3655577301979065,0.946368932723999
forward,50,test,1,0.00043199999999999993,5,4,"[""zero_hop"", ""hop_1"", ""hop_2"", ""hop_3"", ""hop_4""]","[183, 5]","[183, 5]",,"[183, 5, 32]","[false, false, false, false, false]","[0.5116198062896729, 0.5103970766067505, 0.5049639940261841, 0.4863618016242981, 0.48010995984077454]",,,,0,,,0.5395406484603882,0.2883109450340271,0.6010090708732605,0.5563321113586426,0.7195979952812195,0.07207708805799484,0.07033108174800873,0.06829024851322174,0.07720725983381271,0.048432786017656326,0.5116198062896729,0.5103970766067505,0.5049639940261841,0.4863618016242981,0.48010995984077454,,,,,0.897209644317627,0.09172357618808746,0.5441845655441284,0.9583398103713989,0.8857915997505188,0.031083835288882256,0.5891634821891785,0.9417811036109924,0.9445716142654419,0.021796222776174545,0.21450601518154144,0.9589600563049316,0.9221257567405701,0.0414106622338295,0.5535086989402771,0.7377694845199585
forward,50,test,2,0.00043199999999999993,5,4,"[""zero_hop"", ""hop_1"", ""hop_2"", ""hop_3"", ""hop_4""]","[183, 5]","[183, 5]",,"[183, 5, 32]","[false, false, false, false, false]","[0.48764604330062866, 0.48929765820503235, 0.4848092496395111, 0.5048717856407166, 0.47793978452682495]",,,,0,,,0.6992700695991516,0.500551164150238,0.6201587915420532,0.4190492630004883,0.3352696895599365,0.17812134325504303,0.05599784478545189,0.06813320517539978,0.05435701459646225,0.05317549780011177,0.48764604330062866,0.48929765820503235,0.4848092496395111,0.5048717856407166,0.47793978452682495,,,,,0.9578887820243835,0.08047885447740555,0.46782034635543823,0.968414306640625,0.9835613965988159,0.014195081777870655,0.2760871648788452,0.9801517724990845,0.9817141890525818,0.01771901175379753,0.1905260682106018,0.9681376814842224,0.9909774661064148,0.026416799053549767,0.2906324863433838,0.9037547707557678
forward,50,test,3,0.00043199999999999993,5,4,"[""zero_hop"", ""hop_1"", ""hop_2"", ""hop_3"", ""hop_4""]","[183, 5]","[183, 5]",,"[183, 5, 32]","[false, false, false, false, false]","[0.47560814023017883, 0.49367421865463257, 0.5036847591400146, 0.4852840304374695, 0.49090704321861267]",,,,0,,,0.25126442313194275,0.49307486414909363,0.46466076374053955,0.557434618473053,0.4964323043823242,0.0738469585776329,0.07022086530923843,0.10394682735204697,0.05767939239740372,0.09349951148033142,0.47560814023017883,0.49367421865463257,0.5036847591400146,0.4852840304374695,0.49090704321861267,,,,,0.9730467796325684,0.04870697855949402,0.3632977306842804,0.9859532713890076,0.9919397234916687,0.009709581732749939,0.23934033513069153,0.9908434152603149,0.9968611598014832,0.009082592092454433,0.15840250253677368,0.9904383420944214,0.9940791130065918,0.013663088902831078,0.3204658627510071,0.9641435146331787
forward,50,test,4,0.00043199999999999993,5,4,"[""zero_hop"", ""hop_1"", ""hop_2"", ""hop_3"", ""hop_4""]","[183, 5]","[183, 5]",,"[183, 5, 32]","[false, false, false, false, false]","[0.5127728581428528, 0.50144362449646, 0.5167862176895142, 0.4919395446777344, 0.4954625964164734]",,,,0,,,0.5671009421348572,0.49655914306640625,0.47085511684417725,0.4997129738330841,0.3165508508682251,0.04066365584731102,0.055555909872055054,0.03146757557988167,0.02867102436721325,0.0928870216012001,0.5127728581428528,0.50144362449646,0.5167862176895142,0.4919395446777344,0.4954625964164734,,,,,0.8960754871368408,0.04284505918622017,0.5040014982223511,0.9909963011741638,0.9937447309494019,0.010495818220078945,0.29607096314430237,0.9875413179397583,0.9973607659339905,0.00610057869926095,0.07230231165885925,0.9960815906524658,0.9979380369186401,0.011814450845122337,0.31650397181510925,0.9743196368217468
forward,50,test,5,0.00043199999999999993,5,4,"[""zero_hop"", ""hop_1"", ""hop_2"", ""hop_3"", ""hop_4""]","[183, 5]","[183, 5]",,"[183, 5, 32]","[false, false, false, false, false]","[0.5019673705101013, 0.49813735485076904, 0.5163170099258423, 0.4908311665058136, 0.5250291228294373]",,,,0,,,0.631149172782898,0.31205978989601135,0.7040176391601562,0.6127340793609619,0.6060458421707153,0.08782932162284851,0.04076570272445679,0.07242348790168762,0.07264440506696701,0.07823890447616577,0.5019673705101013,0.49813735485076904,0.5163170099258423,0.4908311665058136,0.5250291228294373,,,,,0.9457185864448547,0.057750504463911057,0.4356275498867035,0.9805725812911987,0.9960136413574219,0.009175666607916355,0.20905351638793945,0.9899636507034302,0.9971393346786499,0.008001628331840038,0.4275679886341095,0.9810153245925903,0.9947260618209839,0.008210035972297192,0.11416029930114746,0.986958384513855
forward,100,train,0,5.5987199999999985e-05,5,4,"[""zero_hop"", ""hop_1"", ""hop_2"", ""hop_3"", ""hop_4""]","[183, 5]","[183, 5]",,"[183, 5, 32]","[false, false, false, false, false]","[0.5003216862678528, 0.4996628761291504, 0.49997228384017944, 0.4892440736293793, 0.4958260953426361]",,,,0,,,0.5849244594573975,0.4640989303588867,0.6012383103370667,0.4373807907104492,0.3879222571849823,0.08183041214942932,0.07734134793281555,0.0804024189710617,0.07224985957145691,0.08591654896736145,0.5003216862678528,0.4996628761291504,0.49997228384017944,0.4892440736293793,0.4958260953426361,,,,,,,,,,,,,,,,,,,,
forward,100,train,1,5.5987199999999985e-05,5,4,"[""zero_hop"", ""hop_1"", ""hop_2"", ""hop_3"", ""hop_4""]","[183, 5]","[183, 5]",,"[183, 5, 32]","[false, false, false, false, false]","[0.5117324590682983, 0.5102429389953613, 0.5051780343055725, 0.4862572252750397, 0.4801346957683563]",,,,0,,,0.544524073600769,0.3181329071521759,0.5872933268547058,0.5333998203277588,0.653818666934967,0.16485843062400818,0.1584271639585495,0.17011414468288422,0.15039025247097015,0.14637106657028198,0.5117324590682983,0.5102429389953613,0.5051780343055725,0.4862572252750397,0.4801346957683563,,,,,,,,,,,,,,,,,,,,
forward,100,train,2,5.5987199999999985e-05,5,4,"[""zero_hop"", ""hop_1"", ""hop_2"", ""hop_3"", ""hop_4""]","[183, 5]","[183, 5]",,"[183, 5, 32]","[false, false, false, false, false]","[0.4881211519241333, 0.4895399212837219, 0.4845746159553528, 0.505079984664917, 0.477538138628006]",,,,0,,,0.5812476873397827,0.4666372835636139,0.5365673899650574,0.45933642983436584,0.43615931272506714,0.20253470540046692,0.1879214644432068,0.19049735367298126,0.17280541360378265,0.19512446224689484,0.4881211519241333,0.4895399212837219,0.4845746159553528,0.505079984664917,0.477538138628006,,,,,,,,,,,,,,,,,,,,
forward,100,train,3,5.5987199999999985e-05,5,4,"[""zero_hop"", ""hop_1"", ""hop_2"", ""hop_3"", ""hop_4""]","[183, 5]","[183, 5]",,"[183, 5, 32]","[false, false, false, false, false]","[0.47565996646881104, 0.49321019649505615, 0.5038689970970154, 0.4856143891811371, 0.49079740047454834]",,,,0,,,0.40047892928123474,0.48157283663749695,0.4731636941432953,0.5387548208236694,0.4734199643135071,0.16982977092266083,0.17527012526988983,0.1772245466709137,0.16701608896255493,0.1826116144657135,0.47565996646881104,0.49321019649505615,0.5038689970970154,0.4856143891811371,0.49079740047454834,,,,,,,,,,,,,,,,,,,,
forward,100,train,4,5.5987199999999985e-05,5,4,"[""zero_hop"", ""hop_1"", ""hop_2"", ""hop_3"", ""hop_4""]","[183, 5]","[183, 5]",,"[183, 5, 32]","[false, false, false, false, false]","[0.5131117701530457, 0.5010142922401428, 0.5169435143470764, 0.4923579692840576, 0.4951160252094269]",,,,0,,,0.5426684617996216,0.4950951635837555,0.44617974758148193,0.5184870362281799,0.446023553609848,0.18111473321914673,0.1792464703321457,0.1634962558746338,0.16261053085327148,0.1819547712802887,0.5131117701530457,0.5010142922401428,0.5169435143470764,0.4923579692840576,0.4951160252094269,,,,,,,,,,,,,,,,,,,,
forward,100,train,5,5.5987199999999985e-05,5,4,"[""zero_hop"", ""hop_1"", ""hop_2"", ""hop_3"", ""hop_4""]","[183, 5]","[183, 5]",,"[183, 5, 32]","[false, false, false, false, false]","[0.501673698425293, 0.4969574511051178, 0.5171836614608765, 0.49187883734703064, 0.525475800037384]",,,,0,,,0.5682339668273926,0.32577967643737793,0.48128095269203186,0.6081292033195496,0.6286450624465942,0.16196487843990326,0.18418771028518677,0.1866167038679123,0.1854470670223236,0.16948971152305603,0.501673698425293,0.4969574511051178,0.5171836614608765,0.49187883734703064,0.525475800037384,,,,,,,,,,,,,,,,,,,,
backward,100,train,0,5.5987199999999985e-05,5,,,,,,,,,,,,0,1.506059614317739,,,,,,,,,,,,,,,,,,,,,,,,,,,,,,,,,,,,
backward,100,train,1,5.5987199999999985e-05,5,,,,,,,,,,,,0,1.2764433580285204,,,,,,,,,,,,,,,,,,,,,,,,,,,,,,,,,,,,
backward,100,train,2,5.5987199999999985e-05,5,,,,,,,,,,,,0,0.9908485998308341,,,,,,,,,,,,,,,,,,,,,,,,,,,,,,,,,,,,
backward,100,train,3,5.5987199999999985e-05,5,,,,,,,,,,,,0,0.7266729776394982,,,,,,,,,,,,,,,,,,,,,,,,,,,,,,,,,,,,
backward,100,train,4,5.5987199999999985e-05,5,,,,,,,,,,,,0,0.35541680078515897,,,,,,,,,,,,,,,,,,,,,,,,,,,,,,,,,,,,
backward,100,train,5,5.5987199999999985e-05,5,,,,,,,,,,,,0,0.3235522453052007,,,,,,,,,,,,,,,,,,,,,,,,,,,,,,,,,,,,
forward,100,val,0,5.5987199999999985e-05,5,4,"[""zero_hop"", ""hop_1"", ""hop_2"", ""hop_3"", ""hop_4""]","[183, 5]","[183, 5]",,"[183, 5, 32]","[false, false, false, false, false]","[0.5003229975700378, 0.49966001510620117, 0.49997591972351074, 0.48924097418785095, 0.49582549929618835]",,,,0,,,0.5834075212478638,0.4688939154148102,0.6047763228416443,0.4322957694530487,0.38547515869140625,0.05654042214155197,0.0489882193505764,0.06385396420955658,0.05272873118519783,0.06828317046165466,0.5003229975700378,0.49966001510620117,0.49997591972351074,0.48924097418785095,0.49582549929618835,,,,,0.9486567974090576,0.03944640979170799,0.23488196730613708,0.9917964339256287,0.8891288638114929,0.028812270611524582,0.6898607015609741,0.9044227600097656,0.9448549151420593,0.018932702019810677,0.601352334022522,0.9547934532165527,0.9743511080741882,0.015954453498125076,0.39612728357315063,0.9453518390655518
forward,100,val,1,5.5987199999999985e-05,5,4,"[""zero_hop"", ""hop_1"", ""hop_2"", ""hop_3"", ""hop_4""]","[183, 5]","[183, 5]",,"[183, 5, 32]","[false, false, false, false, false]","[0.5117349028587341, 0.5102433562278748, 0.50517338514328, 0.4862571060657501, 0.4801352024078369]",,,,0,,,0.5514904856681824,0.28385624289512634,0.610571563243866,0.5456123352050781,0.7208643555641174,0.07318384945392609,0.07035571336746216,0.07119306921958923,0.07670526206493378,0.048405617475509644,0.5117349028587341,0.5102433562278748,0.50517338514328,0.4862571060657501,0.4801352024078369,,,,,0.9020890593528748,0.0889890268445015,0.5323728322982788,0.9596052169799805,0.8870188593864441,0.030988918617367744,0.559789776802063,0.9423779845237732,0.9500555992126465,0.021565306931734085,0.2062532901763916,0.9602303504943848,0.9132936596870422,0.04346592724323273,0.5879465937614441,0.7152086496353149
forward,100,val,2,5.5987199999999985e-05,5,4,"[""zero_hop"", ""hop_1"", ""hop_2"", ""hop_3"", ""hop_4""]","[183, 5]","[183, 5]",,"[183, 5, 32]","[false, false, false, false, false]","[0.4881226420402527, 0.48954030871391296, 0.48457446694374084, 0.5050836205482483, 0.4775378704071045]",,,,0,,,0.7200392484664917,0.5096707940101624,0.6103916168212891,0.42082443833351135,0.32498273253440857,0.17305752635002136,0.04997408017516136,0.0644306093454361,0.054773349314928055,0.059951603412628174,0.4881226420402527,0.48954030871391296,0.48457446694374084,0.5050836205482483,0.4775378704071045,,,,,0.9610173106193542,0.07984379678964615,0.4533388912677765,0.9691148996353149,0.9821369647979736,0.01470918394625187,0.29659414291381836,0.9793392419815063,0.9811879396438599,0.01788409799337387,0.2032691240310669,0.967564582824707,0.9902787804603577,0.027166252955794334,0.3064771890640259,0.8982568979263306
forward,100,val,3,5.5987199999999985e-05,5,4,"[""zero_hop"", ""hop_1"", ""hop_2"", ""hop_3"", ""hop_4""]","[183, 5]","[183, 5]",,"[183, 5, 32]","[false, false, false, false, false]","[0.47565943002700806, 0.4932114779949188, 0.5038686990737915, 0.48561394214630127, 0.49079689383506775]",,,,0,,,0.2513312101364136,0.47367894649505615,0.4766220152378082,0.5657011866569519,0.48828408122062683,0.07493000477552414,0.07447416335344315,0.09964406490325928,0.05611708015203476,0.09946715086698532,0.47565943002700806,0.4932114779949188,0.5038686990737915,0.48561394214630127,0.49079689383506775,,,,,0.9724055528640747,0.04952583461999893,0.36916106939315796,0.9858855605125427,0.9928645491600037,0.0097066480666399,0.20995253324508667,0.991454541683197,0.9975934624671936,0.009264560416340828,0.1578415036201477,0.9898659586906433,0.9937172532081604,0.013618594966828823,0.318528413772583,0.9651296138763428
forward,100,val,4,5.5987199999999985e-05,5,4,"[""zero_hop"", ""hop_1"", ""hop_2"", ""hop_3"", ""hop_4""]","[183, 5]","[183, 5]",,"[183, 5, 32]","[false, false, false, false, false]","[0.5131063461303711, 0.5010139346122742, 0.5169424414634705, 0.492360383272171, 0.4951188266277313]",,,,0,,,0.5858098864555359,0.47778406739234924,0.4689956605434418,0.5243791341781616,0.3240011930465698,0.03470132499933243,0.05660361796617508,0.033149056136608124,0.03671325370669365,0.09235889464616776,0.5131063461303711,0.5010139346122742,0.5169424414634705,0.492360383272171,0.4951188266277313,,,,,0.8994370698928833,0.044384974986314774,0.507943868637085,0.9906083345413208,0.9935359954833984,0.010273216292262077,0.3151775002479553,0.9871382117271423,0.9976842403411865,0.005956957582384348,0.07241392135620117,0.9962015151977539,0.997986912727356,0.011735525913536549,0.3124367892742157,0.974564790725708
forward,100,val,5,5.5987199999999985e-05,5,4,"[""zero_hop"", ""hop_1"", ""hop_2"", ""hop_3"", ""hop_4""]","[183, 5]","[183, 5]",,"[183, 5, 32]","[false, false, false, false, false]","[0.5016726851463318, 0.4969501495361328, 0.5171834826469421, 0.4918876588344574, 0.525479793548584]",,,,0,,,0.6184217929840088,0.2780466079711914,0.6960340738296509,0.6431612968444824,0.621261715888977,0.08812609314918518,0.045153941959142685,0.059975627809762955,0.080986388027668,0.0802616998553276,0.5016726851463318,0.4969501495361328,0.5171834826469421,0.4918876588344574,0.525479793548584,,,,,0.953092634677887,0.05277565121650696,0.3724627196788788,0.9834312200546265,0.9956569075584412,0.009001423604786396,0.21538977324962616,0.9905397891998291,0.9961578249931335,0.00796028133481741,0.38804781436920166,0.9819678664207458,0.9948261976242065,0.008241244591772556,0.13183289766311646,0.9866324067115784
forward,100,test,0,5.5987199999999985e-05,5,4,"[""zero_hop"", ""hop_1"", ""hop_2"", ""hop_3"", ""hop_4""]","[183, 5]","[183, 5]",,"[183, 5, 32]","[false, false, false, false, false]","[0.5003229975700378, 0.49966001510620117, 0.49997591972351074, 0.48924097418785095, 0.49582549929618835]",,,,0,,,0.5834075212478638,0.4688939154148102,0.6047763228416443,0.4322957694530487,0.38547515869140625,0.05654042214155197,0.0489882193505764,0.06385396420955658,0.05272873118519783,0.06828317046165466,0.5003229975700378,0.49966001510620117,0.49997591972351074,0.48924097418785095,0.49582549929618835,,,,,0.9486567974090576,0.03944640979170799,0.23488196730613708,0.9917964339256287,0.8891288638114929,0.028812270611524582,0.6898607015609741,0.9044227600097656,0.9448549151420593,0.018932700157165527,0.601352334022522,0.9547934532165527,0.9743511080741882,0.015954453498125076,0.39612728357315063,0.9453518390655518
forward,100,test,1,5.5987199999999985e-05,5,4,"[""zero_hop"", ""hop_1"", ""hop_2"", ""hop_3"", ""hop_4""]","[183, 5]","[183, 5]",,"[183, 5, 32]","[false, false, false, false, false]","[0.5117349028587341, 0.5102433562278748, 0.50517338514328, 0.4862571060657501, 0.4801352024078369]",,,,0,,,0.5514904856681824,0.28385624289512634,0.610571563243866,0.5456123352050781,0.7208643555641174,0.07318384945392609,0.07035571336746216,0.07119306921958923,0.07670526206493378,0.04840562120079994,0.5117349028587341,0.5102433562278748,0.50517338514328,0.4862571060657501,0.4801352024078369,,,,,0.9020890593528748,0.0889890268445015,0.5323728322982788,0.9596052169799805,0.8870188593864441,0.030988920480012894,0.5597897171974182,0.9423779845237732,0.9500555992126465,0.021565305069088936,0.2062532901763916,0.9602303504943848,0.9132936596870422,0.043465930968523026,0.5879465341567993,0.7152086496353149
forward,100,test,2,5.5987199999999985e-05,5,4,"[""zero_hop"", ""hop_1"", ""hop_2"", ""hop_3"", ""hop_4""]","[183, 5]","[183, 5]",,"[183, 5, 32]","[false, false, false, false, false]","[0.4881226420402527, 0.48954030871391296, 0.48457446694374084, 0.5050836205482483, 0.4775378704071045]",,,,0,,,0.7200392484664917,0.5096707940101624,0.6103916168212891,0.42082443833351135,0.32498273253440857,0.17305752635002136,0.04997408017516136,0.0644306167960167,0.05477335304021835,0.059951599687337875,0.4881226420402527,0.48954030871391296,0.48457446694374084,0.5050836205482483,0.4775378704071045,,,,,0.9610173106193542,0.07984378188848495,0.4533388614654541,0.9691148996353149,0.9821369647979736,0.014709184877574444,0.2965942621231079,0.9793392419815063,0.9811879396438599,0.017884094268083572,0.20326900482177734,0.9675644636154175,0.9902787804603577,0.027166249230504036,0.3064769506454468,0.8982568383216858
forward,100,test,3,5.5987199999999985e-05,5,4,"[""zero_hop"", ""hop_1"", ""hop_2"", ""hop_3"", ""hop_4""]","[183, 5]","[183, 5]",,"[183, 5, 32]","[false, false, false, false, false]","[0.47565943002700806, 0.4932114779949188, 0.5038686990737915, 0.48561394214630127, 0.49079689383506775]",,,,0,,,0.2513311803340912,0.47367894649505615,0.4766220152378082,0.5657011866569519,0.48828399181365967,0.07493000477552414,0.07447415590286255,0.09964406490325928,0.05611707642674446,0.09946715086698532,0.47565943002700806,0.4932114779949188,0.5038686990737915,0.48561394214630127,0.49079689383506775,,,,,0.9724055528640747,0.04952583461999893,0.3691610097885132,0.9858855605125427,0.9928645491600037,0.009706646203994751,0.20995265245437622,0.9914547204971313,0.9975934624671936,0.009264557622373104,0.15784156322479248,0.9898661375045776,0.9937172532081604,0.013618594966828823,0.318528413772583,0.965129554271698
forward,100,test,4,5.5987199999999985e-05,5,4,"[""zero_hop"", ""hop_1"", ""hop_2"", ""hop_3"", ""hop_4""]","[183, 5]","[183, 5]",,"[183, 5, 32]","[false, false, false, false, false]","[0.5131063461303711, 0.5010139346122742, 0.5169424414634705, 0.492360383272171, 0.4951188266277313]",,,,0,,,0.5858098864555359,0.47778406739234924,0.4689956605434418,0.5243791341781616,0.3240011930465698,0.03470132499933243,0.05660362169146538,0.03314905986189842,0.03671325370669365,0.09235890209674835,0.5131063461303711,0.5010139346122742,0.5169424414634705,0.492360383272171,0.4951188266277313,,,,,0.8994370698928833,0.04438497871160507,0.5079439878463745,0.9906085133552551,0.9935359954833984,0.010273215360939503,0.3151775002479553,0.9871382117271423,0.9976842403411865,0.005956955254077911,0.07241392135620117,0.9962015151977539,0.997986912727356,0.011735525913536549,0.3124367594718933,0.9745649099349976
forward,100,test,5,5.5987199999999985e-05,5,4,"[""zero_hop"", ""hop_1"", ""hop_2"", ""hop_3"", ""hop_4""]","[183, 5]","[183, 5]",,"[183, 5, 32]","[false, false, false, false, false]","[0.5016726851463318, 0.4969501495361328, 0.5171834826469421, 0.4918876588344574, 0.525479793548584]",,,,0,,,0.6184217929840088,0.2780466079711914,0.6960340738296509,0.6431612968444824,0.621261715888977,0.08812610059976578,0.04515393450856209,0.05997561290860176,0.0809864029288292,0.08026169240474701,0.5016726851463318,0.4969501495361328,0.5171834826469421,0.4918876588344574,0.525479793548584,,,,,0.953092634677887,0.05277566984295845,0.372462660074234,0.9834312200546265,0.9956569075584412,0.00900142453610897,0.21539005637168884,0.9905397295951843,0.9961577653884888,0.007960283197462559,0.38804787397384644,0.9819679260253906,0.9948261976242065,0.008241244591772556,0.13183271884918213,0.9866324663162231
forward,150,train,0,1e-05,5,4,"[""zero_hop"", ""hop_1"", ""hop_2"", ""hop_3"", ""hop_4""]","[183, 5]","[183, 5]",,"[183, 5, 32]","[false, false, false, false, false]","[0.5003337860107422, 0.49967119097709656, 0.5000086426734924, 0.4892079830169678, 0.49578455090522766]",,,,0,,,0.5824460387229919,0.46740254759788513,0.6088743805885315,0.43553152680397034,0.39269205927848816,0.0816752165555954,0.07873707264661789,0.09175468981266022,0.0862879753112793,0.0920737162232399,0.5003337860107422,0.49967119097709656,0.5000086426734924,0.4892079830169678,0.49578455090522766,,,,,,,,,,,,,,,,,,,,
forward,150,train,1,1e-05,5,4,"[""zero_hop"", ""hop_1"", ""hop_2"", ""hop_3"", ""hop_4""]","[183, 5]","[183, 5]",,"[183, 5, 32]","[false, false, false, false, false]","[0.511772871017456, 0.5102168917655945, 0.5051459670066833, 0.4862431287765503, 0.48015475273132324]",,,,0,,,0.5321505069732666,0.33657026290893555,0.5782700777053833,0.5088284611701965,0.674956738948822,0.16764919459819794,0.17106600105762482,0.16396275162696838,0.18047872185707092,0.17078937590122223,0.511772871017456,0.5102168917655945,0.5051459670066833,0.4862431287765503,0.48015475273132324,,,,,,,,,,,,,,,,,,,,
forward,150,train,2,1e-05,5,4,"[""zero_hop"", ""hop_1"", ""hop_2"", ""hop_3"", ""hop_4""]","[183, 5]","[183, 5]",,"[183, 5, 32]","[false, false, false, false, false]","[0.48814454674720764, 0.4895409345626831, 0.4845435619354248, 0.5051238536834717, 0.4775546193122864]",,,,0,,,0.6145406365394592,0.49333465099334717,0.5028255581855774,0.45909583568573,0.3978617489337921,0.18593265116214752,0.17516252398490906,0.1685061901807785,0.172049880027771,0.17713497579097748,0.48814454674720764,0.4895409345626831,0.4845435619354248,0.5051238536834717,0.4775546193122864,,,,,,,,,,,,,,,,,,,,
forward,150,train,3,1e-05,5,4,"[""zero_hop"", ""hop_1"", ""hop_2"", ""hop_3"", ""hop_4""]","[183, 5]","[183, 5]",,"[183, 5, 32]","[false, false, false, false, false]","[0.47569724917411804, 0.49317970871925354, 0.5038581490516663, 0.4856056869029999, 0.4908113479614258]",,,,0,,,0.3800666630268097,0.49564093351364136,0.4902510344982147,0.5424978137016296,0.4717777371406555,0.16708147525787354,0.17732353508472443,0.1949022114276886,0.19330035150051117,0.1811971813440323,0.47569724917411804,0.49317970871925354,0.5038581490516663,0.4856056869029999,0.4908113479614258,,,,,,,,,,,,,,,,,,,,
forward,150,train,4,1e-05,5,4,"[""zero_hop"", ""hop_1"", ""hop_2"", ""hop_3"", ""hop_4""]","[183, 5]","[183, 5]",,"[183, 5, 32]","[false, false, false, false, false]","[0.5130491852760315, 0.5010189414024353, 0.5169339776039124, 0.4923858344554901, 0.4951421916484833]",,,,0,,,0.4958426058292389,0.48983681201934814,0.41484522819519043,0.5151107907295227,0.4468406140804291,0.1980525106191635,0.18851624429225922,0.16876152157783508,0.17049604654312134,0.17169532179832458,0.5130491852760315,0.5010189414024353,0.5169339776039124,0.4923858344554901,0.4951421916484833,,,,,,,,,,,,,,,,,,,,
forward,150,train,5,1e-05,5,4,"[""zero_hop"", ""hop_1"", ""hop_2"", ""hop_3"", ""hop_4""]","[183, 5]","[183, 5]",,"[183, 5, 32]","[false, false, false, false, false]","[0.5016456246376038, 0.4968184232711792, 0.5172581672668457, 0.491977721452713, 0.5255184173583984]",,,,0,,,0.5887833833694458,0.33285993337631226,0.47621721029281616,0.6530905961990356,0.6619490385055542,0.16768886148929596,0.16496989130973816,0.17211337387561798,0.15127404034137726,0.154176726937294,0.5016456246376038,0.4968184232711792,0.5172581672668457,0.491977721452713,0.5255184173583984,,,,,,,,,,,,,,,,,,,,
backward,150,train,0,1e-05,5,,,,,,,,,,,,0,1.2756012143148217,,,,,,,,,,,,,,,,,,,,,,,,,,,,,,,,,,,,
backward,150,train,1,1e-05,5,,,,,,,,,,,,0,0.940996486818958,,,,,,,,,,,,,,,,,,,,,,,,,,,,,,,,,,,,
backward,150,train,2,1e-05,5,,,,,,,,,,,,0,0.619450917932748,,,,,,,,,,,,,,,,,,,,,,,,,,,,,,,,,,,,
backward,150,train,3,1e-05,5,,,,,,,,,,,,0,0.48415851572309576,,,,,,,,,,,,,,,,,,,,,,,,,,,,,,,,,,,,
backward,150,train,4,1e-05,5,,,,,,,,,,,,0,0.48705858138370917,,,,,,,,,,,,,,,,,,,,,,,,,,,,,,,,,,,,
backward,150,train,5,1e-05,5,,,,,,,,,,,,0,0.3469911364448922,,,,,,,,,,,,,,,,,,,,,,,,,,,,,,,,,,,,
forward,150,val,0,1e-05,5,4,"[""zero_hop"", ""hop_1"", ""hop_2"", ""hop_3"", ""hop_4""]","[183, 5]","[183, 5]",,"[183, 5, 32]","[false, false, false, false, false]","[0.5003341436386108, 0.499671071767807, 0.5000088810920715, 0.4892076551914215, 0.4957839548587799]",,,,0,,,0.5836883783340454,0.46920090913772583,0.6052879095077515,0.43160614371299744,0.3846935033798218,0.056658416986465454,0.04895997792482376,0.06391839683055878,0.052661996334791183,0.06831159442663193,0.5003341436386108,0.499671071767807,0.5000088810920715,0.4892076551914215,0.4957839548587799,,,,,0.9487313032150269,0.03949499502778053,0.23454603552818298,0.9917847514152527,0.889255702495575,0.028805933892726898,0.686851978302002,0.9045717716217041,0.9446523189544678,0.0189887136220932,0.6014214158058167,0.9546418786048889,0.974248468875885,0.015975596383213997,0.39621517062187195,0.9450775384902954
forward,150,val,1,1e-05,5,4,"[""zero_hop"", ""hop_1"", ""hop_2"", ""hop_3"", ""hop_4""]","[183, 5]","[183, 5]",,"[183, 5, 32]","[false, false, false, false, false]","[0.5117729306221008, 0.5102171897888184, 0.5051455497741699, 0.4862428307533264, 0.48015502095222473]",,,,0,,,0.5526020526885986,0.2832830250263214,0.6096495389938354,0.5447232723236084,0.7223385572433472,0.07288528978824615,0.07026675343513489,0.07114636152982712,0.07631167769432068,0.0484069287776947,0.5117729306221008,0.5102171897888184,0.5051455497741699,0.4862428307533264,0.48015502095222473,,,,,0.9018633961677551,0.08923093229532242,0.5318894386291504,0.9595283269882202,0.8869447708129883,0.031034471467137337,0.5600614547729492,0.9422319531440735,0.9498967528343201,0.02164182811975479,0.21107971668243408,0.9599660634994507,0.912187933921814,0.04350079596042633,0.5965351462364197,0.7128708958625793
forward,150,val,2,1e-05,5,4,"[""zero_hop"", ""hop_1"", ""hop_2"", ""hop_3"", ""hop_4""]","[183, 5]","[183, 5]",,"[183, 5, 32]","[false, false, false, false, false]","[0.48814478516578674, 0.4895404875278473, 0.48454323410987854, 0.5051239132881165, 0.47755494713783264]",,,,0,,,0.7200542092323303,0.5094212293624878,0.6094146966934204,0.4216964542865753,0.32610705494880676,0.17264527082443237,0.05001973733305931,0.06366734951734543,0.054870493710041046,0.05948714166879654,0.48814478516578674,0.4895404875278473,0.48454323410987854,0.5051239132881165,0.47755494713783264,,,,,0.9605620503425598,0.08012822270393372,0.45524778962135315,0.9689035415649414,0.9820516705513,0.014765305444598198,0.2949698567390442,0.9793335199356079,0.981320858001709,0.01788284443318844,0.20192265510559082,0.9676396250724792,0.9901296496391296,0.027222489938139915,0.30589044094085693,0.8982328176498413
forward,150,val,3,1e-05,5,4,"[""zero_hop"", ""hop_1"", ""hop_2"", ""hop_3"", ""hop_4""]","[183, 5]","[183, 5]",,"[183, 5, 32]","[false, false, false, false, false]","[0.47569739818573, 0.4931803345680237, 0.5038576722145081, 0.4856060743331909, 0.4908105432987213]",,,,0,,,0.2515723407268524,0.4734148681163788,0.47700774669647217,0.565568745136261,0.4886292815208435,0.07444234192371368,0.07477302849292755,0.09940769523382187,0.055578477680683136,0.09925267100334167,0.47569739818573,0.4931803345680237,0.5038576722145081,0.4856060743331909,0.4908105432987213,,,,,0.972410261631012,0.049508027732372284,0.37175077199935913,0.9859042167663574,0.9928340911865234,0.009746011346578598,0.21271395683288574,0.9913911819458008,0.9975799322128296,0.009262078441679478,0.15915903449058533,0.989862859249115,0.9936578273773193,0.013644637539982796,0.3194269835948944,0.9650610685348511
forward,150,val,4,1e-05,5,4,"[""zero_hop"", ""hop_1"", ""hop_2"", ""hop_3"", ""hop_4""]","[183, 5]","[183, 5]",,"[183, 5, 32]","[false, false, false, false, false]","[0.5130485892295837, 0.5010188817977905, 0.5169346332550049, 0.492386132478714, 0.4951419532299042]",,,,0,,,0.5856379866600037,0.47897255420684814,0.4681841731071472,0.5255621075630188,0.3235812187194824,0.03458163142204285,0.05703629553318024,0.03228975087404251,0.03736351430416107,0.0925709679722786,0.5130485892295837,0.5010188817977905,0.5169346332550049,0.492386132478714,0.4951419532299042,,,,,0.8996862769126892,0.04437752068042755,0.5098235607147217,0.9905931949615479,0.9935653805732727,0.010276535525918007,0.3154411315917969,0.9871336221694946,0.9977094531059265,0.005939842667430639,0.07254081964492798,0.9962227940559387,0.9979618787765503,0.011735822074115276,0.3131164014339447,0.9745111465454102
forward,150,val,5,1e-05,5,4,"[""zero_hop"", ""hop_1"", ""hop_2"", ""hop_3"", ""hop_4""]","[183, 5]","[183, 5]",,"[183, 5, 32]","[false, false, false, false, false]","[0.5016450881958008, 0.49681687355041504, 0.5172591209411621, 0.4919785261154175, 0.5255194306373596]",,,,0,,,0.6187778115272522,0.2748524248600006,0.6956074237823486,0.6450661420822144,0.622289776802063,0.08852408081293106,0.045592136681079865,0.060165829956531525,0.0812721773982048,0.08083152025938034,0.5016450881958008,0.49681687355041504,0.5172591209411621,0.4919785261154175,0.5255194306373596,,,,,0.9532086253166199,0.052734389901161194,0.37078094482421875,0.983440101146698,0.9956720471382141,0.008943692781031132,0.2158983200788498,0.9906278848648071,0.9961128234863281,0.007979465648531914,0.3888036608695984,0.9818122982978821,0.9948189854621887,0.008258541114628315,0.1300830841064453,0.9867020845413208
forward,150,test,0,1e-05,5,4,"[""zero_hop"", ""hop_1"", ""hop_2"", ""hop_3"", ""hop_4""]","[183, 5]","[183, 5]",,"[183, 5, 32]","[false, false, false, false, false]","[0.5003341436386108, 0.499671071767807, 0.5000088810920715, 0.4892076551914215, 0.4957839548587799]",,,,0,,,0.5836883783340454,0.46920090913772583,0.6052879095077515,0.43160614371299744,0.3846935033798218,0.056658416986465454,0.04895997792482376,0.06391839683055878,0.052661996334791183,0.06831159442663193,0.5003341436386108,0.499671071767807,0.5000088810920715,0.4892076551914215,0.4957839548587799,,,,,0.9487313032150269,0.03949499502778053,0.23454603552818298,0.9917847514152527,0.889255702495575,0.028805933892726898,0.686851978302002,0.9045717716217041,0.9446523189544678,0.0189887136220932,0.6014214158058167,0.9546418190002441,0.974248468875885,0.015975596383213997,0.39621517062187195,0.9450775384902954
forward,150,test,1,1e-05,5,4,"[""zero_hop"", ""hop_1"", ""hop_2"", ""hop_3"", ""hop_4""]","[183, 5]","[183, 5]",,"[183, 5, 32]","[false, false, false, false, false]","[0.5117729306221008, 0.5102171897888184, 0.5051455497741699, 0.4862428307533264, 0.48015502095222473]",,,,0,,,0.5526020526885986,0.2832830250263214,0.6096495389938354,0.5447232723236084,0.7223385572433472,0.07288528978824615,0.07026675343513489,0.07114636152982712,0.07631167769432068,0.0484069287776947,0.5117729306221008,0.5102171897888184,0.5051455497741699,0.4862428307533264,0.48015502095222473,,,,,0.9018633961677551,0.08923094719648361,0.5318894386291504,0.9595283269882202,0.8869447708129883,0.031034469604492188,0.5600613951683044,0.9422318935394287,0.9498967528343201,0.02164182811975479,0.2110797017812729,0.9599661827087402,0.912187933921814,0.04350080341100693,0.5965351462364197,0.7128708958625793
forward,150,test,2,1e-05,5,4,"[""zero_hop"", ""hop_1"", ""hop_2"", ""hop_3"", ""hop_4""]","[183, 5]","[183, 5]",,"[183, 5, 32]","[false, false, false, false, false]","[0.48814478516578674, 0.4895404875278473, 0.48454323410987854, 0.5051239132881165, 0.47755494713783264]",,,,0,,,0.7200542092323303,0.5094212293624878,0.6094146966934204,0.4216964542865753,0.32610705494880676,0.17264527082443237,0.05001974105834961,0.06366734951734543,0.054870493710041046,0.05948713794350624,0.48814478516578674,0.4895404875278473,0.48454323410987854,0.5051239132881165,0.47755494713783264,,,,,0.9605620503425598,0.08012822270393372,0.4552476704120636,0.9689035415649414,0.9820516705513,0.014765305444598198,0.29496967792510986,0.9793336391448975,0.981320858001709,0.01788284257054329,0.2019227147102356,0.967639684677124,0.9901296496391296,0.027222488075494766,0.305890291929245,0.8982326984405518
forward,150,test,3,1e-05,5,4,"[""zero_hop"", ""hop_1"", ""hop_2"", ""hop_3"", ""hop_4""]","[183, 5]","[183, 5]",,"[183, 5, 32]","[false, false, false, false, false]","[0.47569739818573, 0.4931803345680237, 0.5038576722145081, 0.4856060743331909, 0.4908105432987213]",,,,0,,,0.2515723407268524,0.4734148681163788,0.47700774669647217,0.565568745136261,0.4886292815208435,0.07444235682487488,0.07477302849292755,0.09940769523382187,0.055578477680683136,0.09925267100334167,0.47569739818573,0.4931803345680237,0.5038576722145081,0.4856060743331909,0.4908105432987213,,,,,0.972410261631012,0.049508024007081985,0.37175077199935913,0.9859042167663574,0.9928340315818787,0.009746012277901173,0.21271410584449768,0.9913911819458008,0.9975799322128296,0.009262075647711754,0.15915894508361816,0.9898629188537598,0.9936578273773193,0.01364463847130537,0.3194269835948944,0.9650610089302063
forward,150,test,4,1e-05,5,4,"[""zero_hop"", ""hop_1"", ""hop_2"", ""hop_3"", ""hop_4""]","[183, 5]","[183, 5]",,"[183, 5, 32]","[false, false, false, false, false]","[0.5130485892295837, 0.5010188817977905, 0.5169346332550049, 0.492386132478714, 0.4951419532299042]",,,,0,,,0.5856379866600037,0.47897255420684814,0.4681841731071472,0.5255621075630188,0.3235812187194824,0.03458164259791374,0.057036299258470535,0.03228975087404251,0.03736351430416107,0.0925709530711174,0.5130485892295837,0.5010188817977905,0.5169346332550049,0.492386132478714,0.4951419532299042,,,,,0.8996862769126892,0.04437752068042755,0.5098235607147217,0.9905931949615479,0.9935653805732727,0.010276533663272858,0.3154411017894745,0.9871335029602051,0.9977094531059265,0.005939841736108065,0.07254081964492798,0.9962227940559387,0.9979618787765503,0.011735822074115276,0.3131163418292999,0.9745112657546997
forward,150,test,5,1e-05,5,4,"[""zero_hop"", ""hop_1"", ""hop_2"", ""hop_3"", ""hop_4""]","[183, 5]","[183, 5]",,"[183, 5, 32]","[false, false, false, false, false]","[0.5016450881958008, 0.49681687355041504, 0.5172591209411621, 0.4919785261154175, 0.5255194306373596]",,,,0,,,0.6187778115272522,0.274852454662323,0.6956074237823486,0.6450661420822144,0.622289776802063,0.08852408081293106,0.045592136681079865,0.06016584113240242,0.0812721699476242,0.08083151280879974,0.5016450881958008,0.49681687355041504,0.5172591209411621,0.4919785261154175,0.5255194306373596,,,,,0.9532085657119751,0.05273440480232239,0.3707810044288635,0.983440101146698,0.9956720471382141,0.008943691849708557,0.21589863300323486,0.9906279444694519,0.9961128234863281,0.00797946285456419,0.38880378007888794,0.9818124175071716,0.9948189854621887,0.008258541114628315,0.130082905292511,0.9867022037506104
forward,200,train,0,1e-05,5,4,"[""zero_hop"", ""hop_1"", ""hop_2"", ""hop_3"", ""hop_4""]","[183, 5]","[183, 5]",,"[183, 5, 32]","[false, false, false, false, false]","[0.5003580451011658, 0.49965834617614746, 0.5000144243240356, 0.4891882538795471, 0.49579116702079773]",,,,0,,,0.5848296284675598,0.46787914633750916,0.6019907593727112,0.4355684518814087,0.38386380672454834,0.07525515556335449,0.0777382180094719,0.08038090169429779,0.08137429505586624,0.0918370708823204,0.5003580451011658,0.49965834617614746,0.5000144243240356,0.4891882538795471,0.49579116702079773,,,,,,,,,,,,,,,,,,,,
forward,200,train,1,1e-05,5,4,"[""zero_hop"", ""hop_1"", ""hop_2"", ""hop_3"", ""hop_4""]","[183, 5]","[183, 5]",,"[183, 5, 32]","[false, false, false, false, false]","[0.5117809176445007, 0.5102217197418213, 0.5051504373550415, 0.48624593019485474, 0.48014694452285767]",,,,0,,,0.5061307549476624,0.3415704071521759,0.5903496146202087,0.5368226766586304,0.648624062538147,0.15163221955299377,0.15011820197105408,0.166904017329216,0.1476680040359497,0.16862033307552338,0.5117809176445007,0.5102217197418213,0.5051504373550415,0.48624593019485474,0.48014694452285767,,,,,,,,,,,,,,,,,,,,
forward,200,train,2,1e-05,5,4,"[""zero_hop"", ""hop_1"", ""hop_2"", ""hop_3"", ""hop_4""]","[183, 5]","[183, 5]",,"[183, 5, 32]","[false, false, false, false, false]","[0.4881587624549866, 0.4895154535770416, 0.48454222083091736, 0.5051352977752686, 0.47756049036979675]",,,,0,,,0.5512284636497498,0.5019170641899109,0.5157303214073181,0.4036593437194824,0.42263513803482056,0.20832501351833344,0.19788680970668793,0.19245731830596924,0.19420713186264038,0.19627656042575836,0.4881587624549866,0.4895154535770416,0.48454222083091736,0.5051352977752686,0.47756049036979675,,,,,,,,,,,,,,,,,,,,
forward,200,train,3,1e-05,5,4,"[""zero_hop"", ""hop_1"", ""hop_2"", ""hop_3"", ""hop_4""]","[183, 5]","[183, 5]",,"[183, 5, 32]","[false, false, false, false, false]","[0.47569945454597473, 0.4931943118572235, 0.503850519657135, 0.4856354296207428, 0.4907757341861725]",,,,0,,,0.42314931750297546,0.5067466497421265,0.4926829934120178,0.5322014689445496,0.5026829838752747,0.19158883392810822,0.17849613726139069,0.17368943989276886,0.15761706233024597,0.15849541127681732,0.47569945454597473,0.4931943118572235,0.503850519657135,0.4856354296207428,0.4907757341861725,,,,,,,,,,,,,,,,,,,,
forward,200,train,4,1e-05,5,4,"[""zero_hop"", ""hop_1"", ""hop_2"", ""hop_3"", ""hop_4""]","[183, 5]","[183, 5]",,"[183, 5, 32]","[false, false, false, false, false]","[0.5130070447921753, 0.5010270476341248, 0.5169422030448914, 0.49239033460617065, 0.49515774846076965]",,,,0,,,0.5007869601249695,0.4811679720878601,0.5128276944160461,0.5135263800621033,0.4449423551559448,0.19523119926452637,0.17250564694404602,0.1569836139678955,0.16898390650749207,0.18548215925693512,0.5130070447921753,0.5010270476341248,0.5169422030448914,0.49239033460617065,0.49515774846076965,,,,,,,,,,,,,,,,,,,,
forward,200,train,5,1e-05,5,4,"[""zero_hop"", ""hop_1"", ""hop_2"", ""hop_3"", ""hop_4""]","[183, 5]","[183, 5]",,"[183, 5, 32]","[false, false, false, false, false]","[0.5016360282897949, 0.4967547357082367, 0.5173020362854004, 0.4920140206813812, 0.5255393981933594]",,,,0,,,0.5631414651870728,0.38300564885139465,0.49328333139419556,0.5990154147148132,0.6151725053787231,0.16932404041290283,0.17821356654167175,0.17675445973873138,0.16217753291130066,0.16321739554405212,0.5016360282897949,0.4967547357082367,0.5173020362854004,0.4920140206813812,0.5255393981933594,,,,,,,,,,,,,,,,,,,,
backward,200,train,0,1e-05,5,,,,,,,,,,,,0,1.1203115096669092,,,,,,,,,,,,,,,,,,,,,,,,,,,,,,,,,,,,
backward,200,train,1,1e-05,5,,,,,,,,,,,,0,0.7147302090120102,,,,,,,,,,,,,,,,,,,,,,,,,,,,,,,,,,,,
backward,200,train,2,1e-05,5,,,,,,,,,,,,0,0.6133380902235042,,,,,,,,,,,,,,,,,,,,,,,,,,,,,,,,,,,,
backward,200,train,3,1e-05,5,,,,,,,,,,,,0,0.4394180061390436,,,,,,,,,,,,,,,,,,,,,,,,,,,,,,,,,,,,
backward,200,train,4,1e-05,5,,,,,,,,,,,,0,0.32119751790177203,,,,,,,,,,,,,,,,,,,,,,,,,,,,,,,,,,,,
backward,200,train,5,1e-05,5,,,,,,,,,,,,0,0.26543029574709176,,,,,,,,,,,,,,,,,,,,,,,,,,,,,,,,,,,,
forward,200,val,0,1e-05,5,4,"[""zero_hop"", ""hop_1"", ""hop_2"", ""hop_3"", ""hop_4""]","[183, 5]","[183, 5]",,"[183, 5, 32]","[false, false, false, false, false]","[0.5003577470779419, 0.4996575713157654, 0.5000152587890625, 0.48918843269348145, 0.49579140543937683]",,,,0,,,0.5840291380882263,0.4690059721469879,0.6054614782333374,0.43113845586776733,0.38489338755607605,0.056639038026332855,0.048946306109428406,0.06394943594932556,0.05265922099351883,0.0682559683918953,0.5003577470779419,0.4996575713157654,0.5000152587890625,0.48918843269348145,0.49579140543937683,,,,,0.9490401744842529,0.03932727873325348,0.23475226759910583,0.9918369650840759,0.888171911239624,0.028959641233086586,0.6882352232933044,0.9037393927574158,0.9447207450866699,0.018963847309350967,0.6013915538787842,0.9547029733657837,0.9742670059204102,0.01597999408841133,0.3970752954483032,0.9449535012245178
forward,200,val,1,1e-05,5,4,"[""zero_hop"", ""hop_1"", ""hop_2"", ""hop_3"", ""hop_4""]","[183, 5]","[183, 5]",,"[183, 5, 32]","[false, false, false, false, false]","[0.5117815136909485, 0.5102217197418213, 0.5051507353782654, 0.486245721578598, 0.4801468551158905]",,,,0,,,0.553114116191864,0.2831448018550873,0.6099399924278259,0.5445597171783447,0.7218295931816101,0.07279723882675171,0.07024585455656052,0.07104349136352539,0.07630150765180588,0.04843057319521904,0.5117815136909485,0.5102217197418213,0.5051507353782654,0.486245721578598,0.4801468551158905,,,,,0.9018334150314331,0.08943585306406021,0.5350924730300903,0.9593144059181213,0.8870931267738342,0.031022673472762108,0.5619242191314697,0.9422296285629272,0.9501821398735046,0.02164023369550705,0.2128099799156189,0.959977388381958,0.9123873710632324,0.04353773966431618,0.5963515639305115,0.7127827405929565
forward,200,val,2,1e-05,5,4,"[""zero_hop"", ""hop_1"", ""hop_2"", ""hop_3"", ""hop_4""]","[183, 5]","[183, 5]",,"[183, 5, 32]","[false, false, false, false, false]","[0.48815909028053284, 0.4895157814025879, 0.48454153537750244, 0.5051352977752686, 0.47756075859069824]",,,,0,,,0.7203935980796814,0.5088208913803101,0.60890132188797,0.4230246841907501,0.32624560594558716,0.17237025499343872,0.050032928586006165,0.06358854472637177,0.054553911089897156,0.05947317183017731,0.48815909028053284,0.4895157814025879,0.48454153537750244,0.5051352977752686,0.47756075859069824,,,,,0.960584282875061,0.08016401529312134,0.4565553069114685,0.9688653945922852,0.9820424318313599,0.014747371897101402,0.2980688810348511,0.9793576598167419,0.9814074635505676,0.01786576583981514,0.20179462432861328,0.9677284955978394,0.9902101159095764,0.027227560058236122,0.3058297336101532,0.8982179760932922
forward,200,val,3,1e-05,5,4,"[""zero_hop"", ""hop_1"", ""hop_2"", ""hop_3"", ""hop_4""]","[183, 5]","[183, 5]",,"[183, 5, 32]","[false, false, false, false, false]","[0.4757002294063568, 0.4931945502758026, 0.5038503408432007, 0.4856361150741577, 0.49077484011650085]",,,,0,,,0.25114962458610535,0.47304171323776245,0.47746381163597107,0.5664575695991516,0.48800453543663025,0.07439634948968887,0.0748690515756607,0.09937280416488647,0.05588294938206673,0.09977163374423981,0.4757002294063568,0.4931945502758026,0.5038503408432007,0.4856361150741577,0.49077484011650085,,,,,0.9723054766654968,0.04958299174904823,0.37385475635528564,0.9858673214912415,0.9928128719329834,0.009733538143336773,0.21270477771759033,0.9914004802703857,0.9975841045379639,0.009259488433599472,0.15978223085403442,0.9898714423179626,0.9936138987541199,0.013652639463543892,0.3196510970592499,0.965017557144165
forward,200,val,4,1e-05,5,4,"[""zero_hop"", ""hop_1"", ""hop_2"", ""hop_3"", ""hop_4""]","[183, 5]","[183, 5]",,"[183, 5, 32]","[false, false, false, false, false]","[0.5130067467689514, 0.5010263919830322, 0.5169431567192078, 0.4923902750015259, 0.4951583445072174]",,,,0,,,0.5848714709281921,0.4790249168872833,0.46819838881492615,0.5262611508369446,0.3236423432826996,0.034770138561725616,0.05746212229132652,0.032481320202350616,0.03765913471579552,0.09274820238351822,0.5130067467689514,0.5010263919830322,0.5169431567192078,0.4923902750015259,0.4951583445072174,,,,,0.8999956250190735,0.04443824663758278,0.5104446411132812,0.9905898571014404,0.9935406446456909,0.010262485593557358,0.31668442487716675,0.9870837926864624,0.9977181553840637,0.005938718095421791,0.07257422804832458,0.9962233901023865,0.9979636073112488,0.011733124032616615,0.31358572840690613,0.9745123386383057
forward,200,val,5,1e-05,5,4,"[""zero_hop"", ""hop_1"", ""hop_2"", ""hop_3"", ""hop_4""]","[183, 5]","[183, 5]",,"[183, 5, 32]","[false, false, false, false, false]","[0.5016356110572815, 0.4967533349990845, 0.5173028111457825, 0.49201494455337524, 0.5255398750305176]",,,,0,,,0.6189457178115845,0.2733114957809448,0.6949536800384521,0.645323634147644,0.623629629611969,0.08843234181404114,0.04551440849900246,0.05936722829937935,0.08117745071649551,0.0807638168334961,0.5016356110572815,0.4967533349990845,0.5173028111457825,0.49201494455337524,0.5255398750305176,,,,,0.9534261226654053,0.05256171524524689,0.3677143156528473,0.9835087060928345,0.9956900477409363,0.008931344375014305,0.21615928411483765,0.9906426668167114,0.9961128234863281,0.007985218428075314,0.38659846782684326,0.9818694591522217,0.9948521256446838,0.008238387294113636,0.12956592440605164,0.9867812395095825
forward,200,test,0,1e-05,5,4,"[""zero_hop"", ""hop_1"", ""hop_2"", ""hop_3"", ""hop_4""]","[183, 5]","[183, 5]",,"[183, 5, 32]","[false, false, false, false, false]","[0.5003577470779419, 0.4996575713157654, 0.5000152587890625, 0.48918843269348145, 0.49579140543937683]",,,,0,,,0.5840291380882263,0.4690059721469879,0.6054614782333374,0.43113845586776733,0.38489338755607605,0.056639038026332855,0.048946306109428406,0.06394943594932556,0.05265922099351883,0.0682559683918953,0.5003577470779419,0.4996575713157654,0.5000152587890625,0.48918843269348145,0.49579140543937683,,,,,0.9490401744842529,0.03932727873325348,0.23475226759910583,0.9918369650840759,0.888171911239624,0.028959641233086586,0.6882352232933044,0.9037393927574158,0.9447207450866699,0.018963847309350967,0.6013915538787842,0.9547029733657837,0.9742670059204102,0.01597999408841133,0.3970752954483032,0.9449535012245178
forward,200,test,1,1e-05,5,4,"[""zero_hop"", ""hop_1"", ""hop_2"", ""hop_3"", ""hop_4""]","[183, 5]","[183, 5]",,"[183, 5, 32]","[false, false, false, false, false]","[0.5117815136909485, 0.5102217197418213, 0.5051507353782654, 0.486245721578598, 0.4801468551158905]",,,,0,,,0.553114116191864,0.2831448018550873,0.6099399924278259,0.5445597171783447,0.7218295931816101,0.07279723882675171,0.07024586200714111,0.07104349136352539,0.07630150765180588,0.04843057319521904,0.5117815136909485,0.5102217197418213,0.5051507353782654,0.486245721578598,0.4801468551158905,,,,,0.9018334150314331,0.08943585306406021,0.5350924730300903,0.9593144655227661,0.8870930671691895,0.031022673472762108,0.5619242191314697,0.9422296285629272,0.9501821398735046,0.02164023369550705,0.2128099948167801,0.959977388381958,0.9123874306678772,0.043537747114896774,0.5963515639305115,0.7127826809883118
forward,200,test,2,1e-05,5,4,"[""zero_hop"", ""hop_1"", ""hop_2"", ""hop_3"", ""hop_4""]","[183, 5]","[183, 5]",,"[183, 5, 32]","[false, false, false, false, false]","[0.48815909028053284, 0.4895157814025879, 0.48454153537750244, 0.5051352977752686, 0.47756075859069824]",,,,0,,,0.7203935980796814,0.5088208913803101,0.6089013814926147,0.42302465438842773,0.32624560594558716,0.17237025499343872,0.050032928586006165,0.06358854472637177,0.054553914815187454,0.05947317183017731,0.48815909028053284,0.4895157814025879,0.48454153537750244,0.5051352977752686,0.47756075859069824,,,,,0.960584282875061,0.08016402274370193,0.45655524730682373,0.9688653945922852,0.9820424318313599,0.014747374691069126,0.2980688810348511,0.9793576598167419,0.9814074635505676,0.01786576397716999,0.20179462432861328,0.9677284955978394,0.9902101159095764,0.027227558195590973,0.30582964420318604,0.8982177972793579
forward,200,test,3,1e-05,5,4,"[""zero_hop"", ""hop_1"", ""hop_2"", ""hop_3"", ""hop_4""]","[183, 5]","[183, 5]",,"[183, 5, 32]","[false, false, false, false, false]","[0.4757002294063568, 0.4931945502758026, 0.5038503408432007, 0.4856361150741577, 0.49077484011650085]",,,,0,,,0.25114962458610535,0.47304171323776245,0.47746381163597107,0.5664575695991516,0.48800453543663025,0.07439634203910828,0.0748690515756607,0.09937279671430588,0.05588294193148613,0.09977162629365921,0.4757002294063568,0.4931945502758026,0.5038503408432007,0.4856361150741577,0.49077484011650085,,,,,0.9723054766654968,0.049582984298467636,0.37385478615760803,0.9858672618865967,0.9928129315376282,0.009733541868627071,0.21270489692687988,0.9914004802703857,0.9975841045379639,0.009259485639631748,0.15978223085403442,0.9898715615272522,0.9936138987541199,0.013652638532221317,0.31965112686157227,0.9650174975395203
forward,200,test,4,1e-05,5,4,"[""zero_hop"", ""hop_1"", ""hop_2"", ""hop_3"", ""hop_4""]","[183, 5]","[183, 5]",,"[183, 5, 32]","[false, false, false, false, false]","[0.5130067467689514, 0.5010263919830322, 0.5169431567192078, 0.4923902750015259, 0.4951583445072174]",,,,0,,,0.5848714709281921,0.4790249168872833,0.46819838881492615,0.5262611508369446,0.3236423432826996,0.034770138561725616,0.057462118566036224,0.032481320202350616,0.03765913471579552,0.09274819493293762,0.5130067467689514,0.5010263919830322,0.5169431567192078,0.4923902750015259,0.4951583445072174,,,,,0.8999955058097839,0.044438235461711884,0.510444700717926,0.9905900359153748,0.9935406446456909,0.010262487456202507,0.31668442487716675,0.9870837926864624,0.9977181553840637,0.005938717629760504,0.07257425785064697,0.9962233901023865,0.9979636073112488,0.011733124032616615,0.31358563899993896,0.97451251745224
forward,200,test,5,1e-05,5,4,"[""zero_hop"", ""hop_1"", ""hop_2"", ""hop_3"", ""hop_4""]","[183, 5]","[183, 5]",,"[183, 5, 32]","[false, false, false, false, false]","[0.5016356110572815, 0.4967533349990845, 0.5173028111457825, 0.49201494455337524, 0.5255398750305176]",,,,0,,,0.6189457178115845,0.2733114957809448,0.6949536204338074,0.645323634147644,0.6236296892166138,0.08843233436346054,0.045514415949583054,0.05936722829937935,0.08117744326591492,0.08076382428407669,0.5016356110572815,0.4967533349990845,0.5173028111457825,0.49201494455337524,0.5255398750305176,,,,,0.9534260630607605,0.05256174877285957,0.3677142262458801,0.9835087060928345,0.9956900477409363,0.008931344375014305,0.2161594033241272,0.9906426668167114,0.9961128234863281,0.007985217496752739,0.3865984082221985,0.9818695783615112,0.9948521256446838,0.008238389156758785,0.12956571578979492,0.9867812395095825
forward,250,train,0,1e-05,5,4,"[""zero_hop"", ""hop_1"", ""hop_2"", ""hop_3"", ""hop_4""]","[183, 5]","[183, 5]",,"[183, 5, 32]","[false, false, false, false, false]","[0.5003415942192078, 0.49963584542274475, 0.500040590763092, 0.48918265104293823, 0.49580395221710205]",,,,0,,,0.5815674066543579,0.46817439794540405,0.5995663404464722,0.42995038628578186,0.3921777606010437,0.07935339957475662,0.08341936022043228,0.08093098551034927,0.07868754118680954,0.08816315978765488,0.5003415942192078,0.49963584542274475,0.500040590763092,0.48918265104293823,0.49580395221710205,,,,,,,,,,,,,,,,,,,,
forward,250,train,1,1e-05,5,4,"[""zero_hop"", ""hop_1"", ""hop_2"", ""hop_3"", ""hop_4""]","[183, 5]","[183, 5]",,"[183, 5, 32]","[false, false, false, false, false]","[0.5117718577384949, 0.510254442691803, 0.5051548480987549, 0.48623138666152954, 0.480137437582016]",,,,0,,,0.5526085495948792,0.32880955934524536,0.568377673625946,0.5343767404556274,0.6600171327590942,0.16094458103179932,0.16717040538787842,0.1684296578168869,0.17954649031162262,0.15473826229572296,0.5117718577384949,0.510254442691803,0.5051548480987549,0.48623138666152954,0.480137437582016,,,,,,,,,,,,,,,,,,,,
forward,250,train,2,1e-05,5,4,"[""zero_hop"", ""hop_1"", ""hop_2"", ""hop_3"", ""hop_4""]","[183, 5]","[183, 5]",,"[183, 5, 32]","[false, false, false, false, false]","[0.4881632924079895, 0.4895373284816742, 0.4845521152019501, 0.5051108598709106, 0.47755929827690125]",,,,0,,,0.5976877808570862,0.46930041909217834,0.4994748532772064,0.4348404109477997,0.434465229511261,0.1901266723871231,0.19342081248760223,0.20034164190292358,0.17050382494926453,0.1742415726184845,0.4881632924079895,0.4895373284816742,0.4845521152019501,0.5051108598709106,0.47755929827690125,,,,,,,,,,,,,,,,,,,,
forward,250,train,3,1e-05,5,4,"[""zero_hop"", ""hop_1"", ""hop_2"", ""hop_3"", ""hop_4""]","[183, 5]","[183, 5]",,"[183, 5, 32]","[false, false, false, false, false]","[0.4757097661495209, 0.4932025969028473, 0.5038393139839172, 0.4856377840042114, 0.49077585339546204]",,,,0,,,0.388191282749176,0.49345582723617554,0.47546303272247314,0.5405030250549316,0.5165174007415771,0.17073827981948853,0.179189994931221,0.18266449868679047,0.18066103756427765,0.1818336844444275,0.4757097661495209,0.4932025969028473,0.5038393139839172,0.4856377840042114,0.49077585339546204,,,,,,,,,,,,,,,,,,,,
forward,250,train,4,1e-05,5,4,"[""zero_hop"", ""hop_1"", ""hop_2"", ""hop_3"", ""hop_4""]","[183, 5]","[183, 5]",,"[183, 5, 32]","[false, false, false, false, false]","[0.5129907727241516, 0.5010106563568115, 0.5169715881347656, 0.49240127205848694, 0.4951748251914978]",,,,0,,,0.5381078720092773,0.5144338607788086,0.4583349823951721,0.55470871925354,0.43761447072029114,0.17865820229053497,0.1806991994380951,0.17360548675060272,0.17071211338043213,0.1871798038482666,0.5129907727241516,0.5010106563568115,0.5169715881347656,0.49240127205848694,0.4951748251914978,,,,,,,,,,,,,,,,,,,,
forward,250,train,5,1e-05,5,4,"[""zero_hop"", ""hop_1"", ""hop_2"", ""hop_3"", ""hop_4""]","[183, 5]","[183, 5]",,"[183, 5, 32]","[false, false, false, false, false]","[0.5016245245933533, 0.4966856837272644, 0.5173557996749878, 0.49206510186195374, 0.5255540013313293]",,,,0,,,0.5637021064758301,0.3558170795440674,0.4880490303039551,0.6191267371177673,0.6136919856071472,0.16510221362113953,0.1847982406616211,0.17458979785442352,0.1709454208612442,0.18408507108688354,0.5016245245933533,0.4966856837272644,0.5173557996749878,0.49206510186195374,0.5255540013313293,,,,,,,,,,,,,,,,,,,,
backward,250,train,0,1e-05,5,,,,,,,,,,,,0,0.9598388052701654,,,,,,,,,,,,,,,,,,,,,,,,,,,,,,,,,,,,
backward,250,train,1,1e-05,5,,,,,,,,,,,,0,0.7442992414696862,,,,,,,,,,,,,,,,,,,,,,,,,,,,,,,,,,,,
backward,250,train,2,1e-05,5,,,,,,,,,,,,0,0.6626824746653898,,,,,,,,,,,,,,,,,,,,,,,,,,,,,,,,,,,,
backward,250,train,3,1e-05,5,,,,,,,,,,,,0,0.48978488936686654,,,,,,,,,,,,,,,,,,,,,,,,,,,,,,,,,,,,
backward,250,train,4,1e-05,5,,,,,,,,,,,,0,0.46994379601974046,,,,,,,,,,,,,,,,,,,,,,,,,,,,,,,,,,,,
backward,250,train,5,1e-05,5,,,,,,,,,,,,0,0.31314944960366287,,,,,,,,,,,,,,,,,,,,,,,,,,,,,,,,,,,,
forward,250,val,0,1e-05,5,4,"[""zero_hop"", ""hop_1"", ""hop_2"", ""hop_3"", ""hop_4""]","[183, 5]","[183, 5]",,"[183, 5, 32]","[false, false, false, false, false]","[0.5003414154052734, 0.49963632225990295, 0.5000404715538025, 0.4891822636127472, 0.49580439925193787]",,,,0,,,0.5837470889091492,0.4686084985733032,0.6057818531990051,0.43096622824668884,0.38525474071502686,0.05656711757183075,0.04892563447356224,0.06402060389518738,0.05269026383757591,0.06827165931463242,0.5003414154052734,0.49963632225990295,0.5000404715538025,0.4891822636127472,0.49580439925193787,,,,,0.9489423036575317,0.03937322646379471,0.23499998450279236,0.9918265342712402,0.8869975805282593,0.02910398319363594,0.6895373463630676,0.9027261137962341,0.9447665810585022,0.018970642238855362,0.6013898849487305,0.9547075629234314,0.9743072390556335,0.015969883650541306,0.39927351474761963,0.9449736475944519
forward,250,val,1,1e-05,5,4,"[""zero_hop"", ""hop_1"", ""hop_2"", ""hop_3"", ""hop_4""]","[183, 5]","[183, 5]",,"[183, 5, 32]","[false, false, false, false, false]","[0.5117717981338501, 0.5102546811103821, 0.5051549673080444, 0.486232191324234, 0.480136901140213]",,,,0,,,0.5523782968521118,0.2841844856739044,0.6102133989334106,0.543952226638794,0.721717357635498,0.07290367782115936,0.07046259939670563,0.07109596580266953,0.07608836144208908,0.048433657735586166,0.5117717981338501,0.5102546811103821,0.5051549673080444,0.486232191324234,0.480136901140213,,,,,0.9032577872276306,0.08888579159975052,0.5340994000434875,0.959562361240387,0.8876473903656006,0.031064998358488083,0.5619126558303833,0.9421775341033936,0.9502534866333008,0.021641762927174568,0.20987266302108765,0.9600589275360107,0.9125088453292847,0.04358457028865814,0.5934242606163025,0.7131802439689636
forward,250,val,2,1e-05,5,4,"[""zero_hop"", ""hop_1"", ""hop_2"", ""hop_3"", ""hop_4""]","[183, 5]","[183, 5]",,"[183, 5, 32]","[false, false, false, false, false]","[0.4881628453731537, 0.4895372688770294, 0.48455217480659485, 0.5051107406616211, 0.47755956649780273]",,,,0,,,0.720544159412384,0.5100727677345276,0.6089050769805908,0.42249301075935364,0.32573986053466797,0.1721719652414322,0.05003388971090317,0.06376940757036209,0.05444444715976715,0.059436727315187454,0.4881628453731537,0.4895372688770294,0.48455217480659485,0.5051107406616211,0.47755956649780273,,,,,0.96025550365448,0.08018651604652405,0.4571135342121124,0.9688497185707092,0.9819484949111938,0.014719996601343155,0.2971097230911255,0.9794934988021851,0.98138427734375,0.017874522134661674,0.2013581395149231,0.96771639585495,0.9902476072311401,0.02724684774875641,0.3065701425075531,0.897924542427063
forward,250,val,3,1e-05,5,4,"[""zero_hop"", ""hop_1"", ""hop_2"", ""hop_3"", ""hop_4""]","[183, 5]","[183, 5]",,"[183, 5, 32]","[false, false, false, false, false]","[0.4757094979286194, 0.49320313334465027, 0.5038389563560486, 0.4856386184692383, 0.49077528715133667]",,,,0,,,0.2512023150920868,0.47397133708000183,0.47682932019233704,0.5664982795715332,0.4875340461730957,0.07448174059391022,0.07439593225717545,0.09943018853664398,0.055799923837184906,0.0996730774641037,0.4757094979286194,0.49320313334465027,0.5038389563560486,0.4856386184692383,0.49077528715133667,,,,,0.9721527099609375,0.0496244840323925,0.37157875299453735,0.985884964466095,0.992769718170166,0.00971120223402977,0.2126224935054779,0.9914137125015259,0.997578501701355,0.00925669725984335,0.159321129322052,0.9899100661277771,0.993574857711792,0.01366207841783762,0.31966912746429443,0.9650111198425293
forward,250,val,4,1e-05,5,4,"[""zero_hop"", ""hop_1"", ""hop_2"", ""hop_3"", ""hop_4""]","[183, 5]","[183, 5]",,"[183, 5, 32]","[false, false, false, false, false]","[0.512990415096283, 0.5010108947753906, 0.5169720649719238, 0.49240177869796753, 0.4951748847961426]",,,,0,,,0.5853672623634338,0.47856855392456055,0.4682140052318573,0.5263850688934326,0.3240523040294647,0.034878186881542206,0.05711999163031578,0.032516323029994965,0.03754626214504242,0.09253427386283875,0.512990415096283,0.5010108947753906,0.5169720649719238,0.49240177869796753,0.4951748847961426,,,,,0.9000095129013062,0.044404253363609314,0.5107781887054443,0.9906010627746582,0.9935285449028015,0.010274797677993774,0.31590431928634644,0.9870916604995728,0.9977090358734131,0.005954575724899769,0.07254636287689209,0.996202826499939,0.9979581236839294,0.011754137463867664,0.3132045865058899,0.9744692444801331
forward,250,val,5,1e-05,5,4,"[""zero_hop"", ""hop_1"", ""hop_2"", ""hop_3"", ""hop_4""]","[183, 5]","[183, 5]",,"[183, 5, 32]","[false, false, false, false, false]","[0.5016238689422607, 0.4966851472854614, 0.5173563957214355, 0.49206602573394775, 0.5255541205406189]",,,,0,,,0.6186115741729736,0.2721938192844391,0.6958482265472412,0.6467636823654175,0.6235731840133667,0.08816477656364441,0.04561453312635422,0.059270426630973816,0.08153484761714935,0.08037180453538895,0.5016238689422607,0.4966851472854614,0.5173563957214355,0.49206602573394775,0.5255541205406189,,,,,0.9534439444541931,0.05251369625329971,0.3673250079154968,0.9835424423217773,0.9956491589546204,0.008936155587434769,0.21565021574497223,0.9906542897224426,0.9961327910423279,0.007982096634805202,0.38607990741729736,0.9819085001945496,0.9949125647544861,0.008210998959839344,0.12834012508392334,0.9869006872177124
forward,250,test,0,1e-05,5,4,"[""zero_hop"", ""hop_1"", ""hop_2"", ""hop_3"", ""hop_4""]","[183, 5]","[183, 5]",,"[183, 5, 32]","[false, false, false, false, false]","[0.5003414154052734, 0.49963632225990295, 0.5000404715538025, 0.4891822636127472, 0.49580439925193787]",,,,0,,,0.5837470889091492,0.4686084985733032,0.6057818531990051,0.43096622824668884,0.38525474071502686,0.05656711757183075,0.04892563447356224,0.06402060389518738,0.05269026383757591,0.06827165931463242,0.5003414154052734,0.49963632225990295,0.5000404715538025,0.4891822636127472,0.49580439925193787,,,,,0.9489423036575317,0.03937322646379471,0.23499998450279236,0.9918265342712402,0.8869975805282593,0.02910398319363594,0.6895373463630676,0.9027261137962341,0.9447665810585022,0.018970642238855362,0.6013898849487305,0.9547075629234314,0.9743072390556335,0.015969883650541306,0.39927351474761963,0.9449736475944519
forward,250,test,1,1e-05,5,4,"[""zero_hop"", ""hop_1"", ""hop_2"", ""hop_3"", ""hop_4""]","[183, 5]","[183, 5]",,"[183, 5, 32]","[false, false, false, false, false]","[0.5117717981338501, 0.5102546811103821, 0.5051549673080444, 0.486232191324234, 0.480136901140213]",,,,0,,,0.5523782968521118,0.2841844856739044,0.6102133989334106,0.543952226638794,0.721717357635498,0.07290367037057877,0.07046259939670563,0.07109595835208893,0.07608836144208908,0.048433657735586166,0.5117717981338501,0.5102546811103821,0.5051549673080444,0.486232191324234,0.480136901140213,,,,,0.9032577872276306,0.08888579905033112,0.5340994000434875,0.959562361240387,0.8876473903656006,0.031064998358488083,0.5619127154350281,0.9421776533126831,0.9502534866333008,0.021641762927174568,0.20987260341644287,0.960058867931366,0.9125088453292847,0.04358457028865814,0.5934240818023682,0.7131802439689636
forward,250,test,2,1e-05,5,4,"[""zero_hop"", ""hop_1"", ""hop_2"", ""hop_3"", ""hop_4""]","[183, 5]","[183, 5]",,"[183, 5, 32]","[false, false, false, false, false]","[0.4881628453731537, 0.4895372688770294, 0.48455217480659485, 0.5051107406616211, 0.47755956649780273]",,,,0,,,0.720544159412384,0.5100727677345276,0.608905017375946,0.42249301075935364,0.32573986053466797,0.1721719652414322,0.05003388226032257,0.06376941502094269,0.05444444715976715,0.059436727315187454,0.4881628453731537,0.4895372688770294,0.48455217480659485,0.5051107406616211,0.47755956649780273,,,,,0.96025550365448,0.08018650859594345,0.45711350440979004,0.9688498377799988,0.9819484949111938,0.014719996601343155,0.29710978269577026,0.9794934988021851,0.98138427734375,0.017874520272016525,0.20135802030563354,0.96771639585495,0.9902476072311401,0.02724684588611126,0.3065701127052307,0.8979244232177734
forward,250,test,3,1e-05,5,4,"[""zero_hop"", ""hop_1"", ""hop_2"", ""hop_3"", ""hop_4""]","[183, 5]","[183, 5]",,"[183, 5, 32]","[false, false, false, false, false]","[0.4757094979286194, 0.49320313334465027, 0.5038389563560486, 0.4856386184692383, 0.49077528715133667]",,,,0,,,0.2512023150920868,0.47397133708000183,0.4768293499946594,0.5664982795715332,0.4875340461730957,0.07448174059391022,0.07439593225717545,0.09943019598722458,0.055799923837184906,0.0996730774641037,0.4757094979286194,0.49320313334465027,0.5038389563560486,0.4856386184692383,0.49077528715133667,,,,,0.9721527099609375,0.0496244803071022,0.37157881259918213,0.9858849048614502,0.9927695393562317,0.009711204096674919,0.21262264251708984,0.9914138317108154,0.997578501701355,0.009256693534553051,0.15932106971740723,0.9899101257324219,0.993574857711792,0.01366207841783762,0.31966909766197205,0.9650111198425293
forward,250,test,4,1e-05,5,4,"[""zero_hop"", ""hop_1"", ""hop_2"", ""hop_3"", ""hop_4""]","[183, 5]","[183, 5]",,"[183, 5, 32]","[false, false, false, false, false]","[0.512990415096283, 0.5010108947753906, 0.5169720649719238, 0.49240177869796753, 0.4951748847961426]",,,,0,,,0.5853672623634338,0.47856855392456055,0.4682140052318573,0.5263850688934326,0.32405227422714233,0.0348781943321228,0.05711998790502548,0.032516323029994965,0.03754626214504242,0.09253427386283875,0.512990415096283,0.5010108947753906,0.5169720649719238,0.49240177869796753,0.4951748847961426,,,,,0.9000095129013062,0.04440426081418991,0.5107782483100891,0.9906011819839478,0.9935284852981567,0.010274798609316349,0.3159043490886688,0.987091600894928,0.9977090358734131,0.005954574793577194,0.07254627346992493,0.996202826499939,0.9979581236839294,0.011754138395190239,0.3132045269012451,0.9744691848754883
forward,250,test,5,1e-05,5,4,"[""zero_hop"", ""hop_1"", ""hop_2"", ""hop_3"", ""hop_4""]","[183, 5]","[183, 5]",,"[183, 5, 32]","[false, false, false, false, false]","[0.5016238689422607, 0.4966851472854614, 0.5173563957214355, 0.49206602573394775, 0.5255541205406189]",,,,0,,,0.6186115741729736,0.2721938490867615,0.6958482265472412,0.6467636823654175,0.6235731840133667,0.08816476911306381,0.04561452940106392,0.05927042290568352,0.08153484761714935,0.08037181198596954,0.5016238689422607,0.4966851472854614,0.5173563957214355,0.49206602573394775,0.5255541205406189,,,,,0.9534439444541931,0.05251370742917061,0.3673250675201416,0.9835424423217773,0.9956491589546204,0.00893615372478962,0.21565040946006775,0.9906542897224426,0.9961327910423279,0.007982097566127777,0.3860800862312317,0.9819087386131287,0.9949125647544861,0.008211000822484493,0.12833982706069946,0.9869008660316467
forward,300,train,0,1e-05,5,4,"[""zero_hop"", ""hop_1"", ""hop_2"", ""hop_3"", ""hop_4""]","[183, 5]","[183, 5]",,"[183, 5, 32]","[false, false, false, false, false]","[0.5003415942192078, 0.49965858459472656, 0.5000121593475342, 0.4891979396343231, 0.495801717042923]",,,,0,,,0.592563271522522,0.46067509055137634,0.6112337112426758,0.42286625504493713,0.38262778520584106,0.08138193190097809,0.07788501679897308,0.08518518507480621,0.08350908011198044,0.0886712521314621,0.5003415942192078,0.49965858459472656,0.5000121593475342,0.4891979396343231,0.495801717042923,,,,,,,,,,,,,,,,,,,,
forward,300,train,1,1e-05,5,4,"[""zero_hop"", ""hop_1"", ""hop_2"", ""hop_3"", ""hop_4""]","[183, 5]","[183, 5]",,"[183, 5, 32]","[false, false, false, false, false]","[0.511752188205719, 0.5102498531341553, 0.505154013633728, 0.4862515926361084, 0.48013216257095337]",,,,0,,,0.565105676651001,0.3454805910587311,0.575411856174469,0.5253429412841797,0.6679242253303528,0.17920741438865662,0.1762540191411972,0.18492594361305237,0.18832165002822876,0.1640668511390686,0.511752188205719,0.5102498531341553,0.505154013633728,0.4862515926361084,0.48013216257095337,,,,,,,,,,,,,,,,,,,,
forward,300,train,2,1e-05,5,4,"[""zero_hop"", ""hop_1"", ""hop_2"", ""hop_3"", ""hop_4""]","[183, 5]","[183, 5]",,"[183, 5, 32]","[false, false, false, false, false]","[0.48816967010498047, 0.489552766084671, 0.48454591631889343, 0.5050803422927856, 0.47755691409111023]",,,,0,,,0.5866863131523132,0.4290738105773926,0.5433289408683777,0.5114896297454834,0.43094107508659363,0.18188448250293732,0.18766364455223083,0.16554957628250122,0.1730339080095291,0.18155360221862793,0.48816967010498047,0.489552766084671,0.48454591631889343,0.5050803422927856,0.47755691409111023,,,,,,,,,,,,,,,,,,,,
forward,300,train,3,1e-05,5,4,"[""zero_hop"", ""hop_1"", ""hop_2"", ""hop_3"", ""hop_4""]","[183, 5]","[183, 5]",,"[183, 5, 32]","[false, false, false, false, false]","[0.47570544481277466, 0.4932161271572113, 0.5038456320762634, 0.4856362044811249, 0.4907777011394501]",,,,0,,,0.37199851870536804,0.5374615788459778,0.5115303993225098,0.5363956093788147,0.4877075254917145,0.18747027218341827,0.17788104712963104,0.1749708205461502,0.18100909888744354,0.18623439967632294,0.47570544481277466,0.4932161271572113,0.5038456320762634,0.4856362044811249,0.4907777011394501,,,,,,,,,,,,,,,,,,,,
forward,300,train,4,1e-05,5,4,"[""zero_hop"", ""hop_1"", ""hop_2"", ""hop_3"", ""hop_4""]","[183, 5]","[183, 5]",,"[183, 5, 32]","[false, false, false, false, false]","[0.5129856467247009, 0.5009877681732178, 0.5170029401779175, 0.49242353439331055, 0.4951585531234741]",,,,0,,,0.5208774209022522,0.47105056047439575,0.43614891171455383,0.5161085724830627,0.46816372871398926,0.2017373889684677,0.17564401030540466,0.17193573713302612,0.17616690695285797,0.1747150868177414,0.5129856467247009,0.5009877681732178,0.5170029401779175,0.49242353439331055,0.4951585531234741,,,,,,,,,,,,,,,,,,,,
forward,300,train,5,1e-05,5,4,"[""zero_hop"", ""hop_1"", ""hop_2"", ""hop_3"", ""hop_4""]","[183, 5]","[183, 5]",,"[183, 5, 32]","[false, false, false, false, false]","[0.5015926361083984, 0.4966199994087219, 0.5174118280410767, 0.4921361207962036, 0.5255477428436279]",,,,0,,,0.5480213761329651,0.3705770671367645,0.4780607521533966,0.6099068522453308,0.6483464241027832,0.17231561243534088,0.19064146280288696,0.17790821194648743,0.16602885723114014,0.1583918035030365,0.5015926361083984,0.4966199994087219,0.5174118280410767,0.4921361207962036,0.5255477428436279,,,,,,,,,,,,,,,,,,,,
backward,300,train,0,1e-05,5,,,,,,,,,,,,0,1.7949164870692078,,,,,,,,,,,,,,,,,,,,,,,,,,,,,,,,,,,,
backward,300,train,1,1e-05,5,,,,,,,,,,,,0,2.025222232160537,,,,,,,,,,,,,,,,,,,,,,,,,,,,,,,,,,,,
backward,300,train,2,1e-05,5,,,,,,,,,,,,0,0.6376151314200238,,,,,,,,,,,,,,,,,,,,,,,,,,,,,,,,,,,,
backward,300,train,3,1e-05,5,,,,,,,,,,,,0,0.5207517890778253,,,,,,,,,,,,,,,,,,,,,,,,,,,,,,,,,,,,
backward,300,train,4,1e-05,5,,,,,,,,,,,,0,0.429800948298351,,,,,,,,,,,,,,,,,,,,,,,,,,,,,,,,,,,,
backward,300,train,5,1e-05,5,,,,,,,,,,,,0,0.28085649808648766,,,,,,,,,,,,,,,,,,,,,,,,,,,,,,,,,,,,
forward,300,val,0,1e-05,5,4,"[""zero_hop"", ""hop_1"", ""hop_2"", ""hop_3"", ""hop_4""]","[183, 5]","[183, 5]",,"[183, 5, 32]","[false, false, false, false, false]","[0.5003411769866943, 0.4996591806411743, 0.5000110268592834, 0.48919910192489624, 0.4958018362522125]",,,,0,,,0.5837802290916443,0.469135046005249,0.6052775979042053,0.43118521571159363,0.3850637972354889,0.0566415898501873,0.048866406083106995,0.0639384537935257,0.052708253264427185,0.06827905774116516,0.5003411769866943,0.4996591806411743,0.5000110268592834,0.48919910192489624,0.4958018362522125,,,,,0.9487550854682922,0.03944283351302147,0.23591837286949158,0.9917987585067749,0.8864328265190125,0.02917785570025444,0.6913031935691833,0.9022468328475952,0.9447554349899292,0.018979569897055626,0.6013908386230469,0.9546876549720764,0.9744953513145447,0.015941405668854713,0.3956085741519928,0.9454488754272461
forward,300,val,1,1e-05,5,4,"[""zero_hop"", ""hop_1"", ""hop_2"", ""hop_3"", ""hop_4""]","[183, 5]","[183, 5]",,"[183, 5, 32]","[false, false, false, false, false]","[0.5117522478103638, 0.5102493166923523, 0.505154013633728, 0.4862525463104248, 0.48013195395469666]",,,,0,,,0.5515789985656738,0.2835486829280853,0.6104216575622559,0.5452135801315308,0.7213786840438843,0.07313690334558487,0.07055147737264633,0.07075227051973343,0.07633485645055771,0.04848155006766319,0.5117522478103638,0.5102493166923523,0.505154013633728,0.4862525463104248,0.48013195395469666,,,,,0.9046486020088196,0.08820948749780655,0.5311073064804077,0.9599561095237732,0.8874130249023438,0.031063340604305267,0.563111424446106,0.9421515464782715,0.949910044670105,0.021645382046699524,0.20765620470046997,0.9600709676742554,0.9125151038169861,0.043545741587877274,0.5946943759918213,0.7131751179695129
forward,300,val,2,1e-05,5,4,"[""zero_hop"", ""hop_1"", ""hop_2"", ""hop_3"", ""hop_4""]","[183, 5]","[183, 5]",,"[183, 5, 32]","[false, false, false, false, false]","[0.48816943168640137, 0.48955321311950684, 0.4845459759235382, 0.5050796270370483, 0.47755658626556396]",,,,0,,,0.7206136584281921,0.5113953351974487,0.6090940237045288,0.4214993119239807,0.32552146911621094,0.17221106588840485,0.050177980214357376,0.06422954052686691,0.054910726845264435,0.059976574033498764,0.48816943168640137,0.48955321311950684,0.4845459759235382,0.5050796270370483,0.47755658626556396,,,,,0.9606457352638245,0.08001779019832611,0.456156849861145,0.9689304232597351,0.9819990992546082,0.014694074168801308,0.29731088876724243,0.9795421361923218,0.9814450144767761,0.017854895442724228,0.20297598838806152,0.9677172303199768,0.990220308303833,0.02725796587765217,0.30714207887649536,0.897822916507721
forward,300,val,3,1e-05,5,4,"[""zero_hop"", ""hop_1"", ""hop_2"", ""hop_3"", ""hop_4""]","[183, 5]","[183, 5]",,"[183, 5, 32]","[false, false, false, false, false]","[0.4757062494754791, 0.4932157099246979, 0.5038439631462097, 0.4856361150741577, 0.4907795488834381]",,,,0,,,0.25089743733406067,0.4741036593914032,0.4765116274356842,0.5665486454963684,0.4873332679271698,0.07480043917894363,0.07430636882781982,0.09972213953733444,0.05583642050623894,0.09969749301671982,0.4757062494754791,0.4932157099246979,0.5038439631462097,0.4856361150741577,0.4907795488834381,,,,,0.9721802473068237,0.04956938698887825,0.3699384331703186,0.9859040379524231,0.9927920699119568,0.009713140316307545,0.20971527695655823,0.9914923906326294,0.9975970983505249,0.009253057651221752,0.15861636400222778,0.9899253845214844,0.9935488700866699,0.013665716163814068,0.3192752003669739,0.9650664329528809
forward,300,val,4,1e-05,5,4,"[""zero_hop"", ""hop_1"", ""hop_2"", ""hop_3"", ""hop_4""]","[183, 5]","[183, 5]",,"[183, 5, 32]","[false, false, false, false, false]","[0.51298588514328, 0.5009880065917969, 0.5170027613639832, 0.49242502450942993, 0.4951572120189667]",,,,0,,,0.5852274298667908,0.47794368863105774,0.4683477580547333,0.5264542698860168,0.324708491563797,0.03494909033179283,0.05720669403672218,0.032702162861824036,0.03752783685922623,0.09230012446641922,0.51298588514328,0.5009880065917969,0.5170027613639832,0.49242502450942993,0.4951572120189667,,,,,0.9000802040100098,0.0444302037358284,0.5110944509506226,0.9905874729156494,0.9935077428817749,0.010279185138642788,0.3161356449127197,0.9870664477348328,0.9976928234100342,0.005971124395728111,0.07249867916107178,0.9961894750595093,0.9979621767997742,0.01176171749830246,0.31286799907684326,0.9744575619697571
forward,300,val,5,1e-05,5,4,"[""zero_hop"", ""hop_1"", ""hop_2"", ""hop_3"", ""hop_4""]","[183, 5]","[183, 5]",,"[183, 5, 32]","[false, false, false, false, false]","[0.501592755317688, 0.4966181814670563, 0.5174131393432617, 0.49213752150535583, 0.5255478620529175]",,,,0,,,0.6166508793830872,0.2709334194660187,0.697304904460907,0.6485512852668762,0.6222942471504211,0.08777633309364319,0.04582026228308678,0.05956019461154938,0.08219447731971741,0.07960236072540283,0.501592755317688,0.4966181814670563,0.5174131393432617,0.49213752150535583,0.5255478620529175,,,,,0.9540122747421265,0.05230441689491272,0.36570969223976135,0.9837165474891663,0.9956576228141785,0.008960291743278503,0.21642130613327026,0.9905990362167358,0.9961392879486084,0.007978072389960289,0.3866657614707947,0.9818946123123169,0.9949535131454468,0.008190954104065895,0.12815561890602112,0.9869512319564819
forward,300,test,0,1e-05,5,4,"[""zero_hop"", ""hop_1"", ""hop_2"", ""hop_3"", ""hop_4""]","[183, 5]","[183, 5]",,"[183, 5, 32]","[false, false, false, false, false]","[0.5003411769866943, 0.4996591806411743, 0.5000110268592834, 0.48919910192489624, 0.4958018362522125]",,,,0,,,0.5837802290916443,0.469135046005249,0.6052775979042053,0.43118521571159363,0.3850637972354889,0.0566415898501873,0.048866406083106995,0.0639384537935257,0.052708253264427185,0.06827905774116516,0.5003411769866943,0.4996591806411743,0.5000110268592834,0.48919910192489624,0.4958018362522125,,,,,0.9487550854682922,0.03944283351302147,0.23591837286949158,0.9917987585067749,0.8864328265190125,0.02917785570025444,0.6913031935691833,0.9022468328475952,0.9447554349899292,0.018979569897055626,0.6013908386230469,0.9546876549720764,0.9744953513145447,0.015941405668854713,0.3956085741519928,0.9454488754272461
forward,300,test,1,1e-05,5,4,"[""zero_hop"", ""hop_1"", ""hop_2"", ""hop_3"", ""hop_4""]","[183, 5]","[183, 5]",,"[183, 5, 32]","[false, false, false, false, false]","[0.5117522478103638, 0.5102493166923523, 0.505154013633728, 0.4862525463104248, 0.48013195395469666]",,,,0,,,0.5515789985656738,0.2835486829280853,0.6104216575622559,0.5452135801315308,0.7213786840438843,0.07313690334558487,0.07055147737264633,0.07075227051973343,0.07633485645055771,0.04848155006766319,0.5117522478103638,0.5102493166923523,0.505154013633728,0.4862525463104248,0.48013195395469666,,,,,0.9046486020088196,0.08820949494838715,0.5311073064804077,0.9599561095237732,0.887412965297699,0.031063342466950417,0.5631115436553955,0.9421515464782715,0.949910044670105,0.021645382046699524,0.2076561450958252,0.9600709676742554,0.9125151038169861,0.043545741587877274,0.5946943759918213,0.7131751179695129
forward,300,test,2,1e-05,5,4,"[""zero_hop"", ""hop_1"", ""hop_2"", ""hop_3"", ""hop_4""]","[183, 5]","[183, 5]",,"[183, 5, 32]","[false, false, false, false, false]","[0.48816943168640137, 0.48955321311950684, 0.4845459759235382, 0.5050796270370483, 0.47755658626556396]",,,,0,,,0.7206136584281921,0.5113953351974487,0.6090940833091736,0.4214992821216583,0.3255214989185333,0.17221106588840485,0.05017797648906708,0.06422954052686691,0.054910726845264435,0.059976570308208466,0.48816943168640137,0.48955321311950684,0.4845459759235382,0.5050796270370483,0.47755658626556396,,,,,0.9606457352638245,0.0800178050994873,0.4561569094657898,0.9689304232597351,0.9819990992546082,0.014694076962769032,0.297311007976532,0.9795423150062561,0.9814450144767761,0.01785489171743393,0.20297598838806152,0.9677174091339111,0.990220308303833,0.02725796401500702,0.30714190006256104,0.8978228569030762
forward,300,test,3,1e-05,5,4,"[""zero_hop"", ""hop_1"", ""hop_2"", ""hop_3"", ""hop_4""]","[183, 5]","[183, 5]",,"[183, 5, 32]","[false, false, false, false, false]","[0.4757062494754791, 0.4932157099246979, 0.5038439631462097, 0.4856361150741577, 0.4907795488834381]",,,,0,,,0.25089743733406067,0.4741036593914032,0.4765116274356842,0.5665486454963684,0.4873332679271698,0.07480043917894363,0.07430636137723923,0.09972213208675385,0.05583642050623894,0.09969747811555862,0.4757062494754791,0.4932157099246979,0.5038439631462097,0.4856361150741577,0.4907795488834381,,,,,0.9721802473068237,0.04956939071416855,0.36993855237960815,0.9859039783477783,0.9927920699119568,0.009713138453662395,0.209715336561203,0.991492509841919,0.9975970983505249,0.009253055788576603,0.15861636400222778,0.9899255037307739,0.9935488700866699,0.01366571243852377,0.3192751705646515,0.9650664329528809
forward,300,test,4,1e-05,5,4,"[""zero_hop"", ""hop_1"", ""hop_2"", ""hop_3"", ""hop_4""]","[183, 5]","[183, 5]",,"[183, 5, 32]","[false, false, false, false, false]","[0.51298588514328, 0.5009880065917969, 0.5170027613639832, 0.49242502450942993, 0.4951572120189667]",,,,0,,,0.5852274298667908,0.47794368863105774,0.4683477580547333,0.5264542698860168,0.3247085213661194,0.03494910150766373,0.05720669403672218,0.032702162861824036,0.03752783685922623,0.09230011701583862,0.51298588514328,0.5009880065917969,0.5170027613639832,0.49242502450942993,0.4951572120189667,,,,,0.9000802040100098,0.044430188834667206,0.5110945105552673,0.990587592124939,0.9935077428817749,0.010279185138642788,0.3161357641220093,0.987066388130188,0.9976928234100342,0.005971123930066824,0.07249876856803894,0.9961894750595093,0.9979621767997742,0.01176171563565731,0.3128679394721985,0.9744577407836914
forward,300,test,5,1e-05,5,4,"[""zero_hop"", ""hop_1"", ""hop_2"", ""hop_3"", ""hop_4""]","[183, 5]","[183, 5]",,"[183, 5, 32]","[false, false, false, false, false]","[0.501592755317688, 0.4966181814670563, 0.5174131393432617, 0.49213752150535583, 0.5255478620529175]",,,,0,,,0.6166508197784424,0.2709334194660187,0.697304904460907,0.6485512852668762,0.6222942471504211,0.08777633309364319,0.04582026228308678,0.05956019088625908,0.08219446986913681,0.07960236072540283,0.501592755317688,0.4966181814670563,0.5174131393432617,0.49213752150535583,0.5255478620529175,,,,,0.9540122747421265,0.052304450422525406,0.36570975184440613,0.9837165474891663,0.9956576228141785,0.008960291743278503,0.21642154455184937,0.9905990362167358,0.9961392879486084,0.007978073321282864,0.3866657018661499,0.981894850730896,0.9949535727500916,0.008190955966711044,0.12815535068511963,0.9869512319564819
forward,350,train,0,1e-05,5,4,"[""zero_hop"", ""hop_1"", ""hop_2"", ""hop_3"", ""hop_4""]","[183, 5]","[183, 5]",,"[183, 5, 32]","[false, false, false, false, false]","[0.500357985496521, 0.4996356666088104, 0.4999881982803345, 0.48921507596969604, 0.4958178997039795]",,,,0,,,0.5837240815162659,0.4683378338813782,0.5948781967163086,0.4319266676902771,0.3873431086540222,0.08368869125843048,0.07280126959085464,0.08527834713459015,0.08192358911037445,0.0871066004037857,0.500357985496521,0.4996356666088104,0.4999881982803345,0.48921507596969604,0.4958178997039795,,,,,,,,,,,,,,,,,,,,
forward,350,train,1,1e-05,5,4,"[""zero_hop"", ""hop_1"", ""hop_2"", ""hop_3"", ""hop_4""]","[183, 5]","[183, 5]",,"[183, 5, 32]","[false, false, false, false, false]","[0.5117737650871277, 0.5102505683898926, 0.5051486492156982, 0.48626622557640076, 0.4801151156425476]",,,,0,,,0.5348065495491028,0.35183823108673096,0.5530549883842468,0.5194428563117981,0.6700286865234375,0.16096320748329163,0.15633532404899597,0.1792326271533966,0.16694296896457672,0.15415748953819275,0.5117737650871277,0.5102505683898926,0.5051486492156982,0.48626622557640076,0.4801151156425476,,,,,,,,,,,,,,,,,,,,
forward,350,train,2,1e-05,5,4,"[""zero_hop"", ""hop_1"", ""hop_2"", ""hop_3"", ""hop_4""]","[183, 5]","[183, 5]",,"[183, 5, 32]","[false, false, false, false, false]","[0.4881709814071655, 0.4895589351654053, 0.4845522940158844, 0.5050644874572754, 0.4775635302066803]",,,,0,,,0.6110165119171143,0.4776390790939331,0.5081039071083069,0.4535537362098694,0.4275289475917816,0.21166764199733734,0.17916272580623627,0.20066489279270172,0.1859070062637329,0.19248878955841064,0.4881709814071655,0.4895589351654053,0.4845522940158844,0.5050644874572754,0.4775635302066803,,,,,,,,,,,,,,,,,,,,
forward,350,train,3,1e-05,5,4,"[""zero_hop"", ""hop_1"", ""hop_2"", ""hop_3"", ""hop_4""]","[183, 5]","[183, 5]",,"[183, 5, 32]","[false, false, false, false, false]","[0.47572946548461914, 0.4932214021682739, 0.5038189888000488, 0.485625684261322, 0.4907934367656708]",,,,0,,,0.395384818315506,0.5216399431228638,0.483814001083374,0.5269416570663452,0.49421364068984985,0.18257108330726624,0.1800457090139389,0.18281568586826324,0.18010027706623077,0.18861697614192963,0.47572946548461914,0.4932214021682739,0.5038189888000488,0.485625684261322,0.4907934367656708,,,,,,,,,,,,,,,,,,,,
forward,350,train,4,1e-05,5,4,"[""zero_hop"", ""hop_1"", ""hop_2"", ""hop_3"", ""hop_4""]","[183, 5]","[183, 5]",,"[183, 5, 32]","[false, false, false, false, false]","[0.5129703283309937, 0.5009726285934448, 0.5170009136199951, 0.4924430549144745, 0.4951741099357605]",,,,0,,,0.5486871004104614,0.4948790669441223,0.47380903363227844,0.536949872970581,0.4009297490119934,0.19392894208431244,0.17185825109481812,0.1608930230140686,0.1740836501121521,0.1770983785390854,0.5129703283309937,0.5009726285934448,0.5170009136199951,0.4924430549144745,0.4951741099357605,,,,,,,,,,,,,,,,,,,,
forward,350,train,5,1e-05,5,4,"[""zero_hop"", ""hop_1"", ""hop_2"", ""hop_3"", ""hop_4""]","[183, 5]","[183, 5]",,"[183, 5, 32]","[false, false, false, false, false]","[0.5015895366668701, 0.49654945731163025, 0.5174744725227356, 0.4921719431877136, 0.5255664587020874]",,,,0,,,0.5218923091888428,0.33911311626434326,0.5085075497627258,0.6463790535926819,0.6681533455848694,0.15606063604354858,0.19333525002002716,0.18830320239067078,0.16815869510173798,0.1550792008638382,0.5015895366668701,0.49654945731163025,0.5174744725227356,0.4921719431877136,0.5255664587020874,,,,,,,,,,,,,,,,,,,,
backward,350,train,0,1e-05,5,,,,,,,,,,,,0,0.9771743888731539,,,,,,,,,,,,,,,,,,,,,,,,,,,,,,,,,,,,
backward,350,train,1,1e-05,5,,,,,,,,,,,,0,0.5870800889749797,,,,,,,,,,,,,,,,,,,,,,,,,,,,,,,,,,,,
backward,350,train,2,1e-05,5,,,,,,,,,,,,0,0.541564731654743,,,,,,,,,,,,,,,,,,,,,,,,,,,,,,,,,,,,
backward,350,train,3,1e-05,5,,,,,,,,,,,,0,0.48041344698066646,,,,,,,,,,,,,,,,,,,,,,,,,,,,,,,,,,,,
backward,350,train,4,1e-05,5,,,,,,,,,,,,0,0.31337203665495045,,,,,,,,,,,,,,,,,,,,,,,,,,,,,,,,,,,,
backward,350,train,5,1e-05,5,,,,,,,,,,,,0,0.24542973177582736,,,,,,,,,,,,,,,,,,,,,,,,,,,,,,,,,,,,
forward,350,val,0,1e-05,5,4,"[""zero_hop"", ""hop_1"", ""hop_2"", ""hop_3"", ""hop_4""]","[183, 5]","[183, 5]",,"[183, 5, 32]","[false, false, false, false, false]","[0.5003582835197449, 0.4996351897716522, 0.49998748302459717, 0.4892154037952423, 0.49581846594810486]",,,,0,,,0.5839975476264954,0.46876060962677,0.6048930287361145,0.4315442144870758,0.3852471709251404,0.05666171759366989,0.04891195148229599,0.0639086663722992,0.0527474470436573,0.06821221858263016,0.5003582835197449,0.4996351897716522,0.49998748302459717,0.4892154037952423,0.49581846594810486,,,,,0.9488349556922913,0.039424583315849304,0.23680487275123596,0.9917962551116943,0.8867632746696472,0.029125044122338295,0.6919354200363159,0.9024788737297058,0.9447379112243652,0.018991997465491295,0.6013858318328857,0.9546314477920532,0.974586009979248,0.015920082107186317,0.39548245072364807,0.9453916549682617
forward,350,val,1,1e-05,5,4,"[""zero_hop"", ""hop_1"", ""hop_2"", ""hop_3"", ""hop_4""]","[183, 5]","[183, 5]",,"[183, 5, 32]","[false, false, false, false, false]","[0.5117733478546143, 0.5102515816688538, 0.5051480531692505, 0.4862667918205261, 0.4801148474216461]",,,,0,,,0.5515059232711792,0.283627986907959,0.6101174354553223,0.5469411611557007,0.7207536101341248,0.07310975342988968,0.07063900679349899,0.07064713537693024,0.07673917710781097,0.048523735255002975,0.5117733478546143,0.5102515816688538,0.5051480531692505,0.4862667918205261,0.4801148474216461,,,,,0.9040627479553223,0.08821625262498856,0.5299893617630005,0.9600312113761902,0.8871666193008423,0.03103593923151493,0.5633764266967773,0.9421999454498291,0.9500361680984497,0.02166966162621975,0.2091386318206787,0.9599997401237488,0.9135881066322327,0.04343182221055031,0.5905578136444092,0.7150460481643677
forward,350,val,2,1e-05,5,4,"[""zero_hop"", ""hop_1"", ""hop_2"", ""hop_3"", ""hop_4""]","[183, 5]","[183, 5]",,"[183, 5, 32]","[false, false, false, false, false]","[0.48817160725593567, 0.48955875635147095, 0.4845516085624695, 0.5050646066665649, 0.4775635302066803]",,,,0,,,0.7206910252571106,0.5106269121170044,0.609539270401001,0.42030078172683716,0.3255468010902405,0.17211785912513733,0.0503760501742363,0.06443943828344345,0.05500752106308937,0.06000164896249771,0.48817160725593567,0.48955875635147095,0.4845516085624695,0.5050646066665649,0.4775635302066803,,,,,0.9616006016731262,0.0797668844461441,0.4555230438709259,0.969107985496521,0.9821740388870239,0.014669898897409439,0.2986849546432495,0.9795374274253845,0.9813050031661987,0.017882348969578743,0.20239606499671936,0.9675830602645874,0.9902786016464233,0.02721911296248436,0.3076239824295044,0.897996723651886
forward,350,val,3,1e-05,5,4,"[""zero_hop"", ""hop_1"", ""hop_2"", ""hop_3"", ""hop_4""]","[183, 5]","[183, 5]",,"[183, 5, 32]","[false, false, false, false, false]","[0.4757300019264221, 0.4932211637496948, 0.5038196444511414, 0.48562508821487427, 0.4907930791378021]",,,,0,,,0.25177839398384094,0.4738236665725708,0.4767354726791382,0.5660414695739746,0.4875967502593994,0.07472686469554901,0.07447223365306854,0.10024508088827133,0.05580170080065727,0.10000576823949814,0.4757300019264221,0.4932211637496948,0.5038196444511414,0.48562508821487427,0.4907930791378021,,,,,0.9722992777824402,0.049513429403305054,0.366842120885849,0.9859065413475037,0.9928808808326721,0.009691779501736164,0.20851176977157593,0.9915257692337036,0.9976028203964233,0.009267924353480339,0.15937167406082153,0.9898610711097717,0.9935826659202576,0.013651569373905659,0.31924310326576233,0.9651423096656799
forward,350,val,4,1e-05,5,4,"[""zero_hop"", ""hop_1"", ""hop_2"", ""hop_3"", ""hop_4""]","[183, 5]","[183, 5]",,"[183, 5, 32]","[false, false, false, false, false]","[0.512970507144928, 0.5009722709655762, 0.5170009732246399, 0.49244335293769836, 0.49517422914505005]",,,,0,,,0.5848538875579834,0.4787887632846832,0.46830201148986816,0.5260204076766968,0.32560187578201294,0.03484064340591431,0.05799888074398041,0.032826971262693405,0.03793713077902794,0.09209104627370834,0.512970507144928,0.5009722709655762,0.5170009732246399,0.49244335293769836,0.49517422914505005,,,,,0.8989788889884949,0.0441843718290329,0.5101363658905029,0.9906389713287354,0.9935427308082581,0.01026634220033884,0.31545233726501465,0.9871156215667725,0.9977205991744995,0.0059486194513738155,0.07221296429634094,0.9962202310562134,0.9979853630065918,0.0117367347702384,0.3130277991294861,0.9745334982872009
forward,350,val,5,1e-05,5,4,"[""zero_hop"", ""hop_1"", ""hop_2"", ""hop_3"", ""hop_4""]","[183, 5]","[183, 5]",,"[183, 5, 32]","[false, false, false, false, false]","[0.5015888810157776, 0.4965483248233795, 0.5174755454063416, 0.492173433303833, 0.5255663990974426]",,,,0,,,0.6153868436813354,0.26909980177879333,0.6987084746360779,0.6502472162246704,0.623286783695221,0.0873197540640831,0.04599064216017723,0.059799566864967346,0.08237317949533463,0.07946567982435226,0.5015888810157776,0.4965483248233795,0.5174755454063416,0.492173433303833,0.5255663990974426,,,,,0.9531868100166321,0.05270259082317352,0.3663262128829956,0.9835600852966309,0.9957159161567688,0.009004638530313969,0.21592693030834198,0.9904917478561401,0.9961405992507935,0.007971334271132946,0.38802045583724976,0.9818634986877441,0.9949156045913696,0.008199936710298061,0.12904751300811768,0.9868988990783691
forward,350,test,0,1e-05,5,4,"[""zero_hop"", ""hop_1"", ""hop_2"", ""hop_3"", ""hop_4""]","[183, 5]","[183, 5]",,"[183, 5, 32]","[false, false, false, false, false]","[0.5003582835197449, 0.4996351897716522, 0.49998748302459717, 0.4892154037952423, 0.49581846594810486]",,,,0,,,0.5839975476264954,0.46876060962677,0.6048930287361145,0.4315442144870758,0.3852471709251404,0.05666171759366989,0.04891195148229599,0.0639086663722992,0.0527474470436573,0.06821221858263016,0.5003582835197449,0.4996351897716522,0.49998748302459717,0.4892154037952423,0.49581846594810486,,,,,0.9488349556922913,0.039424583315849304,0.23680487275123596,0.9917962551116943,0.8867632746696472,0.029125044122338295,0.6919354200363159,0.9024788737297058,0.9447379112243652,0.018991997465491295,0.6013858318328857,0.9546314477920532,0.974586009979248,0.015920082107186317,0.39548245072364807,0.9453916549682617
forward,350,test,1,1e-05,5,4,"[""zero_hop"", ""hop_1"", ""hop_2"", ""hop_3"", ""hop_4""]","[183, 5]","[183, 5]",,"[183, 5, 32]","[false, false, false, false, false]","[0.5117733478546143, 0.5102515816688538, 0.5051480531692505, 0.4862667918205261, 0.4801148474216461]",,,,0,,,0.5515059232711792,0.283627986907959,0.6101174354553223,0.5469411611557007,0.7207536101341248,0.07310975342988968,0.07063900679349899,0.07064713537693024,0.07673917710781097,0.048523735255002975,0.5117733478546143,0.5102515816688538,0.5051480531692505,0.4862667918205261,0.4801148474216461,,,,,0.9040627479553223,0.08821626007556915,0.5299893617630005,0.9600312113761902,0.8871666193008423,0.03103593736886978,0.5633763670921326,0.9421999454498291,0.9500361680984497,0.02166966162621975,0.20913861691951752,0.9599997401237488,0.9135879278182983,0.04343182221055031,0.590557873249054,0.7150460481643677
forward,350,test,2,1e-05,5,4,"[""zero_hop"", ""hop_1"", ""hop_2"", ""hop_3"", ""hop_4""]","[183, 5]","[183, 5]",,"[183, 5, 32]","[false, false, false, false, false]","[0.48817160725593567, 0.48955875635147095, 0.4845516085624695, 0.5050646066665649, 0.4775635302066803]",,,,0,,,0.7206910252571106,0.5106269121170044,0.609539270401001,0.42030075192451477,0.3255468010902405,0.17211785912513733,0.050376046448946,0.06443943828344345,0.05500752106308937,0.06000164523720741,0.48817160725593567,0.48955875635147095,0.4845516085624695,0.5050646066665649,0.4775635302066803,,,,,0.9616006016731262,0.07976686209440231,0.45552289485931396,0.9691079258918762,0.9821740388870239,0.014669900760054588,0.2986849546432495,0.9795374870300293,0.9813050627708435,0.017882345244288445,0.2023959755897522,0.9675829410552979,0.9902786016464233,0.02721911296248436,0.30762386322021484,0.8979966640472412
forward,350,test,3,1e-05,5,4,"[""zero_hop"", ""hop_1"", ""hop_2"", ""hop_3"", ""hop_4""]","[183, 5]","[183, 5]",,"[183, 5, 32]","[false, false, false, false, false]","[0.4757300019264221, 0.4932211637496948, 0.5038196444511414, 0.48562508821487427, 0.4907930791378021]",,,,0,,,0.25177839398384094,0.4738236665725708,0.4767354726791382,0.5660414695739746,0.4875967502593994,0.07472687214612961,0.07447224110364914,0.10024508833885193,0.05580170825123787,0.10000577569007874,0.4757300019264221,0.4932211637496948,0.5038196444511414,0.48562508821487427,0.4907930791378021,,,,,0.9722992777824402,0.04951343312859535,0.36684203147888184,0.9859066009521484,0.9928810000419617,0.00969177857041359,0.20851179957389832,0.9915257096290588,0.9976028203964233,0.00926792249083519,0.15937167406082153,0.989861249923706,0.9935826659202576,0.013651572167873383,0.31924310326576233,0.9651423096656799
forward,350,test,4,1e-05,5,4,"[""zero_hop"", ""hop_1"", ""hop_2"", ""hop_3"", ""hop_4""]","[183, 5]","[183, 5]",,"[183, 5, 32]","[false, false, false, false, false]","[0.512970507144928, 0.5009722709655762, 0.5170009732246399, 0.49244335293769836, 0.49517422914505005]",,,,0,,,0.5848538875579834,0.478788822889328,0.46830201148986816,0.5260204076766968,0.32560184597969055,0.03484063223004341,0.05799888074398041,0.032826978713274,0.03793713077902794,0.09209104627370834,0.512970507144928,0.5009722709655762,0.5170009732246399,0.49244335293769836,0.49517422914505005,,,,,0.8989788889884949,0.044184360653162,0.5101364850997925,0.9906391501426697,0.9935427308082581,0.010266343131661415,0.31545230746269226,0.9871153831481934,0.9977205991744995,0.005948618520051241,0.07221299409866333,0.9962202906608582,0.9979853630065918,0.0117367347702384,0.3130277097225189,0.9745336174964905
forward,350,test,5,1e-05,5,4,"[""zero_hop"", ""hop_1"", ""hop_2"", ""hop_3"", ""hop_4""]","[183, 5]","[183, 5]",,"[183, 5, 32]","[false, false, false, false, false]","[0.5015888810157776, 0.4965483248233795, 0.5174755454063416, 0.492173433303833, 0.5255663990974426]",,,,0,,,0.6153868436813354,0.26909980177879333,0.6987084746360779,0.6502472162246704,0.623286783695221,0.0873197391629219,0.04599064961075783,0.059799570590257645,0.08237317204475403,0.07946567237377167,0.5015888810157776,0.4965483248233795,0.5174755454063416,0.492173433303833,0.5255663990974426,,,,,0.9531868100166321,0.05270260199904442,0.3663262128829956,0.9835600256919861,0.9957160353660583,0.009004637598991394,0.2159271240234375,0.9904916882514954,0.9961405992507935,0.007971331477165222,0.3880203366279602,0.9818636775016785,0.9949156045913696,0.008199937641620636,0.12904733419418335,0.9868988990783691
forward,400,train,0,1e-05,5,4,"[""zero_hop"", ""hop_1"", ""hop_2"", ""hop_3"", ""hop_4""]","[183, 5]","[183, 5]",,"[183, 5, 32]","[false, false, false, false, false]","[0.5003702640533447, 0.49960994720458984, 0.4999629259109497, 0.4892460107803345, 0.4958219826221466]",,,,0,,,0.5846778750419617,0.46269553899765015,0.6018204092979431,0.4401249885559082,0.38629913330078125,0.0710836872458458,0.07382950931787491,0.08106517046689987,0.08507592231035233,0.0861026868224144,0.5003702640533447,0.49960994720458984,0.4999629259109497,0.4892460107803345,0.4958219826221466,,,,,,,,,,,,,,,,,,,,
forward,400,train,1,1e-05,5,4,"[""zero_hop"", ""hop_1"", ""hop_2"", ""hop_3"", ""hop_4""]","[183, 5]","[183, 5]",,"[183, 5, 32]","[false, false, false, false, false]","[0.5117858648300171, 0.5102480053901672, 0.5051352381706238, 0.48627400398254395, 0.4801022708415985]",,,,0,,,0.5311407446861267,0.349043071269989,0.5733287930488586,0.5394918918609619,0.6697536110877991,0.1682596355676651,0.17281395196914673,0.17038820683956146,0.1657204031944275,0.16278357803821564,0.5117858648300171,0.5102480053901672,0.5051352381706238,0.48627400398254395,0.4801022708415985,,,,,,,,,,,,,,,,,,,,
forward,400,train,2,1e-05,5,4,"[""zero_hop"", ""hop_1"", ""hop_2"", ""hop_3"", ""hop_4""]","[183, 5]","[183, 5]",,"[183, 5, 32]","[false, false, false, false, false]","[0.48820045590400696, 0.4895481467247009, 0.484540194272995, 0.5050660967826843, 0.47755396366119385]",,,,0,,,0.6268832087516785,0.4731469750404358,0.5115723013877869,0.437490314245224,0.37189754843711853,0.1811460703611374,0.19115795195102692,0.1898190975189209,0.1910276710987091,0.1869434267282486,0.48820045590400696,0.4895481467247009,0.484540194272995,0.5050660967826843,0.47755396366119385,,,,,,,,,,,,,,,,,,,,
forward,400,train,3,1e-05,5,4,"[""zero_hop"", ""hop_1"", ""hop_2"", ""hop_3"", ""hop_4""]","[183, 5]","[183, 5]",,"[183, 5, 32]","[false, false, false, false, false]","[0.4757167398929596, 0.4932398498058319, 0.5038154125213623, 0.48562654852867126, 0.4907984733581543]",,,,0,,,0.3783431649208069,0.5048280358314514,0.5219934582710266,0.5519559383392334,0.49443840980529785,0.17244699597358704,0.17535431683063507,0.1689392477273941,0.17832548916339874,0.17272689938545227,0.4757167398929596,0.4932398498058319,0.5038154125213623,0.48562654852867126,0.4907984733581543,,,,,,,,,,,,,,,,,,,,
forward,400,train,4,1e-05,5,4,"[""zero_hop"", ""hop_1"", ""hop_2"", ""hop_3"", ""hop_4""]","[183, 5]","[183, 5]",,"[183, 5, 32]","[false, false, false, false, false]","[0.5129585266113281, 0.5009434223175049, 0.5170243382453918, 0.4924475848674774, 0.4952135682106018]",,,,0,,,0.5000433921813965,0.5055211782455444,0.44996699690818787,0.5343130826950073,0.45653244853019714,0.19885484874248505,0.1821296662092209,0.14884136617183685,0.157860666513443,0.1672399342060089,0.5129585266113281,0.5009434223175049,0.5170243382453918,0.4924475848674774,0.4952135682106018,,,,,,,,,,,,,,,,,,,,
forward,400,train,5,1e-05,5,4,"[""zero_hop"", ""hop_1"", ""hop_2"", ""hop_3"", ""hop_4""]","[183, 5]","[183, 5]",,"[183, 5, 32]","[false, false, false, false, false]","[0.5015611052513123, 0.4964553415775299, 0.5175332427024841, 0.4922414720058441, 0.5255929827690125]",,,,0,,,0.5630633234977722,0.3411012887954712,0.542482316493988,0.6338702440261841,0.6733760237693787,0.1614196002483368,0.18493786454200745,0.18053071200847626,0.1667589545249939,0.16678883135318756,0.5015611052513123,0.4964553415775299,0.5175332427024841,0.4922414720058441,0.5255929827690125,,,,,,,,,,,,,,,,,,,,
backward,400,train,0,1e-05,5,,,,,,,,,,,,0,1.2601694021501475,,,,,,,,,,,,,,,,,,,,,,,,,,,,,,,,,,,,
backward,400,train,1,1e-05,5,,,,,,,,,,,,0,1.006827101456132,,,,,,,,,,,,,,,,,,,,,,,,,,,,,,,,,,,,
backward,400,train,2,1e-05,5,,,,,,,,,,,,0,0.7345278165441946,,,,,,,,,,,,,,,,,,,,,,,,,,,,,,,,,,,,
backward,400,train,3,1e-05,5,,,,,,,,,,,,0,0.45337692659067197,,,,,,,,,,,,,,,,,,,,,,,,,,,,,,,,,,,,
backward,400,train,4,1e-05,5,,,,,,,,,,,,0,0.4176044800771206,,,,,,,,,,,,,,,,,,,,,,,,,,,,,,,,,,,,
backward,400,train,5,1e-05,5,,,,,,,,,,,,0,0.28329087987272816,,,,,,,,,,,,,,,,,,,,,,,,,,,,,,,,,,,,
forward,400,val,0,1e-05,5,4,"[""zero_hop"", ""hop_1"", ""hop_2"", ""hop_3"", ""hop_4""]","[183, 5]","[183, 5]",,"[183, 5, 32]","[false, false, false, false, false]","[0.5003697276115417, 0.4996097683906555, 0.4999641180038452, 0.48924508690834045, 0.49582263827323914]",,,,0,,,0.584176242351532,0.46793490648269653,0.6045510172843933,0.4322245419025421,0.385394811630249,0.05665035545825958,0.049060188233852386,0.06387712806463242,0.05278395861387253,0.06819479167461395,0.5003697276115417,0.4996097683906555,0.4999641180038452,0.48924508690834045,0.49582263827323914,,,,,0.9487291574478149,0.03948396444320679,0.23704764246940613,0.9917715191841125,0.8876328468322754,0.02900679036974907,0.6904796361923218,0.9031342267990112,0.9446763396263123,0.018997181206941605,0.6013965606689453,0.9545757174491882,0.9746853709220886,0.015904352068901062,0.39181262254714966,0.9456319212913513
forward,400,val,1,1e-05,5,4,"[""zero_hop"", ""hop_1"", ""hop_2"", ""hop_3"", ""hop_4""]","[183, 5]","[183, 5]",,"[183, 5, 32]","[false, false, false, false, false]","[0.5117874145507812, 0.5102477073669434, 0.5051347613334656, 0.4862734377384186, 0.4801020622253418]",,,,0,,,0.552465558052063,0.2827329635620117,0.6098446249961853,0.5467624664306641,0.7204232215881348,0.07300437241792679,0.07056715339422226,0.07060334831476212,0.07679609209299088,0.04854169487953186,0.5117874145507812,0.5102477073669434,0.5051347613334656,0.4862734377384186,0.4801020622253418,,,,,0.9038366675376892,0.08818916231393814,0.5292166471481323,0.9600845575332642,0.8878348469734192,0.031028764322400093,0.5613378286361694,0.9423329830169678,0.9499421715736389,0.021694082766771317,0.20881718397140503,0.9598733186721802,0.9139059782028198,0.04337183013558388,0.5889230966567993,0.7156952023506165
forward,400,val,2,1e-05,5,4,"[""zero_hop"", ""hop_1"", ""hop_2"", ""hop_3"", ""hop_4""]","[183, 5]","[183, 5]",,"[183, 5, 32]","[false, false, false, false, false]","[0.4882003664970398, 0.4895488917827606, 0.4845394790172577, 0.5050658583641052, 0.4775540828704834]",,,,0,,,0.7212951183319092,0.5105708837509155,0.6086432933807373,0.4196684956550598,0.32553523778915405,0.17183828353881836,0.05048481002449989,0.06450875103473663,0.05499608814716339,0.059818465262651443,0.4882003664970398,0.4895488917827606,0.4845394790172577,0.5050658583641052,0.4775540828704834,,,,,0.9612005949020386,0.07978926599025726,0.45404747128486633,0.9691017866134644,0.9821522235870361,0.01465073972940445,0.2974897027015686,0.9796315431594849,0.981538712978363,0.017831480130553246,0.1993621587753296,0.967803955078125,0.9903576374053955,0.02718394249677658,0.3073199391365051,0.8982588052749634
forward,400,val,3,1e-05,5,4,"[""zero_hop"", ""hop_1"", ""hop_2"", ""hop_3"", ""hop_4""]","[183, 5]","[183, 5]",,"[183, 5, 32]","[false, false, false, false, false]","[0.4757167398929596, 0.49324026703834534, 0.5038149952888489, 0.48562631011009216, 0.4907989501953125]",,,,0,,,0.25191834568977356,0.47447440028190613,0.47717592120170593,0.5665436387062073,0.4874899387359619,0.07504729181528091,0.07423657178878784,0.1001720055937767,0.0557161346077919,0.10016143321990967,0.4757167398929596,0.49324026703834534,0.5038149952888489,0.48562631011009216,0.4907989501953125,,,,,0.9721510410308838,0.04956601932644844,0.36833900213241577,0.9858980774879456,0.9929075837135315,0.009672821499407291,0.2075096070766449,0.9915633201599121,0.9975928664207458,0.009263833053410053,0.1592959761619568,0.9898688793182373,0.9935656785964966,0.013663928024470806,0.3193385601043701,0.9650972485542297
forward,400,val,4,1e-05,5,4,"[""zero_hop"", ""hop_1"", ""hop_2"", ""hop_3"", ""hop_4""]","[183, 5]","[183, 5]",,"[183, 5, 32]","[false, false, false, false, false]","[0.5129578709602356, 0.500943660736084, 0.517025351524353, 0.49244803190231323, 0.4952133893966675]",,,,0,,,0.5833733081817627,0.4781089127063751,0.4675898253917694,0.5261787176132202,0.32616639137268066,0.035018276423215866,0.057611133903265,0.032598432153463364,0.03823424503207207,0.09212411940097809,0.5129578709602356,0.500943660736084,0.517025351524353,0.49244803190231323,0.4952133893966675,,,,,0.8987388014793396,0.044256072491407394,0.5098763704299927,0.9905891418457031,0.993556797504425,0.01027567870914936,0.31599241495132446,0.9870795607566833,0.9977324604988098,0.005946172401309013,0.07210591435432434,0.9962218999862671,0.9979634881019592,0.01172204501926899,0.31376853585243225,0.9745239019393921
forward,400,val,5,1e-05,5,4,"[""zero_hop"", ""hop_1"", ""hop_2"", ""hop_3"", ""hop_4""]","[183, 5]","[183, 5]",,"[183, 5, 32]","[false, false, false, false, false]","[0.5015604496002197, 0.4964531660079956, 0.517534077167511, 0.4922432005405426, 0.5255936980247498]",,,,0,,,0.6146700978279114,0.2678714692592621,0.6991192102432251,0.6517029404640198,0.6239020228385925,0.08679032325744629,0.04585489630699158,0.059828877449035645,0.08260104060173035,0.07945428043603897,0.5015604496002197,0.4964531660079956,0.517534077167511,0.4922432005405426,0.5255936980247498,,,,,0.9530934691429138,0.0527326874434948,0.3667396008968353,0.9835711717605591,0.9957162737846375,0.008991307578980923,0.21568410098552704,0.9905173182487488,0.9962136149406433,0.007962958887219429,0.38744938373565674,0.9819827675819397,0.9948760867118835,0.00823576096445322,0.12882933020591736,0.9868243932723999
forward,400,test,0,1e-05,5,4,"[""zero_hop"", ""hop_1"", ""hop_2"", ""hop_3"", ""hop_4""]","[183, 5]","[183, 5]",,"[183, 5, 32]","[false, false, false, false, false]","[0.5003697276115417, 0.4996097683906555, 0.4999641180038452, 0.48924508690834045, 0.49582263827323914]",,,,0,,,0.584176242351532,0.46793490648269653,0.6045510172843933,0.4322245419025421,0.385394811630249,0.05665035545825958,0.049060188233852386,0.06387712806463242,0.05278395861387253,0.06819479167461395,0.5003697276115417,0.4996097683906555,0.4999641180038452,0.48924508690834045,0.49582263827323914,,,,,0.9487291574478149,0.03948396444320679,0.23704764246940613,0.9917715191841125,0.8876328468322754,0.02900679036974907,0.6904796361923218,0.9031342267990112,0.9446763396263123,0.018997181206941605,0.6013965606689453,0.9545757174491882,0.9746853709220886,0.015904352068901062,0.39181262254714966,0.9456319212913513
forward,400,test,1,1e-05,5,4,"[""zero_hop"", ""hop_1"", ""hop_2"", ""hop_3"", ""hop_4""]","[183, 5]","[183, 5]",,"[183, 5, 32]","[false, false, false, false, false]","[0.5117874145507812, 0.5102477073669434, 0.5051347613334656, 0.4862734377384186, 0.4801020622253418]",,,,0,,,0.552465558052063,0.2827329933643341,0.6098446249961853,0.5467624664306641,0.7204232215881348,0.07300437241792679,0.07056715339422226,0.07060334831476212,0.07679609954357147,0.04854169487953186,0.5117874145507812,0.5102477073669434,0.5051347613334656,0.4862734377384186,0.4801020622253418,,,,,0.9038366675376892,0.08818916976451874,0.5292166471481323,0.9600845575332642,0.8878348469734192,0.031028766185045242,0.5613378286361694,0.9423329830169678,0.9499421715736389,0.021694082766771317,0.20881716907024384,0.9598734378814697,0.9139059782028198,0.04337182641029358,0.5889230370521545,0.7156952619552612
forward,400,test,2,1e-05,5,4,"[""zero_hop"", ""hop_1"", ""hop_2"", ""hop_3"", ""hop_4""]","[183, 5]","[183, 5]",,"[183, 5, 32]","[false, false, false, false, false]","[0.4882003664970398, 0.4895488917827606, 0.4845394790172577, 0.5050658583641052, 0.4775540828704834]",,,,0,,,0.7212951183319092,0.5105708837509155,0.6086432933807373,0.4196684956550598,0.32553523778915405,0.17183828353881836,0.05048481002449989,0.06450875103473663,0.054996076971292496,0.059818465262651443,0.4882003664970398,0.4895488917827606,0.4845394790172577,0.5050658583641052,0.4775540828704834,,,,,0.961200475692749,0.07978928089141846,0.4540475010871887,0.9691017866134644,0.9821522235870361,0.014650741592049599,0.29748982191085815,0.9796316623687744,0.981538712978363,0.017831476405262947,0.19936227798461914,0.9678038954734802,0.9903576374053955,0.02718394063413143,0.3073197603225708,0.8982588052749634
forward,400,test,3,1e-05,5,4,"[""zero_hop"", ""hop_1"", ""hop_2"", ""hop_3"", ""hop_4""]","[183, 5]","[183, 5]",,"[183, 5, 32]","[false, false, false, false, false]","[0.4757167398929596, 0.49324026703834534, 0.5038149952888489, 0.48562631011009216, 0.4907989501953125]",,,,0,,,0.25191834568977356,0.47447440028190613,0.47717592120170593,0.5665435791015625,0.4874899387359619,0.07504729926586151,0.07423655688762665,0.1001719981431961,0.0557161383330822,0.10016143321990967,0.4757167398929596,0.49324026703834534,0.5038149952888489,0.48562631011009216,0.4907989501953125,,,,,0.9721511006355286,0.04956601932644844,0.36833906173706055,0.9858980178833008,0.9929075837135315,0.009672821499407291,0.2075095772743225,0.9915634393692017,0.9975928664207458,0.009263829328119755,0.15929579734802246,0.9898690581321716,0.9935656785964966,0.01366392895579338,0.3193385601043701,0.9650972485542297
forward,400,test,4,1e-05,5,4,"[""zero_hop"", ""hop_1"", ""hop_2"", ""hop_3"", ""hop_4""]","[183, 5]","[183, 5]",,"[183, 5, 32]","[false, false, false, false, false]","[0.5129578709602356, 0.500943660736084, 0.517025351524353, 0.49244803190231323, 0.4952133893966675]",,,,0,,,0.5833733081817627,0.4781089723110199,0.4675898253917694,0.5261786580085754,0.32616639137268066,0.035018276423215866,0.0576111376285553,0.032598432153463364,0.03823424503207207,0.09212411940097809,0.5129578709602356,0.500943660736084,0.517025351524353,0.49244803190231323,0.4952133893966675,,,,,0.8987388014793396,0.0442560575902462,0.5098764896392822,0.9905893206596375,0.993556797504425,0.010275675915181637,0.31599217653274536,0.9870795011520386,0.9977325201034546,0.005946172866970301,0.07210597395896912,0.9962217807769775,0.9979633688926697,0.011722044087946415,0.3137684464454651,0.9745240211486816
forward,400,test,5,1e-05,5,4,"[""zero_hop"", ""hop_1"", ""hop_2"", ""hop_3"", ""hop_4""]","[183, 5]","[183, 5]",,"[183, 5, 32]","[false, false, false, false, false]","[0.5015604496002197, 0.4964531660079956, 0.517534077167511, 0.4922432005405426, 0.5255936980247498]",,,,0,,,0.6146700978279114,0.2678714692592621,0.6991192698478699,0.6517029404640198,0.6239019632339478,0.0867903083562851,0.04585489630699158,0.05982886999845505,0.08260105550289154,0.07945428043603897,0.5015604496002197,0.4964531660079956,0.517534077167511,0.4922432005405426,0.5255936980247498,,,,,0.9530934691429138,0.05273270979523659,0.3667396306991577,0.9835711717605591,0.9957162737846375,0.008991307578980923,0.2156844139099121,0.9905171990394592,0.9962136149406433,0.007962959818542004,0.38744938373565674,0.9819827079772949,0.9948760867118835,0.008235760033130646,0.12882936000823975,0.9868244528770447
forward,450,train,0,1e-05,5,4,"[""zero_hop"", ""hop_1"", ""hop_2"", ""hop_3"", ""hop_4""]","[183, 5]","[183, 5]",,"[183, 5, 32]","[false, false, false, false, false]","[0.5003491640090942, 0.4996092915534973, 0.49996739625930786, 0.48924919962882996, 0.4958533048629761]",,,,0,,,0.586484968662262,0.47085633873939514,0.599053144454956,0.42385637760162354,0.39258578419685364,0.08547966182231903,0.07875707000494003,0.08349044620990753,0.0791427418589592,0.09215211123228073,0.5003491640090942,0.4996092915534973,0.49996739625930786,0.48924919962882996,0.4958533048629761,,,,,,,,,,,,,,,,,,,,
forward,450,train,1,1e-05,5,4,"[""zero_hop"", ""hop_1"", ""hop_2"", ""hop_3"", ""hop_4""]","[183, 5]","[183, 5]",,"[183, 5, 32]","[false, false, false, false, false]","[0.511817455291748, 0.5102452039718628, 0.5051602721214294, 0.486258327960968, 0.4801008403301239]",,,,0,,,0.532293438911438,0.3181247413158417,0.5526622533798218,0.5474551320075989,0.648314356803894,0.17468293011188507,0.16792427003383636,0.16604092717170715,0.16294993460178375,0.16010639071464539,0.511817455291748,0.5102452039718628,0.5051602721214294,0.486258327960968,0.4801008403301239,,,,,,,,,,,,,,,,,,,,
forward,450,train,2,1e-05,5,4,"[""zero_hop"", ""hop_1"", ""hop_2"", ""hop_3"", ""hop_4""]","[183, 5]","[183, 5]",,"[183, 5, 32]","[false, false, false, false, false]","[0.4882025122642517, 0.48958614468574524, 0.484540194272995, 0.505056619644165, 0.4775335192680359]",,,,0,,,0.6093416810035706,0.45550310611724854,0.519632875919342,0.47013720870018005,0.4283226728439331,0.19778791069984436,0.17729930579662323,0.18350207805633545,0.18545806407928467,0.19415196776390076,0.4882025122642517,0.48958614468574524,0.484540194272995,0.505056619644165,0.4775335192680359,,,,,,,,,,,,,,,,,,,,
forward,450,train,3,1e-05,5,4,"[""zero_hop"", ""hop_1"", ""hop_2"", ""hop_3"", ""hop_4""]","[183, 5]","[183, 5]",,"[183, 5, 32]","[false, false, false, false, false]","[0.4757319390773773, 0.49323800206184387, 0.5038021802902222, 0.4856138229370117, 0.4908179044723511]",,,,0,,,0.3878575563430786,0.44992315769195557,0.4648827612400055,0.5326143503189087,0.49906545877456665,0.16832546889781952,0.16745321452617645,0.18905168771743774,0.17779366672039032,0.18318316340446472,0.4757319390773773,0.49323800206184387,0.5038021802902222,0.4856138229370117,0.4908179044723511,,,,,,,,,,,,,,,,,,,,
forward,450,train,4,1e-05,5,4,"[""zero_hop"", ""hop_1"", ""hop_2"", ""hop_3"", ""hop_4""]","[183, 5]","[183, 5]",,"[183, 5, 32]","[false, false, false, false, false]","[0.5129424929618835, 0.5009365677833557, 0.5170297026634216, 0.4924517273902893, 0.49524444341659546]",,,,0,,,0.5348190665245056,0.5145628452301025,0.4680444896221161,0.5248889923095703,0.4110208749771118,0.1774016171693802,0.1754480004310608,0.14134007692337036,0.15759943425655365,0.17240563035011292,0.5129424929618835,0.5009365677833557,0.5170297026634216,0.4924517273902893,0.49524444341659546,,,,,,,,,,,,,,,,,,,,
forward,450,train,5,1e-05,5,4,"[""zero_hop"", ""hop_1"", ""hop_2"", ""hop_3"", ""hop_4""]","[183, 5]","[183, 5]",,"[183, 5, 32]","[false, false, false, false, false]","[0.5015199184417725, 0.49637603759765625, 0.5176082253456116, 0.49231889843940735, 0.5256167054176331]",,,,0,,,0.5417467951774597,0.3097829222679138,0.5067050457000732,0.6416934132575989,0.6575510501861572,0.16068881750106812,0.16954456269741058,0.17519235610961914,0.15489384531974792,0.15805025398731232,0.5015199184417725,0.49637603759765625,0.5176082253456116,0.49231889843940735,0.5256167054176331,,,,,,,,,,,,,,,,,,,,
backward,450,train,0,1e-05,5,,,,,,,,,,,,0,1.6607725523299623,,,,,,,,,,,,,,,,,,,,,,,,,,,,,,,,,,,,
backward,450,train,1,1e-05,5,,,,,,,,,,,,0,0.9800881806925192,,,,,,,,,,,,,,,,,,,,,,,,,,,,,,,,,,,,
backward,450,train,2,1e-05,5,,,,,,,,,,,,0,0.8175136972727133,,,,,,,,,,,,,,,,,,,,,,,,,,,,,,,,,,,,
backward,450,train,3,1e-05,5,,,,,,,,,,,,0,0.7860012429715177,,,,,,,,,,,,,,,,,,,,,,,,,,,,,,,,,,,,
backward,450,train,4,1e-05,5,,,,,,,,,,,,0,0.40908013174993296,,,,,,,,,,,,,,,,,,,,,,,,,,,,,,,,,,,,
backward,450,train,5,1e-05,5,,,,,,,,,,,,0,0.3410734542476909,,,,,,,,,,,,,,,,,,,,,,,,,,,,,,,,,,,,
forward,450,val,0,1e-05,5,4,"[""zero_hop"", ""hop_1"", ""hop_2"", ""hop_3"", ""hop_4""]","[183, 5]","[183, 5]",,"[183, 5, 32]","[false, false, false, false, false]","[0.5003489255905151, 0.4996093511581421, 0.49996650218963623, 0.48924964666366577, 0.49585434794425964]",,,,0,,,0.5837379693984985,0.4683215618133545,0.6043641567230225,0.43210604786872864,0.3861073851585388,0.056627631187438965,0.04893475025892258,0.06380277872085571,0.05287417396903038,0.06808877736330032,0.5003489255905151,0.4996093511581421,0.49996650218963623,0.48924964666366577,0.49585434794425964,,,,,0.9487447738647461,0.03950751572847366,0.23658040165901184,0.9917745590209961,0.8879534602165222,0.028968291357159615,0.6900236010551453,0.9034498929977417,0.9446538686752319,0.01898687332868576,0.6013712882995605,0.9546199440956116,0.9746937155723572,0.01590609923005104,0.39089536666870117,0.9456927180290222
forward,450,val,1,1e-05,5,4,"[""zero_hop"", ""hop_1"", ""hop_2"", ""hop_3"", ""hop_4""]","[183, 5]","[183, 5]",,"[183, 5, 32]","[false, false, false, false, false]","[0.511817216873169, 0.5102452635765076, 0.5051601529121399, 0.48625844717025757, 0.4801010489463806]",,,,0,,,0.5537360906600952,0.28311604261398315,0.6107885241508484,0.5460303425788879,0.7203086018562317,0.07263128459453583,0.07055509835481644,0.07088577747344971,0.07657162100076675,0.048524726182222366,0.511817216873169,0.5102452635765076,0.5051601529121399,0.48625844717025757,0.4801010489463806,,,,,0.9034427404403687,0.08815404772758484,0.5276058316230774,0.9601770639419556,0.8876186013221741,0.031009318307042122,0.5613411664962769,0.9423075914382935,0.9498761296272278,0.02169966883957386,0.2076127529144287,0.9598144888877869,0.913661003112793,0.0433940663933754,0.5888084769248962,0.7153670787811279
forward,450,val,2,1e-05,5,4,"[""zero_hop"", ""hop_1"", ""hop_2"", ""hop_3"", ""hop_4""]","[183, 5]","[183, 5]",,"[183, 5, 32]","[false, false, false, false, false]","[0.4882020056247711, 0.48958727717399597, 0.4845404326915741, 0.5050570368766785, 0.47753310203552246]",,,,0,,,0.7217480540275574,0.5120135545730591,0.6087359189987183,0.4190306067466736,0.32473284006118774,0.17197735607624054,0.05039322376251221,0.0649150162935257,0.05515989288687706,0.05951537936925888,0.4882020056247711,0.48958727717399597,0.4845404326915741,0.5050570368766785,0.47753310203552246,,,,,0.9607884883880615,0.07994698733091354,0.4535747766494751,0.9690108299255371,0.9820514917373657,0.014666044153273106,0.29678916931152344,0.9796008467674255,0.9814666509628296,0.017854897305369377,0.19738858938217163,0.9677468538284302,0.9903339147567749,0.02717486023902893,0.30763450264930725,0.898299515247345
forward,450,val,3,1e-05,5,4,"[""zero_hop"", ""hop_1"", ""hop_2"", ""hop_3"", ""hop_4""]","[183, 5]","[183, 5]",,"[183, 5, 32]","[false, false, false, false, false]","[0.4757319390773773, 0.49323827028274536, 0.5038024187088013, 0.48561322689056396, 0.4908183515071869]",,,,0,,,0.25215211510658264,0.4747481048107147,0.47638654708862305,0.5664545893669128,0.48810938000679016,0.07499580085277557,0.07418153434991837,0.10008490085601807,0.055636271834373474,0.10001667588949203,0.4757319390773773,0.49323827028274536,0.5038024187088013,0.48561322689056396,0.4908183515071869,,,,,0.9720332622528076,0.04955345392227173,0.36801207065582275,0.9859033823013306,0.9929611086845398,0.00967470183968544,0.20519769191741943,0.9915997385978699,0.9976081252098083,0.009265998378396034,0.15874123573303223,0.9898808002471924,0.9935153126716614,0.01368478499352932,0.3194817006587982,0.9650676250457764
forward,450,val,4,1e-05,5,4,"[""zero_hop"", ""hop_1"", ""hop_2"", ""hop_3"", ""hop_4""]","[183, 5]","[183, 5]",,"[183, 5, 32]","[false, false, false, false, false]","[0.512941837310791, 0.500935435295105, 0.5170302987098694, 0.4924532473087311, 0.4952443242073059]",,,,0,,,0.5844933986663818,0.4773694574832916,0.4675769507884979,0.5261306762695312,0.32660987973213196,0.034912239760160446,0.057452864944934845,0.03276405483484268,0.03828154876828194,0.09181508421897888,0.512941837310791,0.500935435295105,0.5170302987098694,0.4924532473087311,0.4952443242073059,,,,,0.8984509706497192,0.04422285780310631,0.5099977254867554,0.9905831217765808,0.993579626083374,0.010278096422553062,0.3149394989013672,0.9871137142181396,0.997748851776123,0.005939604248851538,0.07183924317359924,0.9962297081947327,0.9979564547538757,0.011711952276527882,0.31362059712409973,0.9745326638221741
forward,450,val,5,1e-05,5,4,"[""zero_hop"", ""hop_1"", ""hop_2"", ""hop_3"", ""hop_4""]","[183, 5]","[183, 5]",,"[183, 5, 32]","[false, false, false, false, false]","[0.5015186667442322, 0.4963740408420563, 0.5176099538803101, 0.49232134222984314, 0.5256179571151733]",,,,0,,,0.6135300993919373,0.26563891768455505,0.7004987001419067,0.6533472537994385,0.6243910789489746,0.08667242527008057,0.0461517870426178,0.059995293617248535,0.08277058601379395,0.07927927374839783,0.5015186667442322,0.4963740408420563,0.5176099538803101,0.49232134222984314,0.5256179571151733,,,,,0.9530001878738403,0.052761707454919815,0.3675619959831238,0.9835523366928101,0.995747447013855,0.008986757136881351,0.21607454121112823,0.9905139207839966,0.9962125420570374,0.007946619763970375,0.386491596698761,0.9820371270179749,0.9950143694877625,0.008167418651282787,0.1284254491329193,0.987043559551239
forward,450,test,0,1e-05,5,4,"[""zero_hop"", ""hop_1"", ""hop_2"", ""hop_3"", ""hop_4""]","[183, 5]","[183, 5]",,"[183, 5, 32]","[false, false, false, false, false]","[0.5003489255905151, 0.4996093511581421, 0.49996650218963623, 0.48924964666366577, 0.49585434794425964]",,,,0,,,0.5837379693984985,0.4683215618133545,0.6043641567230225,0.43210604786872864,0.3861073851585388,0.056627631187438965,0.04893475025892258,0.06380277872085571,0.05287417396903038,0.06808877736330032,0.5003489255905151,0.4996093511581421,0.49996650218963623,0.48924964666366577,0.49585434794425964,,,,,0.9487447738647461,0.03950751572847366,0.23658040165901184,0.9917745590209961,0.8879534602165222,0.028968291357159615,0.6900236010551453,0.9034498929977417,0.9446538686752319,0.01898687332868576,0.6013712882995605,0.9546199440956116,0.9746937155723572,0.01590609923005104,0.39089536666870117,0.9456927180290222
forward,450,test,1,1e-05,5,4,"[""zero_hop"", ""hop_1"", ""hop_2"", ""hop_3"", ""hop_4""]","[183, 5]","[183, 5]",,"[183, 5, 32]","[false, false, false, false, false]","[0.511817216873169, 0.5102452635765076, 0.5051601529121399, 0.48625844717025757, 0.4801010489463806]",,,,0,,,0.5537360906600952,0.28311604261398315,0.6107885241508484,0.5460303425788879,0.7203086018562317,0.07263128459453583,0.07055509835481644,0.07088577747344971,0.07657162100076675,0.048524726182222366,0.511817216873169,0.5102452635765076,0.5051601529121399,0.48625844717025757,0.4801010489463806,,,,,0.9034427404403687,0.08815405517816544,0.5276058316230774,0.9601770639419556,0.8876186013221741,0.03100932389497757,0.5613411664962769,0.9423075914382935,0.9498761296272278,0.02169966883957386,0.20761270821094513,0.9598144888877869,0.913661003112793,0.0433940663933754,0.5888084769248962,0.7153670787811279
forward,450,test,2,1e-05,5,4,"[""zero_hop"", ""hop_1"", ""hop_2"", ""hop_3"", ""hop_4""]","[183, 5]","[183, 5]",,"[183, 5, 32]","[false, false, false, false, false]","[0.4882020056247711, 0.48958727717399597, 0.4845404326915741, 0.5050570368766785, 0.47753310203552246]",,,,0,,,0.7217480540275574,0.5120135545730591,0.6087359189987183,0.4190306067466736,0.32473284006118774,0.17197735607624054,0.05039321631193161,0.0649150162935257,0.05515989288687706,0.05951538309454918,0.4882020056247711,0.48958727717399597,0.4845404326915741,0.5050570368766785,0.47753310203552246,,,,,0.9607884883880615,0.07994700223207474,0.4535747766494751,0.9690108299255371,0.982051432132721,0.014666044153273106,0.29678940773010254,0.9796009063720703,0.9814666509628296,0.01785489171743393,0.19738835096359253,0.967746913433075,0.9903338551521301,0.02717486023902893,0.3076344132423401,0.8982993960380554
forward,450,test,3,1e-05,5,4,"[""zero_hop"", ""hop_1"", ""hop_2"", ""hop_3"", ""hop_4""]","[183, 5]","[183, 5]",,"[183, 5, 32]","[false, false, false, false, false]","[0.4757319390773773, 0.49323827028274536, 0.5038024187088013, 0.48561322689056396, 0.4908183515071869]",,,,0,,,0.25215208530426025,0.4747481048107147,0.47638654708862305,0.5664547085762024,0.48810938000679016,0.07499580085277557,0.07418153434991837,0.10008490830659866,0.05563626438379288,0.10001667588949203,0.4757319390773773,0.49323827028274536,0.5038024187088013,0.48561322689056396,0.4908183515071869,,,,,0.9720332026481628,0.04955346882343292,0.3680119514465332,0.9859035015106201,0.9929611682891846,0.009674702771008015,0.20519781112670898,0.9915998578071594,0.9976081252098083,0.00926599744707346,0.15874111652374268,0.9898809194564819,0.9935153126716614,0.01368478313088417,0.3194817006587982,0.9650676250457764
forward,450,test,4,1e-05,5,4,"[""zero_hop"", ""hop_1"", ""hop_2"", ""hop_3"", ""hop_4""]","[183, 5]","[183, 5]",,"[183, 5, 32]","[false, false, false, false, false]","[0.512941837310791, 0.500935435295105, 0.5170302987098694, 0.4924532473087311, 0.4952443242073059]",,,,0,,,0.5844933986663818,0.477369487285614,0.4675769507884979,0.5261306762695312,0.32660987973213196,0.03491222858428955,0.057452864944934845,0.03276405856013298,0.03828154876828194,0.09181508421897888,0.512941837310791,0.500935435295105,0.5170302987098694,0.4924532473087311,0.4952443242073059,,,,,0.8984510898590088,0.04422285780310631,0.5099977850914001,0.9905833005905151,0.993579626083374,0.010278094559907913,0.31493937969207764,0.9871136546134949,0.997748851776123,0.005939604248851538,0.07183930277824402,0.9962297677993774,0.9979564547538757,0.011711949482560158,0.31362056732177734,0.9745328426361084
forward,450,test,5,1e-05,5,4,"[""zero_hop"", ""hop_1"", ""hop_2"", ""hop_3"", ""hop_4""]","[183, 5]","[183, 5]",,"[183, 5, 32]","[false, false, false, false, false]","[0.5015186667442322, 0.4963740408420563, 0.5176099538803101, 0.49232134222984314, 0.5256179571151733]",,,,0,,,0.6135300397872925,0.26563891768455505,0.7004987001419067,0.6533473134040833,0.6243910789489746,0.08667241036891937,0.0461517870426178,0.059995297342538834,0.08277058601379395,0.07927927374839783,0.5015186667442322,0.4963740408420563,0.5176099538803101,0.49232134222984314,0.5256179571151733,,,,,0.9530001878738403,0.0527617372572422,0.36756211519241333,0.9835523366928101,0.995747447013855,0.008986757136881351,0.21607476472854614,0.9905139207839966,0.9962125420570374,0.007946621626615524,0.38649171590805054,0.9820371270179749,0.9950143694877625,0.008167416788637638,0.12842530012130737,0.9870436191558838
