epoch,train_loss,val_loss,test_loss,train_metric,val_metric,test_metric,lr,best_val_metric,best_test_metric,best_epoch,metric_name,metric_direction,run_mode,seed
0,1.9578465223312378,1.932047963142395,1.9342842102050781,0.2357142857142857,0.23,0.208,0.005,0.23,0.208,0,Accuracy,higher,final,0
1,1.9392660856246948,1.9307987689971924,1.9320117235183716,0.14285714285714285,0.162,0.149,0.005,0.23,0.208,0,Accuracy,higher,final,0
2,1.9325079917907715,1.928327202796936,1.9284108877182007,0.14285714285714285,0.162,0.149,0.005,0.23,0.208,0,Accuracy,higher,final,0
3,1.9228036403656006,1.9231065511703491,1.922244668006897,0.15714285714285714,0.162,0.157,0.005,0.23,0.208,0,Accuracy,higher,final,0
4,1.9029030799865723,1.9191579818725586,1.9172379970550537,0.30714285714285716,0.204,0.199,0.005,0.23,0.208,0,Accuracy,higher,final,0
5,1.9084596633911133,1.9158532619476318,1.91286039352417,0.5714285714285714,0.366,0.374,0.005,0.366,0.374,5,Accuracy,higher,final,0
6,1.9050706624984741,1.912473201751709,1.908657431602478,0.6,0.346,0.363,0.005,0.366,0.374,5,Accuracy,higher,final,0
7,1.8826688528060913,1.9097285270690918,1.9051486253738403,0.5357142857142857,0.272,0.288,0.005,0.366,0.374,5,Accuracy,higher,final,0
8,1.8775408267974854,1.9046108722686768,1.899492621421814,0.5857142857142857,0.246,0.288,0.005,0.366,0.374,5,Accuracy,higher,final,0
9,1.8582029342651367,1.8987412452697754,1.893152117729187,0.6357142857142857,0.306,0.34,0.005,0.366,0.374,5,Accuracy,higher,final,0
10,1.8549848794937134,1.894168496131897,1.888067603111267,0.6857142857142857,0.34,0.373,0.005,0.366,0.374,5,Accuracy,higher,final,0
11,1.8497130870819092,1.8889204263687134,1.8822572231292725,0.7071428571428572,0.35,0.382,0.005,0.366,0.374,5,Accuracy,higher,final,0
12,1.8481148481369019,1.8834973573684692,1.8763444423675537,0.7357142857142858,0.38,0.418,0.005,0.38,0.418,12,Accuracy,higher,final,0
13,1.8373003005981445,1.8768632411956787,1.8693851232528687,0.8285714285714286,0.446,0.479,0.005,0.446,0.479,13,Accuracy,higher,final,0
14,1.8069002628326416,1.871275544166565,1.8637019395828247,0.85,0.51,0.53,0.005,0.51,0.53,14,Accuracy,higher,final,0
15,1.8098394870758057,1.864831566810608,1.857424259185791,0.8928571428571429,0.568,0.591,0.005,0.568,0.591,15,Accuracy,higher,final,0
16,1.7804877758026123,1.8567019701004028,1.849547266960144,0.9142857142857143,0.626,0.642,0.005,0.626,0.642,16,Accuracy,higher,final,0
17,1.7850866317749023,1.8468470573425293,1.8400579690933228,0.9142857142857143,0.694,0.7,0.005,0.694,0.7,17,Accuracy,higher,final,0
18,1.763468623161316,1.8362897634506226,1.8299897909164429,0.9142857142857143,0.666,0.696,0.005,0.694,0.7,17,Accuracy,higher,final,0
19,1.7572143077850342,1.8281095027923584,1.822393774986267,0.8857142857142857,0.618,0.646,0.005,0.694,0.7,17,Accuracy,higher,final,0
20,1.776009440422058,1.8201003074645996,1.814673900604248,0.8785714285714286,0.61,0.625,0.005,0.694,0.7,17,Accuracy,higher,final,0
21,1.740907907485962,1.812286615371704,1.8070040941238403,0.8857142857142857,0.63,0.623,0.005,0.694,0.7,17,Accuracy,higher,final,0
22,1.7321768999099731,1.8045539855957031,1.7993059158325195,0.9,0.63,0.633,0.005,0.694,0.7,17,Accuracy,higher,final,0
23,1.687290906906128,1.7953596115112305,1.7899709939956665,0.9,0.638,0.649,0.005,0.694,0.7,17,Accuracy,higher,final,0
24,1.7056063413619995,1.7859127521514893,1.7801965475082397,0.9,0.66,0.667,0.005,0.694,0.7,17,Accuracy,higher,final,0
25,1.6543117761611938,1.7765822410583496,1.7702546119689941,0.9,0.686,0.699,0.005,0.694,0.7,17,Accuracy,higher,final,0
26,1.6695247888565063,1.7666218280792236,1.7597609758377075,0.9071428571428571,0.712,0.713,0.005,0.712,0.713,26,Accuracy,higher,final,0
27,1.6462396383285522,1.7581878900527954,1.750606656074524,0.9214285714285714,0.724,0.723,0.005,0.724,0.723,27,Accuracy,higher,final,0
28,1.579742193222046,1.7492458820343018,1.7408994436264038,0.9285714285714286,0.748,0.742,0.005,0.748,0.742,28,Accuracy,higher,final,0
29,1.6277230978012085,1.7410166263580322,1.7315980195999146,0.9357142857142857,0.756,0.746,0.005,0.756,0.746,29,Accuracy,higher,final,0
30,1.588679313659668,1.7330375909805298,1.7225390672683716,0.95,0.764,0.754,0.005,0.764,0.754,30,Accuracy,higher,final,0
31,1.5915982723236084,1.7244043350219727,1.71278715133667,0.9714285714285714,0.756,0.752,0.005,0.764,0.754,30,Accuracy,higher,final,0
32,1.5746288299560547,1.7149897813796997,1.702314019203186,0.9714285714285714,0.758,0.749,0.005,0.764,0.754,30,Accuracy,higher,final,0
33,1.5391632318496704,1.703971266746521,1.690337061882019,0.9714285714285714,0.76,0.755,0.005,0.764,0.754,30,Accuracy,higher,final,0
34,1.571259617805481,1.6922253370285034,1.6778756380081177,0.9642857142857143,0.766,0.766,0.005,0.766,0.766,34,Accuracy,higher,final,0
35,1.4828288555145264,1.6793897151947021,1.664552092552185,0.9571428571428572,0.77,0.78,0.005,0.77,0.78,35,Accuracy,higher,final,0
36,1.499906063079834,1.6643093824386597,1.6490527391433716,0.9571428571428572,0.792,0.794,0.005,0.792,0.794,36,Accuracy,higher,final,0
37,1.4947980642318726,1.646206021308899,1.6310522556304932,0.9571428571428572,0.804,0.807,0.005,0.804,0.807,37,Accuracy,higher,final,0
38,1.4468601942062378,1.6294760704040527,1.614501714706421,0.9571428571428572,0.814,0.813,0.005,0.814,0.813,38,Accuracy,higher,final,0
39,1.5179877281188965,1.614046573638916,1.5994499921798706,0.9714285714285714,0.812,0.808,0.005,0.814,0.813,38,Accuracy,higher,final,0
40,1.4290951490402222,1.5997719764709473,1.5853291749954224,0.9714285714285714,0.81,0.818,0.005,0.814,0.813,38,Accuracy,higher,final,0
41,1.3408023118972778,1.5861351490020752,1.5717601776123047,0.9714285714285714,0.806,0.817,0.005,0.814,0.813,38,Accuracy,higher,final,0
42,1.3997671604156494,1.5725494623184204,1.558098316192627,0.9714285714285714,0.808,0.821,0.005,0.814,0.813,38,Accuracy,higher,final,0
43,1.3800543546676636,1.5594919919967651,1.5448522567749023,0.9714285714285714,0.796,0.813,0.005,0.814,0.813,38,Accuracy,higher,final,0
44,1.4278548955917358,1.548497200012207,1.533502221107483,0.9714285714285714,0.79,0.804,0.005,0.814,0.813,38,Accuracy,higher,final,0
45,1.2839679718017578,1.5380414724349976,1.5225454568862915,0.9571428571428572,0.784,0.795,0.005,0.814,0.813,38,Accuracy,higher,final,0
46,1.2902060747146606,1.5262616872787476,1.5101443529129028,0.9571428571428572,0.776,0.786,0.005,0.814,0.813,38,Accuracy,higher,final,0
47,1.324194312095642,1.5160765647888184,1.499055027961731,0.9571428571428572,0.776,0.774,0.005,0.814,0.813,38,Accuracy,higher,final,0
48,1.3290832042694092,1.5050395727157593,1.4871090650558472,0.9571428571428572,0.772,0.772,0.005,0.814,0.813,38,Accuracy,higher,final,0
49,1.3464475870132446,1.493845820426941,1.4748964309692383,0.9642857142857143,0.77,0.773,0.005,0.814,0.813,38,Accuracy,higher,final,0
50,1.222524642944336,1.481440782546997,1.4615932703018188,0.9642857142857143,0.774,0.771,0.005,0.814,0.813,38,Accuracy,higher,final,0
51,1.2219542264938354,1.4680131673812866,1.4473549127578735,0.9714285714285714,0.77,0.775,0.005,0.814,0.813,38,Accuracy,higher,final,0
52,1.221764087677002,1.4539909362792969,1.432763934135437,0.9714285714285714,0.774,0.777,0.005,0.814,0.813,38,Accuracy,higher,final,0
53,1.1788959503173828,1.439968466758728,1.4183825254440308,0.9714285714285714,0.782,0.788,0.005,0.814,0.813,38,Accuracy,higher,final,0
54,1.224120855331421,1.4271929264068604,1.4055925607681274,0.9714285714285714,0.792,0.8,0.005,0.814,0.813,38,Accuracy,higher,final,0
55,1.1703729629516602,1.4166008234024048,1.394782543182373,0.9785714285714285,0.79,0.806,0.005,0.814,0.813,38,Accuracy,higher,final,0
56,1.178435206413269,1.405639410018921,1.3837155103683472,0.9785714285714285,0.802,0.811,0.005,0.814,0.813,38,Accuracy,higher,final,0
57,1.1528173685073853,1.3936575651168823,1.371817708015442,0.9785714285714285,0.81,0.814,0.005,0.814,0.813,38,Accuracy,higher,final,0
58,1.1236668825149536,1.3815802335739136,1.3596601486206055,0.9714285714285714,0.8,0.815,0.005,0.814,0.813,38,Accuracy,higher,final,0
59,1.1320749521255493,1.3693807125091553,1.347410798072815,0.9642857142857143,0.794,0.811,0.005,0.814,0.813,38,Accuracy,higher,final,0
60,1.1097325086593628,1.3554428815841675,1.3334715366363525,0.9642857142857143,0.798,0.814,0.005,0.814,0.813,38,Accuracy,higher,final,0
61,1.110109806060791,1.3428276777267456,1.3207476139068604,0.9714285714285714,0.796,0.813,0.005,0.814,0.813,38,Accuracy,higher,final,0
62,1.1149705648422241,1.3297183513641357,1.3075066804885864,0.9714285714285714,0.8,0.814,0.005,0.814,0.813,38,Accuracy,higher,final,0
63,1.1553479433059692,1.316188931465149,1.2939257621765137,0.9714285714285714,0.804,0.812,0.005,0.814,0.813,38,Accuracy,higher,final,0
64,1.0785521268844604,1.2998343706130981,1.2777118682861328,0.9714285714285714,0.802,0.816,0.005,0.814,0.813,38,Accuracy,higher,final,0
65,1.1239702701568604,1.2843031883239746,1.262144923210144,0.9785714285714285,0.806,0.822,0.005,0.814,0.813,38,Accuracy,higher,final,0
66,1.0381245613098145,1.269767165184021,1.2472895383834839,0.9785714285714285,0.81,0.824,0.005,0.814,0.813,38,Accuracy,higher,final,0
67,1.0199482440948486,1.256961464881897,1.234148383140564,0.9714285714285714,0.808,0.829,0.005,0.814,0.813,38,Accuracy,higher,final,0
68,1.0546225309371948,1.2444878816604614,1.2215156555175781,0.9714285714285714,0.806,0.828,0.005,0.814,0.813,38,Accuracy,higher,final,0
69,0.9259567260742188,1.2339072227478027,1.2107417583465576,0.9714285714285714,0.808,0.832,0.005,0.814,0.813,38,Accuracy,higher,final,0
70,1.040492057800293,1.2227016687393188,1.199590802192688,0.9714285714285714,0.806,0.83,0.005,0.814,0.813,38,Accuracy,higher,final,0
71,0.9403625726699829,1.2129724025726318,1.189975380897522,0.9785714285714285,0.812,0.83,0.005,0.814,0.813,38,Accuracy,higher,final,0
72,1.0329341888427734,1.204629898071289,1.1815749406814575,0.9857142857142858,0.814,0.831,0.005,0.814,0.813,38,Accuracy,higher,final,0
73,1.0107221603393555,1.198721170425415,1.1756858825683594,0.9857142857142858,0.806,0.829,0.005,0.814,0.813,38,Accuracy,higher,final,0
74,1.0328493118286133,1.1953459978103638,1.1721357107162476,0.9857142857142858,0.804,0.826,0.005,0.814,0.813,38,Accuracy,higher,final,0
75,1.0096285343170166,1.192293643951416,1.1687111854553223,0.9857142857142858,0.8,0.825,0.005,0.814,0.813,38,Accuracy,higher,final,0
76,0.9178027510643005,1.189728021621704,1.1658146381378174,0.9857142857142858,0.8,0.823,0.005,0.814,0.813,38,Accuracy,higher,final,0
77,0.922684907913208,1.1880944967269897,1.1638753414154053,0.9857142857142858,0.798,0.82,0.005,0.814,0.813,38,Accuracy,higher,final,0
78,0.9740906953811646,1.186915636062622,1.1619147062301636,0.9785714285714285,0.794,0.816,0.005,0.814,0.813,38,Accuracy,higher,final,0
79,1.0727351903915405,1.1803797483444214,1.1546812057495117,0.9857142857142858,0.79,0.816,0.005,0.814,0.813,38,Accuracy,higher,final,0
80,0.9706385731697083,1.172799825668335,1.1466588973999023,0.9857142857142858,0.788,0.815,0.005,0.814,0.813,38,Accuracy,higher,final,0
81,0.9701289534568787,1.162928819656372,1.1366324424743652,0.9857142857142858,0.788,0.816,0.005,0.814,0.813,38,Accuracy,higher,final,0
82,0.9053941965103149,1.1533037424087524,1.126794695854187,0.9785714285714285,0.79,0.814,0.005,0.814,0.813,38,Accuracy,higher,final,0
83,0.8508082032203674,1.1430071592330933,1.1161706447601318,0.9857142857142858,0.79,0.816,0.005,0.814,0.813,38,Accuracy,higher,final,0
84,1.0121558904647827,1.1315999031066895,1.1045594215393066,0.9857142857142858,0.796,0.82,0.005,0.814,0.813,38,Accuracy,higher,final,0
85,0.967344343662262,1.1215229034423828,1.0941998958587646,0.9857142857142858,0.798,0.82,0.005,0.814,0.813,38,Accuracy,higher,final,0
86,0.9019331932067871,1.1122602224349976,1.084618091583252,0.9857142857142858,0.798,0.819,0.005,0.814,0.813,38,Accuracy,higher,final,0
87,0.8662911653518677,1.1062363386154175,1.0779194831848145,0.9857142857142858,0.798,0.821,0.005,0.814,0.813,38,Accuracy,higher,final,0
88,0.9689298272132874,1.0981789827346802,1.070068597793579,0.9857142857142858,0.796,0.823,0.005,0.814,0.813,38,Accuracy,higher,final,0
89,0.8600687980651855,1.0897135734558105,1.061959147453308,0.9857142857142858,0.792,0.825,0.005,0.814,0.813,38,Accuracy,higher,final,0
90,0.9374123811721802,1.0818688869476318,1.0546494722366333,0.9857142857142858,0.794,0.821,0.005,0.814,0.813,38,Accuracy,higher,final,0
91,0.8113009929656982,1.075084924697876,1.0486716032028198,0.9857142857142858,0.798,0.823,0.005,0.814,0.813,38,Accuracy,higher,final,0
92,0.9493410587310791,1.0699235200881958,1.0439090728759766,0.9857142857142858,0.802,0.823,0.005,0.814,0.813,38,Accuracy,higher,final,0
93,0.8961257338523865,1.0677509307861328,1.0417051315307617,0.9857142857142858,0.8,0.822,0.005,0.814,0.813,38,Accuracy,higher,final,0
94,0.8947726488113403,1.068488597869873,1.0420361757278442,0.9857142857142858,0.798,0.82,0.005,0.814,0.813,38,Accuracy,higher,final,0
95,0.889555811882019,1.0693862438201904,1.0425890684127808,0.9857142857142858,0.798,0.818,0.005,0.814,0.813,38,Accuracy,higher,final,0
96,0.8438547253608704,1.070138931274414,1.0432207584381104,0.9857142857142858,0.8,0.816,0.005,0.814,0.813,38,Accuracy,higher,final,0
97,0.9097177982330322,1.0681869983673096,1.0412665605545044,0.9857142857142858,0.798,0.818,0.005,0.814,0.813,38,Accuracy,higher,final,0
98,0.8937997817993164,1.0623971223831177,1.0358654260635376,0.9857142857142858,0.798,0.818,0.005,0.814,0.813,38,Accuracy,higher,final,0
99,0.7791478037834167,1.0535799264907837,1.0276947021484375,0.9928571428571429,0.798,0.815,0.005,0.814,0.813,38,Accuracy,higher,final,0
100,0.8855563402175903,1.0432566404342651,1.0177814960479736,0.9857142857142858,0.802,0.821,0.005,0.814,0.813,38,Accuracy,higher,final,0
101,0.8596183657646179,1.0325969457626343,1.0072146654129028,0.9857142857142858,0.806,0.823,0.005,0.814,0.813,38,Accuracy,higher,final,0
102,0.8106445074081421,1.0223731994628906,0.9968992471694946,0.9857142857142858,0.804,0.824,0.005,0.814,0.813,38,Accuracy,higher,final,0
103,0.8471968173980713,1.0143980979919434,0.9887374043464661,0.9857142857142858,0.8,0.827,0.005,0.814,0.813,38,Accuracy,higher,final,0
104,0.8271220922470093,1.0059603452682495,0.9802027344703674,0.9857142857142858,0.808,0.825,0.005,0.814,0.813,38,Accuracy,higher,final,0
105,0.9572209119796753,0.9976887106895447,0.9718524813652039,0.9857142857142858,0.814,0.824,0.005,0.814,0.813,38,Accuracy,higher,final,0
106,0.8640928864479065,0.9930496215820312,0.9672196507453918,0.9857142857142858,0.814,0.827,0.005,0.814,0.813,38,Accuracy,higher,final,0
107,0.8500316143035889,0.9891346096992493,0.9634195566177368,0.9857142857142858,0.814,0.828,0.005,0.814,0.813,38,Accuracy,higher,final,0
108,0.7381753325462341,0.9876840710639954,0.9618523120880127,0.9857142857142858,0.81,0.829,0.005,0.814,0.813,38,Accuracy,higher,final,0
109,0.8671554327011108,0.9870105385780334,0.9611497521400452,0.9857142857142858,0.81,0.829,0.005,0.814,0.813,38,Accuracy,higher,final,0
110,0.8055174946784973,0.9874783158302307,0.9613092541694641,0.9857142857142858,0.81,0.823,0.005,0.814,0.813,38,Accuracy,higher,final,0
111,0.779790461063385,0.9889075756072998,0.9622823596000671,0.9857142857142858,0.804,0.822,0.005,0.814,0.813,38,Accuracy,higher,final,0
112,0.7684233784675598,0.9895670413970947,0.9624403119087219,0.9857142857142858,0.806,0.818,0.005,0.814,0.813,38,Accuracy,higher,final,0
113,0.8631715178489685,0.9903281927108765,0.962692379951477,0.9928571428571429,0.802,0.816,0.005,0.814,0.813,38,Accuracy,higher,final,0
114,0.8652530312538147,0.989643931388855,0.9615076780319214,0.9928571428571429,0.796,0.817,0.005,0.814,0.813,38,Accuracy,higher,final,0
115,0.822972297668457,0.990474283695221,0.9617286324501038,0.9928571428571429,0.794,0.818,0.005,0.814,0.813,38,Accuracy,higher,final,0
116,0.7899073958396912,0.9900251030921936,0.9608100652694702,0.9928571428571429,0.792,0.817,0.005,0.814,0.813,38,Accuracy,higher,final,0
117,0.7274694442749023,0.985509991645813,0.9563442468643188,0.9928571428571429,0.792,0.817,0.005,0.814,0.813,38,Accuracy,higher,final,0
118,0.7560192942619324,0.9814258217811584,0.9522332549095154,0.9928571428571429,0.79,0.816,0.005,0.814,0.813,38,Accuracy,higher,final,0
119,0.7777692675590515,0.9741310477256775,0.945254921913147,0.9928571428571429,0.792,0.816,0.005,0.814,0.813,38,Accuracy,higher,final,0
120,0.8702973127365112,0.9654188752174377,0.9369721412658691,0.9928571428571429,0.79,0.82,0.005,0.814,0.813,38,Accuracy,higher,final,0
121,0.8233388662338257,0.958736777305603,0.9306030869483948,0.9928571428571429,0.796,0.821,0.005,0.814,0.813,38,Accuracy,higher,final,0
122,0.7965134978294373,0.9527245163917542,0.9251912832260132,0.9928571428571429,0.804,0.821,0.005,0.814,0.813,38,Accuracy,higher,final,0
123,0.7282271981239319,0.9462583065032959,0.9192756414413452,0.9928571428571429,0.81,0.824,0.005,0.814,0.813,38,Accuracy,higher,final,0
124,0.7079578638076782,0.9407926201820374,0.9142878651618958,0.9928571428571429,0.806,0.824,0.005,0.814,0.813,38,Accuracy,higher,final,0
125,0.8028573393821716,0.9358301758766174,0.9099533557891846,0.9928571428571429,0.808,0.826,0.005,0.814,0.813,38,Accuracy,higher,final,0
126,0.9299976825714111,0.9294713139533997,0.9045310616493225,0.9928571428571429,0.81,0.828,0.005,0.814,0.813,38,Accuracy,higher,final,0
127,0.6916928887367249,0.9253292679786682,0.9008224010467529,0.9928571428571429,0.804,0.824,0.005,0.814,0.813,38,Accuracy,higher,final,0
128,0.7141714096069336,0.9222924709320068,0.8979583382606506,0.9928571428571429,0.802,0.828,0.005,0.814,0.813,38,Accuracy,higher,final,0
129,0.7694584131240845,0.918960690498352,0.8945368528366089,0.9928571428571429,0.806,0.824,0.005,0.814,0.813,38,Accuracy,higher,final,0
130,0.8364486694335938,0.9165529608726501,0.891871988773346,0.9928571428571429,0.806,0.824,0.005,0.814,0.813,38,Accuracy,higher,final,0
131,0.7772703170776367,0.9127419590950012,0.887800931930542,0.9928571428571429,0.806,0.825,0.005,0.814,0.813,38,Accuracy,higher,final,0
132,0.6698416471481323,0.9110380411148071,0.885538637638092,0.9928571428571429,0.812,0.825,0.005,0.814,0.813,38,Accuracy,higher,final,0
133,0.675661563873291,0.9100005030632019,0.8839186429977417,0.9928571428571429,0.812,0.823,0.005,0.814,0.813,38,Accuracy,higher,final,0
134,0.7065979838371277,0.9093257784843445,0.8825749158859253,0.9857142857142858,0.812,0.822,0.005,0.814,0.813,38,Accuracy,higher,final,0
135,0.8011195659637451,0.911231279373169,0.8838621973991394,0.9857142857142858,0.808,0.825,0.005,0.814,0.813,38,Accuracy,higher,final,0
136,0.7698310613632202,0.9123620986938477,0.8842916488647461,0.9857142857142858,0.804,0.822,0.005,0.814,0.813,38,Accuracy,higher,final,0
137,0.7800486087799072,0.9150767922401428,0.8864493370056152,0.9857142857142858,0.806,0.82,0.005,0.814,0.813,38,Accuracy,higher,final,0
138,0.6914591193199158,0.9172230362892151,0.8879637122154236,0.9857142857142858,0.804,0.816,0.005,0.814,0.813,38,Accuracy,higher,final,0
139,0.6965323090553284,0.918527364730835,0.888764500617981,0.9928571428571429,0.8,0.819,0.005,0.814,0.813,38,Accuracy,higher,final,0
140,0.7806609272956848,0.9176939725875854,0.8876469731330872,0.9928571428571429,0.798,0.818,0.005,0.814,0.813,38,Accuracy,higher,final,0
141,0.7868978381156921,0.9123241901397705,0.8824273347854614,0.9928571428571429,0.798,0.818,0.005,0.814,0.813,38,Accuracy,higher,final,0
142,0.6909659504890442,0.9064383506774902,0.8768253326416016,0.9928571428571429,0.804,0.821,0.005,0.814,0.813,38,Accuracy,higher,final,0
143,0.8066214323043823,0.8996540904045105,0.8705248832702637,0.9928571428571429,0.804,0.824,0.005,0.814,0.813,38,Accuracy,higher,final,0
144,0.7222040295600891,0.8919469118118286,0.863463282585144,0.9928571428571429,0.804,0.827,0.005,0.814,0.813,38,Accuracy,higher,final,0
145,0.711997389793396,0.8848475217819214,0.8568366169929504,0.9928571428571429,0.812,0.828,0.005,0.814,0.813,38,Accuracy,higher,final,0
146,0.7059666514396667,0.8777711391448975,0.8502079844474792,0.9928571428571429,0.814,0.826,0.005,0.814,0.813,38,Accuracy,higher,final,0
147,0.7130886912345886,0.8718641996383667,0.8445801734924316,0.9928571428571429,0.814,0.826,0.005,0.814,0.813,38,Accuracy,higher,final,0
148,0.7699745297431946,0.8672534227371216,0.8402206897735596,0.9928571428571429,0.812,0.827,0.005,0.814,0.813,38,Accuracy,higher,final,0
149,0.7451472878456116,0.8659294843673706,0.8387933373451233,0.9928571428571429,0.814,0.822,0.005,0.814,0.813,38,Accuracy,higher,final,0
150,0.6972258687019348,0.8670361042022705,0.8397253155708313,1.0,0.814,0.824,0.005,0.814,0.813,38,Accuracy,higher,final,0
151,0.7713466286659241,0.866939127445221,0.8396457433700562,1.0,0.808,0.823,0.005,0.814,0.813,38,Accuracy,higher,final,0
152,0.7955269813537598,0.8696706295013428,0.8422644138336182,1.0,0.806,0.823,0.005,0.814,0.813,38,Accuracy,higher,final,0
153,0.6871926784515381,0.8739731311798096,0.846392810344696,1.0,0.798,0.819,0.005,0.814,0.813,38,Accuracy,higher,final,0
154,0.7083926796913147,0.8775742053985596,0.8496907949447632,1.0,0.794,0.818,0.005,0.814,0.813,38,Accuracy,higher,final,0
155,0.6243335604667664,0.8800995349884033,0.8519098162651062,1.0,0.796,0.816,0.005,0.814,0.813,38,Accuracy,higher,final,0
156,0.6946227550506592,0.8793317675590515,0.8509499430656433,0.9928571428571429,0.794,0.817,0.005,0.814,0.813,38,Accuracy,higher,final,0
157,0.6196838617324829,0.8772414922714233,0.8485605716705322,0.9928571428571429,0.792,0.813,0.005,0.814,0.813,38,Accuracy,higher,final,0
158,0.7336791753768921,0.8732985258102417,0.8445734977722168,0.9928571428571429,0.79,0.816,0.005,0.814,0.813,38,Accuracy,higher,final,0
159,0.6312946677207947,0.8664835095405579,0.8377220630645752,0.9928571428571429,0.79,0.816,0.005,0.814,0.813,38,Accuracy,higher,final,0
160,0.6806580424308777,0.8578491806983948,0.8289952278137207,0.9928571428571429,0.8,0.819,0.005,0.814,0.813,38,Accuracy,higher,final,0
161,0.7734823226928711,0.8497049808502197,0.8207149505615234,0.9928571428571429,0.802,0.827,0.005,0.814,0.813,38,Accuracy,higher,final,0
162,0.6946977972984314,0.8445690870285034,0.8153258562088013,0.9928571428571429,0.804,0.827,0.005,0.814,0.813,38,Accuracy,higher,final,0
163,0.6203548312187195,0.840136706829071,0.8107548356056213,0.9928571428571429,0.816,0.825,0.005,0.816,0.825,163,Accuracy,higher,final,0
164,0.7207393646240234,0.8386409878730774,0.8090154528617859,0.9928571428571429,0.82,0.821,0.005,0.82,0.821,164,Accuracy,higher,final,0
165,0.6698524951934814,0.836465060710907,0.8068004250526428,0.9857142857142858,0.816,0.822,0.005,0.82,0.821,164,Accuracy,higher,final,0
166,0.7476094365119934,0.8354941010475159,0.8055956959724426,0.9857142857142858,0.812,0.822,0.005,0.82,0.821,164,Accuracy,higher,final,0
167,0.6479737162590027,0.8342872262001038,0.8042311072349548,0.9857142857142858,0.812,0.818,0.005,0.82,0.821,164,Accuracy,higher,final,0
168,0.7108324766159058,0.8342128992080688,0.8039882183074951,0.9857142857142858,0.81,0.821,0.005,0.82,0.821,164,Accuracy,higher,final,0
169,0.7022918462753296,0.8359001874923706,0.8055672645568848,0.9857142857142858,0.804,0.821,0.005,0.82,0.821,164,Accuracy,higher,final,0
170,0.6667224764823914,0.8358584046363831,0.8056358695030212,0.9928571428571429,0.79,0.815,0.005,0.82,0.821,164,Accuracy,higher,final,0
171,0.6471161246299744,0.8358567953109741,0.8058155179023743,0.9928571428571429,0.792,0.814,0.005,0.82,0.821,164,Accuracy,higher,final,0
172,0.6717633605003357,0.8346292972564697,0.8047975897789001,0.9928571428571429,0.79,0.814,0.005,0.82,0.821,164,Accuracy,higher,final,0
173,0.6530777812004089,0.8328797817230225,0.802983283996582,0.9928571428571429,0.79,0.815,0.005,0.82,0.821,164,Accuracy,higher,final,0
174,0.7087084054946899,0.8310771584510803,0.800920307636261,0.9928571428571429,0.79,0.819,0.005,0.82,0.821,164,Accuracy,higher,final,0
175,0.681965172290802,0.83012855052948,0.7993715405464172,0.9928571428571429,0.796,0.819,0.005,0.82,0.821,164,Accuracy,higher,final,0
176,0.6362689137458801,0.8298624753952026,0.7985535264015198,0.9928571428571429,0.798,0.818,0.005,0.82,0.821,164,Accuracy,higher,final,0
177,0.7152109146118164,0.8321550488471985,0.8000364899635315,0.9928571428571429,0.798,0.815,0.005,0.82,0.821,164,Accuracy,higher,final,0
178,0.6666139364242554,0.8336937427520752,0.8010016083717346,0.9928571428571429,0.798,0.816,0.005,0.82,0.821,164,Accuracy,higher,final,0
179,0.6046862006187439,0.8357385396957397,0.8025718927383423,0.9928571428571429,0.8,0.817,0.005,0.82,0.821,164,Accuracy,higher,final,0
180,0.7396056056022644,0.838020920753479,0.8046672940254211,0.9928571428571429,0.794,0.819,0.005,0.82,0.821,164,Accuracy,higher,final,0
181,0.6592768430709839,0.8407692909240723,0.8073117733001709,0.9928571428571429,0.794,0.816,0.005,0.82,0.821,164,Accuracy,higher,final,0
182,0.6763064861297607,0.842517077922821,0.8090168237686157,0.9928571428571429,0.794,0.815,0.005,0.82,0.821,164,Accuracy,higher,final,0
183,0.7252102494239807,0.839221179485321,0.8060838580131531,1.0,0.798,0.816,0.005,0.82,0.821,164,Accuracy,higher,final,0
184,0.6171585917472839,0.8356736302375793,0.8027411103248596,1.0,0.798,0.816,0.005,0.82,0.821,164,Accuracy,higher,final,0
185,0.5958670377731323,0.82877516746521,0.7962314486503601,1.0,0.798,0.817,0.005,0.82,0.821,164,Accuracy,higher,final,0
186,0.6691375374794006,0.8197770714759827,0.7877129316329956,0.9928571428571429,0.794,0.814,0.005,0.82,0.821,164,Accuracy,higher,final,0
187,0.7058194279670715,0.8089562654495239,0.777686357498169,0.9928571428571429,0.796,0.82,0.005,0.82,0.821,164,Accuracy,higher,final,0
188,0.6536558270454407,0.8004279732704163,0.7696760296821594,0.9928571428571429,0.796,0.822,0.005,0.82,0.821,164,Accuracy,higher,final,0
189,0.6384806036949158,0.7945601940155029,0.7640768885612488,0.9928571428571429,0.8,0.826,0.005,0.82,0.821,164,Accuracy,higher,final,0
190,0.7178068161010742,0.7911161184310913,0.7606242299079895,0.9928571428571429,0.804,0.825,0.005,0.82,0.821,164,Accuracy,higher,final,0
191,0.6687609553337097,0.7896199226379395,0.7589096426963806,0.9928571428571429,0.806,0.823,0.005,0.82,0.821,164,Accuracy,higher,final,0
192,0.605785608291626,0.7900456786155701,0.7588762640953064,0.9928571428571429,0.808,0.825,0.005,0.82,0.821,164,Accuracy,higher,final,0
193,0.7071917653083801,0.7922148704528809,0.7604702711105347,0.9928571428571429,0.804,0.826,0.005,0.82,0.821,164,Accuracy,higher,final,0
194,0.6633738875389099,0.7939320802688599,0.7618004083633423,0.9928571428571429,0.796,0.824,0.005,0.82,0.821,164,Accuracy,higher,final,0
195,0.6355956196784973,0.7969133257865906,0.7643840312957764,0.9928571428571429,0.8,0.823,0.005,0.82,0.821,164,Accuracy,higher,final,0
196,0.5727661848068237,0.8028268218040466,0.7697118520736694,0.9928571428571429,0.798,0.818,0.005,0.82,0.821,164,Accuracy,higher,final,0
197,0.6388933062553406,0.8096899390220642,0.7762140035629272,1.0,0.796,0.813,0.005,0.82,0.821,164,Accuracy,higher,final,0
198,0.7060349583625793,0.8147534132003784,0.7811316847801208,1.0,0.794,0.813,0.005,0.82,0.821,164,Accuracy,higher,final,0
199,0.6561061143875122,0.8171341419219971,0.7834879159927368,1.0,0.8,0.809,0.005,0.82,0.821,164,Accuracy,higher,final,0
200,0.648606538772583,0.8162902593612671,0.7827020287513733,1.0,0.8,0.807,0.005,0.82,0.821,164,Accuracy,higher,final,0
201,0.5724900364875793,0.8158572912216187,0.7821903228759766,1.0,0.798,0.806,0.005,0.82,0.821,164,Accuracy,higher,final,0
202,0.5953724384307861,0.8126401305198669,0.778826892375946,1.0,0.796,0.806,0.005,0.82,0.821,164,Accuracy,higher,final,0
203,0.597393810749054,0.8074854612350464,0.7737483978271484,1.0,0.794,0.81,0.003,0.82,0.821,164,Accuracy,higher,final,0
204,0.6410858035087585,0.803195059299469,0.7694402933120728,1.0,0.792,0.813,0.003,0.82,0.821,164,Accuracy,higher,final,0
205,0.5729371309280396,0.7977707386016846,0.7640830278396606,1.0,0.788,0.815,0.003,0.82,0.821,164,Accuracy,higher,final,0
206,0.6709826588630676,0.7929720282554626,0.759341299533844,1.0,0.788,0.816,0.003,0.82,0.821,164,Accuracy,higher,final,0
207,0.6926009654998779,0.7883350253105164,0.7547847628593445,1.0,0.792,0.819,0.003,0.82,0.821,164,Accuracy,higher,final,0
208,0.6242140531539917,0.7846277952194214,0.7510717511177063,0.9928571428571429,0.8,0.82,0.003,0.82,0.821,164,Accuracy,higher,final,0
209,0.6669607162475586,0.7827706336975098,0.7490336894989014,0.9928571428571429,0.8,0.821,0.003,0.82,0.821,164,Accuracy,higher,final,0
210,0.5701922178268433,0.7802050709724426,0.7465039491653442,0.9928571428571429,0.798,0.822,0.003,0.82,0.821,164,Accuracy,higher,final,0
211,0.5593637824058533,0.7787249088287354,0.744992196559906,0.9928571428571429,0.804,0.826,0.003,0.82,0.821,164,Accuracy,higher,final,0
212,0.6174666285514832,0.7778550982475281,0.7440385818481445,0.9928571428571429,0.804,0.824,0.003,0.82,0.821,164,Accuracy,higher,final,0
213,0.7009071707725525,0.7773947715759277,0.7434285879135132,0.9928571428571429,0.804,0.823,0.003,0.82,0.821,164,Accuracy,higher,final,0
214,0.6506974697113037,0.7768093347549438,0.7427545785903931,0.9928571428571429,0.806,0.822,0.003,0.82,0.821,164,Accuracy,higher,final,0
215,0.5792719125747681,0.7760341763496399,0.7420139312744141,0.9928571428571429,0.81,0.82,0.003,0.82,0.821,164,Accuracy,higher,final,0
216,0.6974110007286072,0.7765545845031738,0.7424283623695374,0.9928571428571429,0.808,0.82,0.003,0.82,0.821,164,Accuracy,higher,final,0
217,0.6439248323440552,0.7772805094718933,0.742979884147644,0.9928571428571429,0.81,0.819,0.003,0.82,0.821,164,Accuracy,higher,final,0
218,0.6023375391960144,0.7787899971008301,0.7441842555999756,0.9928571428571429,0.806,0.819,0.003,0.82,0.821,164,Accuracy,higher,final,0
219,0.6430546641349792,0.7805339694023132,0.7456501722335815,0.9928571428571429,0.802,0.819,0.003,0.82,0.821,164,Accuracy,higher,final,0
220,0.6256982088088989,0.783165454864502,0.7480087876319885,0.9928571428571429,0.8,0.82,0.003,0.82,0.821,164,Accuracy,higher,final,0
221,0.5040780305862427,0.7867996096611023,0.751322865486145,0.9928571428571429,0.798,0.818,0.003,0.82,0.821,164,Accuracy,higher,final,0
222,0.6393877267837524,0.7891992330551147,0.7535905838012695,1.0,0.794,0.816,0.003,0.82,0.821,164,Accuracy,higher,final,0
223,0.5904810428619385,0.790181577205658,0.7545806169509888,1.0,0.792,0.814,0.003,0.82,0.821,164,Accuracy,higher,final,0
224,0.6640409231185913,0.7898526787757874,0.7543619871139526,1.0,0.794,0.813,0.003,0.82,0.821,164,Accuracy,higher,final,0
225,0.5681053996086121,0.7886537909507751,0.7533186078071594,1.0,0.794,0.812,0.003,0.82,0.821,164,Accuracy,higher,final,0
226,0.565791130065918,0.7878100872039795,0.7525650858879089,1.0,0.796,0.813,0.003,0.82,0.821,164,Accuracy,higher,final,0
227,0.6164419054985046,0.7871919870376587,0.7519915103912354,1.0,0.794,0.814,0.0018,0.82,0.821,164,Accuracy,higher,final,0
228,0.6362634897232056,0.786647379398346,0.7514758110046387,1.0,0.794,0.815,0.0018,0.82,0.821,164,Accuracy,higher,final,0
229,0.5825717449188232,0.7862363457679749,0.7510725259780884,0.9928571428571429,0.794,0.816,0.0018,0.82,0.821,164,Accuracy,higher,final,0
230,0.6056690812110901,0.7860519886016846,0.7508313059806824,0.9928571428571429,0.794,0.816,0.0018,0.82,0.821,164,Accuracy,higher,final,0
231,0.5176616311073303,0.7855106592178345,0.7502419352531433,0.9928571428571429,0.794,0.817,0.0018,0.82,0.821,164,Accuracy,higher,final,0
232,0.7223371267318726,0.7844966053962708,0.749261736869812,0.9928571428571429,0.792,0.817,0.0018,0.82,0.821,164,Accuracy,higher,final,0
233,0.6280471682548523,0.7844197750091553,0.7491190433502197,0.9928571428571429,0.79,0.816,0.0018,0.82,0.821,164,Accuracy,higher,final,0
234,0.6498554944992065,0.7838618159294128,0.7485418915748596,0.9928571428571429,0.79,0.816,0.0018,0.82,0.821,164,Accuracy,higher,final,0
235,0.6334243416786194,0.7830275893211365,0.7477431893348694,0.9928571428571429,0.792,0.817,0.0018,0.82,0.821,164,Accuracy,higher,final,0
236,0.6864792108535767,0.7819324135780334,0.7467207312583923,0.9928571428571429,0.796,0.818,0.0018,0.82,0.821,164,Accuracy,higher,final,0
237,0.5377905964851379,0.7812486290931702,0.7460638284683228,0.9928571428571429,0.796,0.817,0.0018,0.82,0.821,164,Accuracy,higher,final,0
238,0.5902975797653198,0.7802714109420776,0.7452086210250854,0.9928571428571429,0.794,0.817,0.00108,0.82,0.821,164,Accuracy,higher,final,0
239,0.7318173050880432,0.7789818048477173,0.7440786957740784,0.9928571428571429,0.794,0.817,0.00108,0.82,0.821,164,Accuracy,higher,final,0
240,0.5969429016113281,0.7779427766799927,0.7431540489196777,0.9928571428571429,0.794,0.816,0.00108,0.82,0.821,164,Accuracy,higher,final,0
241,0.5861793756484985,0.7769280076026917,0.7422652840614319,0.9928571428571429,0.792,0.816,0.00108,0.82,0.821,164,Accuracy,higher,final,0
242,0.6929743885993958,0.7754091024398804,0.740893542766571,0.9928571428571429,0.792,0.818,0.00108,0.82,0.821,164,Accuracy,higher,final,0
243,0.6123456954956055,0.774386465549469,0.7399405241012573,0.9928571428571429,0.79,0.819,0.00108,0.82,0.821,164,Accuracy,higher,final,0
244,0.6380565762519836,0.7734063863754272,0.7390279173851013,0.9928571428571429,0.792,0.819,0.00108,0.82,0.821,164,Accuracy,higher,final,0
245,0.5309038162231445,0.7728663086891174,0.738530158996582,0.9928571428571429,0.794,0.819,0.00108,0.82,0.821,164,Accuracy,higher,final,0
246,0.5707968473434448,0.7721530795097351,0.7379190921783447,0.9928571428571429,0.794,0.819,0.00108,0.82,0.821,164,Accuracy,higher,final,0
247,0.6084375381469727,0.7716364860534668,0.7375019192695618,1.0,0.794,0.818,0.00108,0.82,0.821,164,Accuracy,higher,final,0
248,0.5858573913574219,0.7715851664543152,0.7375378012657166,1.0,0.794,0.819,0.00108,0.82,0.821,164,Accuracy,higher,final,0
249,0.5374917387962341,0.7713727951049805,0.7373758554458618,1.0,0.796,0.82,0.00108,0.82,0.821,164,Accuracy,higher,final,0
250,0.650193452835083,0.7716121673583984,0.7376160621643066,1.0,0.796,0.818,0.00108,0.82,0.821,164,Accuracy,higher,final,0
251,0.6598820090293884,0.7720015048980713,0.7379627823829651,1.0,0.794,0.817,0.00108,0.82,0.821,164,Accuracy,higher,final,0
252,0.6459010243415833,0.7730432152748108,0.7388719320297241,1.0,0.792,0.815,0.00108,0.82,0.821,164,Accuracy,higher,final,0
253,0.6725219488143921,0.7742947936058044,0.7399353981018066,1.0,0.794,0.814,0.00108,0.82,0.821,164,Accuracy,higher,final,0
254,0.5930395722389221,0.7750951647758484,0.7405726909637451,1.0,0.794,0.812,0.00108,0.82,0.821,164,Accuracy,higher,final,0
255,0.6367199420928955,0.7757131457328796,0.7410419583320618,1.0,0.794,0.812,0.00108,0.82,0.821,164,Accuracy,higher,final,0
256,0.5337896943092346,0.7760280966758728,0.7412529587745667,1.0,0.79,0.813,0.00108,0.82,0.821,164,Accuracy,higher,final,0
257,0.6635109782218933,0.7761175036430359,0.7412804961204529,1.0,0.788,0.813,0.00108,0.82,0.821,164,Accuracy,higher,final,0
258,0.6486514210700989,0.7762190103530884,0.7413452863693237,1.0,0.788,0.813,0.00108,0.82,0.821,164,Accuracy,higher,final,0
259,0.5484523773193359,0.775944709777832,0.7410704493522644,1.0,0.792,0.813,0.00108,0.82,0.821,164,Accuracy,higher,final,0
260,0.5235443115234375,0.77547687292099,0.740642786026001,1.0,0.794,0.813,0.00108,0.82,0.821,164,Accuracy,higher,final,0
261,0.6052502393722534,0.7753966450691223,0.7405715584754944,1.0,0.794,0.814,0.000648,0.82,0.821,164,Accuracy,higher,final,0
262,0.501204252243042,0.7749351859092712,0.7401455640792847,1.0,0.794,0.815,0.000648,0.82,0.821,164,Accuracy,higher,final,0
263,0.6409165263175964,0.7746011018753052,0.7398286461830139,1.0,0.794,0.816,0.000648,0.82,0.821,164,Accuracy,higher,final,0
264,0.566942036151886,0.7742738127708435,0.7395181655883789,1.0,0.794,0.817,0.000648,0.82,0.821,164,Accuracy,higher,final,0
265,0.5946848392486572,0.774146318435669,0.7393923401832581,1.0,0.792,0.817,0.000648,0.82,0.821,164,Accuracy,higher,final,0
266,0.5651169419288635,0.7739251255989075,0.7391853928565979,1.0,0.792,0.817,0.000648,0.82,0.821,164,Accuracy,higher,final,0
267,0.5641548037528992,0.7736306190490723,0.7389043569564819,1.0,0.792,0.817,0.000648,0.82,0.821,164,Accuracy,higher,final,0
268,0.6543257236480713,0.7734066247940063,0.7386687994003296,1.0,0.792,0.815,0.000648,0.82,0.821,164,Accuracy,higher,final,0
269,0.49702316522598267,0.773159921169281,0.7384178042411804,1.0,0.794,0.815,0.000648,0.82,0.821,164,Accuracy,higher,final,0
270,0.4811982214450836,0.7728070020675659,0.738061785697937,1.0,0.794,0.815,0.000648,0.82,0.821,164,Accuracy,higher,final,0
271,0.7334321141242981,0.7723342180252075,0.7376070618629456,1.0,0.794,0.816,0.000648,0.82,0.821,164,Accuracy,higher,final,0
272,0.626330554485321,0.771994411945343,0.7372912764549255,1.0,0.796,0.816,0.0003888,0.82,0.821,164,Accuracy,higher,final,0
273,0.5339429378509521,0.7717661261558533,0.7370809316635132,1.0,0.796,0.816,0.0003888,0.82,0.821,164,Accuracy,higher,final,0
274,0.652664065361023,0.7715776562690735,0.7368916273117065,1.0,0.794,0.817,0.0003888,0.82,0.821,164,Accuracy,higher,final,0
275,0.635858416557312,0.7715006470680237,0.7368026375770569,1.0,0.794,0.818,0.0003888,0.82,0.821,164,Accuracy,higher,final,0
276,0.5729709267616272,0.7714667916297913,0.736753523349762,1.0,0.792,0.818,0.0003888,0.82,0.821,164,Accuracy,higher,final,0
277,0.6428854465484619,0.771681010723114,0.736929714679718,1.0,0.792,0.817,0.0003888,0.82,0.821,164,Accuracy,higher,final,0
278,0.6145094633102417,0.7717123031616211,0.7369436025619507,1.0,0.792,0.818,0.0003888,0.82,0.821,164,Accuracy,higher,final,0
279,0.6731768846511841,0.7716246247291565,0.736859142780304,1.0,0.792,0.818,0.0003888,0.82,0.821,164,Accuracy,higher,final,0
280,0.6444794535636902,0.7714466452598572,0.7366899251937866,1.0,0.794,0.818,0.0003888,0.82,0.821,164,Accuracy,higher,final,0
281,0.5808735489845276,0.771485447883606,0.7367220520973206,1.0,0.796,0.818,0.0003888,0.82,0.821,164,Accuracy,higher,final,0
282,0.6563348174095154,0.7713267207145691,0.7365788817405701,1.0,0.796,0.818,0.0003888,0.82,0.821,164,Accuracy,higher,final,0
283,0.571591854095459,0.7713289856910706,0.7365788817405701,1.0,0.796,0.818,0.00023328,0.82,0.821,164,Accuracy,higher,final,0
284,0.5564152598381042,0.7713170647621155,0.7365677356719971,1.0,0.796,0.818,0.00023328,0.82,0.821,164,Accuracy,higher,final,0
285,0.6236734390258789,0.7712864279747009,0.7365412712097168,1.0,0.796,0.818,0.00023328,0.82,0.821,164,Accuracy,higher,final,0
286,0.5019960403442383,0.7711834907531738,0.7364522814750671,1.0,0.794,0.818,0.00023328,0.82,0.821,164,Accuracy,higher,final,0
287,0.6589515209197998,0.7710475921630859,0.7363321185112,1.0,0.792,0.818,0.00023328,0.82,0.821,164,Accuracy,higher,final,0
288,0.5841256976127625,0.7709108591079712,0.736204981803894,1.0,0.792,0.818,0.00023328,0.82,0.821,164,Accuracy,higher,final,0
289,0.659247100353241,0.7707065343856812,0.7360252141952515,1.0,0.792,0.818,0.00023328,0.82,0.821,164,Accuracy,higher,final,0
290,0.6419453024864197,0.7704878449440002,0.735838770866394,1.0,0.792,0.819,0.00023328,0.82,0.821,164,Accuracy,higher,final,0
291,0.6473613977432251,0.770296573638916,0.7356746196746826,1.0,0.796,0.818,0.00023328,0.82,0.821,164,Accuracy,higher,final,0
292,0.5990970730781555,0.7699893712997437,0.7354093790054321,1.0,0.796,0.818,0.00023328,0.82,0.821,164,Accuracy,higher,final,0
293,0.6398630142211914,0.7696025371551514,0.7350733876228333,1.0,0.796,0.818,0.00023328,0.82,0.821,164,Accuracy,higher,final,0
294,0.5567075610160828,0.7692021727561951,0.734709620475769,1.0,0.796,0.817,0.00023328,0.82,0.821,164,Accuracy,higher,final,0
295,0.5991898775100708,0.7688373923301697,0.7343840003013611,1.0,0.796,0.817,0.00023328,0.82,0.821,164,Accuracy,higher,final,0
296,0.5368799567222595,0.7685030102729797,0.7340878248214722,1.0,0.796,0.818,0.00023328,0.82,0.821,164,Accuracy,higher,final,0
297,0.518298864364624,0.7683357000350952,0.7339376211166382,1.0,0.796,0.818,0.00023328,0.82,0.821,164,Accuracy,higher,final,0
298,0.5794222354888916,0.768235981464386,0.7338535189628601,1.0,0.796,0.818,0.00023328,0.82,0.821,164,Accuracy,higher,final,0
299,0.5900856852531433,0.7681259512901306,0.7337552309036255,1.0,0.794,0.818,0.00023328,0.82,0.821,164,Accuracy,higher,final,0
300,0.5903834700584412,0.7680755853652954,0.7337090373039246,1.0,0.794,0.818,0.00023328,0.82,0.821,164,Accuracy,higher,final,0
301,0.6484564542770386,0.7680535912513733,0.7336875796318054,1.0,0.794,0.818,0.00023328,0.82,0.821,164,Accuracy,higher,final,0
302,0.7050510048866272,0.7681240439414978,0.7337478399276733,1.0,0.794,0.817,0.00023328,0.82,0.821,164,Accuracy,higher,final,0
303,0.6264323592185974,0.7680879831314087,0.7337107062339783,1.0,0.794,0.818,0.00023328,0.82,0.821,164,Accuracy,higher,final,0
304,0.6449199318885803,0.768079936504364,0.733696460723877,1.0,0.794,0.818,0.00023328,0.82,0.821,164,Accuracy,higher,final,0
305,0.5756190419197083,0.7680554389953613,0.7336761355400085,1.0,0.794,0.818,0.00023328,0.82,0.821,164,Accuracy,higher,final,0
306,0.6666189432144165,0.7680547833442688,0.7336754202842712,1.0,0.794,0.818,0.00023328,0.82,0.821,164,Accuracy,higher,final,0
307,0.6575047373771667,0.7681452035903931,0.7337554097175598,1.0,0.794,0.817,0.00023328,0.82,0.821,164,Accuracy,higher,final,0
308,0.5683836340904236,0.7680982351303101,0.7337088584899902,1.0,0.794,0.817,0.00023328,0.82,0.821,164,Accuracy,higher,final,0
309,0.6528164744377136,0.7680453658103943,0.7336567044258118,1.0,0.794,0.817,0.00023328,0.82,0.821,164,Accuracy,higher,final,0
310,0.5909830331802368,0.7680285573005676,0.7336339354515076,1.0,0.794,0.817,0.00023328,0.82,0.821,164,Accuracy,higher,final,0
311,0.528113603591919,0.7680416107177734,0.7336356043815613,1.0,0.794,0.817,0.00023328,0.82,0.821,164,Accuracy,higher,final,0
312,0.5464977622032166,0.7680949568748474,0.733673095703125,1.0,0.794,0.817,0.00023328,0.82,0.821,164,Accuracy,higher,final,0
313,0.6600333452224731,0.7680712342262268,0.7336460947990417,1.0,0.792,0.816,0.00023328,0.82,0.821,164,Accuracy,higher,final,0
314,0.6488777995109558,0.7680165767669678,0.7335951924324036,1.0,0.794,0.816,0.00023328,0.82,0.821,164,Accuracy,higher,final,0
315,0.5576009154319763,0.7679012417793274,0.7334846258163452,1.0,0.794,0.816,0.00023328,0.82,0.821,164,Accuracy,higher,final,0
316,0.5923117995262146,0.7677785754203796,0.7333686351776123,1.0,0.794,0.816,0.00023328,0.82,0.821,164,Accuracy,higher,final,0
317,0.5941905975341797,0.7676364183425903,0.7332315444946289,1.0,0.794,0.816,0.00023328,0.82,0.821,164,Accuracy,higher,final,0
318,0.6268330216407776,0.7675844430923462,0.7331766486167908,1.0,0.794,0.816,0.00023328,0.82,0.821,164,Accuracy,higher,final,0
319,0.6412351131439209,0.7675544619560242,0.7331424355506897,1.0,0.794,0.816,0.00023328,0.82,0.821,164,Accuracy,higher,final,0
320,0.6191551089286804,0.7675133347511292,0.7330981492996216,1.0,0.794,0.816,0.00023328,0.82,0.821,164,Accuracy,higher,final,0
321,0.6140397191047668,0.7674201726913452,0.7330124974250793,1.0,0.794,0.816,0.00023328,0.82,0.821,164,Accuracy,higher,final,0
322,0.6341085433959961,0.767275869846344,0.7328804731369019,1.0,0.794,0.816,0.00023328,0.82,0.821,164,Accuracy,higher,final,0
323,0.5653278827667236,0.7672440409660339,0.7328487038612366,1.0,0.794,0.816,0.00023328,0.82,0.821,164,Accuracy,higher,final,0
324,0.5401173233985901,0.7671594619750977,0.7327684164047241,1.0,0.794,0.816,0.00023328,0.82,0.821,164,Accuracy,higher,final,0
325,0.6412531137466431,0.7671646475791931,0.7327569723129272,1.0,0.794,0.816,0.00023328,0.82,0.821,164,Accuracy,higher,final,0
326,0.6076240539550781,0.767194926738739,0.7327691912651062,1.0,0.794,0.816,0.00023328,0.82,0.821,164,Accuracy,higher,final,0
327,0.6415205597877502,0.7671922445297241,0.7327559590339661,1.0,0.794,0.816,0.00023328,0.82,0.821,164,Accuracy,higher,final,0
328,0.6032901406288147,0.7671352028846741,0.732691764831543,1.0,0.794,0.816,0.00023328,0.82,0.821,164,Accuracy,higher,final,0
329,0.6564309597015381,0.767124354839325,0.7326699495315552,1.0,0.794,0.816,0.00023328,0.82,0.821,164,Accuracy,higher,final,0
330,0.5669634938240051,0.7671051025390625,0.7326456308364868,1.0,0.794,0.816,0.00023328,0.82,0.821,164,Accuracy,higher,final,0
331,0.5750470161437988,0.7670947909355164,0.7326295971870422,1.0,0.794,0.816,0.00023328,0.82,0.821,164,Accuracy,higher,final,0
332,0.5777740478515625,0.7671836018562317,0.732700526714325,1.0,0.794,0.816,0.00023328,0.82,0.821,164,Accuracy,higher,final,0
333,0.6623852252960205,0.7672572731971741,0.7327656149864197,1.0,0.796,0.816,0.00023328,0.82,0.821,164,Accuracy,higher,final,0
334,0.625809371471405,0.7672382593154907,0.7327437400817871,1.0,0.796,0.816,0.00023328,0.82,0.821,164,Accuracy,higher,final,0
335,0.5775556564331055,0.7672761678695679,0.7327669858932495,1.0,0.796,0.816,0.00023328,0.82,0.821,164,Accuracy,higher,final,0
336,0.5636086463928223,0.7673510909080505,0.7328258156776428,1.0,0.796,0.816,0.000139968,0.82,0.821,164,Accuracy,higher,final,0
337,0.6204149723052979,0.76740962266922,0.7328705787658691,1.0,0.796,0.816,0.000139968,0.82,0.821,164,Accuracy,higher,final,0
338,0.5027607679367065,0.7674850225448608,0.7329298257827759,1.0,0.796,0.816,0.000139968,0.82,0.821,164,Accuracy,higher,final,0
339,0.6155400276184082,0.7675003409385681,0.7329320311546326,1.0,0.796,0.815,0.000139968,0.82,0.821,164,Accuracy,higher,final,0
340,0.5284102559089661,0.7675466537475586,0.7329625487327576,1.0,0.796,0.815,0.000139968,0.82,0.821,164,Accuracy,higher,final,0
341,0.6091932058334351,0.7676140069961548,0.7330167889595032,1.0,0.796,0.815,0.000139968,0.82,0.821,164,Accuracy,higher,final,0
342,0.6151159405708313,0.7676451206207275,0.7330387234687805,1.0,0.796,0.815,0.000139968,0.82,0.821,164,Accuracy,higher,final,0
343,0.5945004224777222,0.7676653861999512,0.7330469489097595,1.0,0.796,0.815,0.000139968,0.82,0.821,164,Accuracy,higher,final,0
344,0.6149187088012695,0.7677131295204163,0.7330840826034546,1.0,0.796,0.815,0.000139968,0.82,0.821,164,Accuracy,higher,final,0
345,0.645995020866394,0.7677439451217651,0.7331058382987976,1.0,0.796,0.815,0.000139968,0.82,0.821,164,Accuracy,higher,final,0
346,0.5788378119468689,0.7677493691444397,0.7331073880195618,1.0,0.796,0.815,0.000139968,0.82,0.821,164,Accuracy,higher,final,0
347,0.6203380823135376,0.7677136063575745,0.7330721020698547,1.0,0.796,0.815,8.39808e-05,0.82,0.821,164,Accuracy,higher,final,0
348,0.6041216254234314,0.7677154541015625,0.7330726385116577,1.0,0.796,0.815,8.39808e-05,0.82,0.821,164,Accuracy,higher,final,0
349,0.6253927946090698,0.7677147388458252,0.7330706715583801,1.0,0.796,0.815,8.39808e-05,0.82,0.821,164,Accuracy,higher,final,0
350,0.5440394878387451,0.7677027583122253,0.7330597043037415,1.0,0.796,0.815,8.39808e-05,0.82,0.821,164,Accuracy,higher,final,0
351,0.5762614607810974,0.7676732540130615,0.7330330610275269,1.0,0.794,0.815,8.39808e-05,0.82,0.821,164,Accuracy,higher,final,0
352,0.5912209749221802,0.7676259875297546,0.7329904437065125,1.0,0.794,0.815,8.39808e-05,0.82,0.821,164,Accuracy,higher,final,0
353,0.6139653921127319,0.7675938010215759,0.7329596877098083,1.0,0.794,0.815,8.39808e-05,0.82,0.821,164,Accuracy,higher,final,0
354,0.6117233037948608,0.7675375938415527,0.7329096794128418,1.0,0.792,0.815,8.39808e-05,0.82,0.821,164,Accuracy,higher,final,0
355,0.589817464351654,0.7674858570098877,0.7328624129295349,1.0,0.792,0.816,8.39808e-05,0.82,0.821,164,Accuracy,higher,final,0
356,0.6134966015815735,0.7674335241317749,0.7328135371208191,1.0,0.792,0.816,8.39808e-05,0.82,0.821,164,Accuracy,higher,final,0
357,0.5866853594779968,0.7674022316932678,0.7327821254730225,1.0,0.792,0.816,8.39808e-05,0.82,0.821,164,Accuracy,higher,final,0
358,0.6480951309204102,0.7673888206481934,0.7327674627304077,1.0,0.792,0.816,5.038847999999999e-05,0.82,0.821,164,Accuracy,higher,final,0
359,0.5700411796569824,0.7673789262771606,0.7327559590339661,1.0,0.792,0.816,5.038847999999999e-05,0.82,0.821,164,Accuracy,higher,final,0
360,0.6622687578201294,0.7673395872116089,0.7327191233634949,1.0,0.792,0.816,5.038847999999999e-05,0.82,0.821,164,Accuracy,higher,final,0
361,0.6385176777839661,0.7673026323318481,0.7326849699020386,1.0,0.792,0.816,5.038847999999999e-05,0.82,0.821,164,Accuracy,higher,final,0
362,0.5992198586463928,0.7672684192657471,0.7326529622077942,1.0,0.792,0.816,5.038847999999999e-05,0.82,0.821,164,Accuracy,higher,final,0
363,0.7344586253166199,0.7672669291496277,0.7326489686965942,1.0,0.792,0.816,5.038847999999999e-05,0.82,0.821,164,Accuracy,higher,final,0
364,0.6940901875495911,0.7672637104988098,0.732644259929657,1.0,0.792,0.816,5.038847999999999e-05,0.82,0.821,164,Accuracy,higher,final,0
365,0.6327607035636902,0.7672743797302246,0.732651948928833,1.0,0.792,0.816,5.038847999999999e-05,0.82,0.821,164,Accuracy,higher,final,0
366,0.6032016277313232,0.7672849297523499,0.7326606512069702,1.0,0.792,0.816,5.038847999999999e-05,0.82,0.821,164,Accuracy,higher,final,0
367,0.6720851063728333,0.7672735452651978,0.7326503396034241,1.0,0.792,0.816,5.038847999999999e-05,0.82,0.821,164,Accuracy,higher,final,0
368,0.6080754399299622,0.7672573328018188,0.7326353788375854,1.0,0.792,0.816,5.038847999999999e-05,0.82,0.821,164,Accuracy,higher,final,0
369,0.5968970060348511,0.7672474384307861,0.7326265573501587,1.0,0.792,0.816,3.0233087999999994e-05,0.82,0.821,164,Accuracy,higher,final,0
370,0.6102938055992126,0.7672370076179504,0.7326175570487976,1.0,0.792,0.816,3.0233087999999994e-05,0.82,0.821,164,Accuracy,higher,final,0
371,0.6702647805213928,0.7672074437141418,0.7325916290283203,1.0,0.792,0.816,3.0233087999999994e-05,0.82,0.821,164,Accuracy,higher,final,0
372,0.6594833135604858,0.7671619653701782,0.7325511574745178,1.0,0.792,0.816,3.0233087999999994e-05,0.82,0.821,164,Accuracy,higher,final,0
373,0.5209895372390747,0.7671378254890442,0.7325297594070435,1.0,0.792,0.816,3.0233087999999994e-05,0.82,0.821,164,Accuracy,higher,final,0
374,0.5282608866691589,0.7671187520027161,0.7325125932693481,1.0,0.792,0.816,3.0233087999999994e-05,0.82,0.821,164,Accuracy,higher,final,0
375,0.5115696787834167,0.7670865654945374,0.7324841022491455,1.0,0.792,0.816,3.0233087999999994e-05,0.82,0.821,164,Accuracy,higher,final,0
376,0.5772806406021118,0.7670560479164124,0.7324572801589966,1.0,0.792,0.816,3.0233087999999994e-05,0.82,0.821,164,Accuracy,higher,final,0
377,0.6049124598503113,0.7670480608940125,0.7324499487876892,1.0,0.792,0.816,3.0233087999999994e-05,0.82,0.821,164,Accuracy,higher,final,0
378,0.5246210098266602,0.767044186592102,0.7324463129043579,1.0,0.792,0.816,3.0233087999999994e-05,0.82,0.821,164,Accuracy,higher,final,0
379,0.5501630306243896,0.7670310139656067,0.7324339151382446,1.0,0.792,0.816,3.0233087999999994e-05,0.82,0.821,164,Accuracy,higher,final,0
380,0.5636759400367737,0.767013669013977,0.732418417930603,1.0,0.792,0.816,3.0233087999999994e-05,0.82,0.821,164,Accuracy,higher,final,0
381,0.5735042691230774,0.7669830322265625,0.7323916554450989,1.0,0.792,0.816,3.0233087999999994e-05,0.82,0.821,164,Accuracy,higher,final,0
382,0.5182740092277527,0.7669408917427063,0.7323539853096008,1.0,0.792,0.816,3.0233087999999994e-05,0.82,0.821,164,Accuracy,higher,final,0
383,0.6229178309440613,0.7669104337692261,0.7323262691497803,1.0,0.792,0.816,3.0233087999999994e-05,0.82,0.821,164,Accuracy,higher,final,0
384,0.6002591252326965,0.7668871879577637,0.7323055267333984,1.0,0.792,0.816,3.0233087999999994e-05,0.82,0.821,164,Accuracy,higher,final,0
385,0.5800479054450989,0.766865611076355,0.7322861552238464,1.0,0.792,0.816,3.0233087999999994e-05,0.82,0.821,164,Accuracy,higher,final,0
386,0.6308335661888123,0.766846776008606,0.7322675585746765,1.0,0.792,0.816,3.0233087999999994e-05,0.82,0.821,164,Accuracy,higher,final,0
387,0.5944864153862,0.766818642616272,0.7322407364845276,1.0,0.792,0.816,3.0233087999999994e-05,0.82,0.821,164,Accuracy,higher,final,0
388,0.5376430153846741,0.766796886920929,0.7322203516960144,1.0,0.794,0.816,3.0233087999999994e-05,0.82,0.821,164,Accuracy,higher,final,0
389,0.5725188255310059,0.7667702436447144,0.7321957945823669,1.0,0.794,0.816,3.0233087999999994e-05,0.82,0.821,164,Accuracy,higher,final,0
390,0.6147356033325195,0.7667492628097534,0.7321761846542358,1.0,0.794,0.816,3.0233087999999994e-05,0.82,0.821,164,Accuracy,higher,final,0
391,0.5486047863960266,0.7667248249053955,0.7321541905403137,1.0,0.794,0.816,3.0233087999999994e-05,0.82,0.821,164,Accuracy,higher,final,0
392,0.5948836207389832,0.7667097449302673,0.7321402430534363,1.0,0.794,0.816,3.0233087999999994e-05,0.82,0.821,164,Accuracy,higher,final,0
393,0.5556991696357727,0.7666933536529541,0.732125461101532,1.0,0.794,0.816,3.0233087999999994e-05,0.82,0.821,164,Accuracy,higher,final,0
394,0.5874620079994202,0.7666873335838318,0.7321199178695679,1.0,0.794,0.816,3.0233087999999994e-05,0.82,0.821,164,Accuracy,higher,final,0
395,0.6713598966598511,0.7666811347007751,0.7321135401725769,1.0,0.794,0.816,3.0233087999999994e-05,0.82,0.821,164,Accuracy,higher,final,0
396,0.5404596328735352,0.7666754722595215,0.7321077585220337,1.0,0.794,0.816,3.0233087999999994e-05,0.82,0.821,164,Accuracy,higher,final,0
397,0.5263509750366211,0.7666562795639038,0.7320905327796936,1.0,0.794,0.816,3.0233087999999994e-05,0.82,0.821,164,Accuracy,higher,final,0
398,0.6212676167488098,0.7666357159614563,0.7320724129676819,1.0,0.794,0.816,3.0233087999999994e-05,0.82,0.821,164,Accuracy,higher,final,0
399,0.5533729791641235,0.7666149139404297,0.7320542931556702,1.0,0.794,0.816,3.0233087999999994e-05,0.82,0.821,164,Accuracy,higher,final,0
400,0.6391040086746216,0.7665963172912598,0.7320375442504883,1.0,0.794,0.816,3.0233087999999994e-05,0.82,0.821,164,Accuracy,higher,final,0
401,0.6306045651435852,0.7665720582008362,0.7320159673690796,1.0,0.794,0.816,3.0233087999999994e-05,0.82,0.821,164,Accuracy,higher,final,0
402,0.5699451565742493,0.7665366530418396,0.7319842576980591,1.0,0.794,0.816,3.0233087999999994e-05,0.82,0.821,164,Accuracy,higher,final,0
403,0.5890531539916992,0.7665067911148071,0.7319575548171997,1.0,0.794,0.816,3.0233087999999994e-05,0.82,0.821,164,Accuracy,higher,final,0
404,0.6632573008537292,0.7665059566497803,0.7319558262825012,1.0,0.794,0.816,3.0233087999999994e-05,0.82,0.821,164,Accuracy,higher,final,0
405,0.5595929026603699,0.7665024399757385,0.7319517731666565,1.0,0.794,0.816,3.0233087999999994e-05,0.82,0.821,164,Accuracy,higher,final,0
406,0.5438168048858643,0.7665013074874878,0.7319503426551819,1.0,0.794,0.816,3.0233087999999994e-05,0.82,0.821,164,Accuracy,higher,final,0
407,0.6536558866500854,0.7664843797683716,0.731934666633606,1.0,0.794,0.816,3.0233087999999994e-05,0.82,0.821,164,Accuracy,higher,final,0
408,0.620140790939331,0.766459584236145,0.7319115996360779,1.0,0.794,0.816,3.0233087999999994e-05,0.82,0.821,164,Accuracy,higher,final,0
409,0.6556831002235413,0.7664332389831543,0.7318875789642334,1.0,0.794,0.816,3.0233087999999994e-05,0.82,0.821,164,Accuracy,higher,final,0
410,0.5618780851364136,0.7664089202880859,0.7318652272224426,1.0,0.794,0.816,3.0233087999999994e-05,0.82,0.821,164,Accuracy,higher,final,0
411,0.641965925693512,0.7663880586624146,0.731844961643219,1.0,0.794,0.816,3.0233087999999994e-05,0.82,0.821,164,Accuracy,higher,final,0
412,0.6152751445770264,0.7663629055023193,0.7318217754364014,1.0,0.794,0.816,3.0233087999999994e-05,0.82,0.821,164,Accuracy,higher,final,0
413,0.676204264163971,0.7663533687591553,0.731812596321106,1.0,0.794,0.816,3.0233087999999994e-05,0.82,0.821,164,Accuracy,higher,final,0
414,0.4833105802536011,0.766339123249054,0.731799304485321,1.0,0.794,0.816,3.0233087999999994e-05,0.82,0.821,164,Accuracy,higher,final,0
415,0.5227996706962585,0.7663300633430481,0.7317911386489868,1.0,0.794,0.816,3.0233087999999994e-05,0.82,0.821,164,Accuracy,higher,final,0
416,0.5986018776893616,0.7663155198097229,0.7317783832550049,1.0,0.794,0.816,3.0233087999999994e-05,0.82,0.821,164,Accuracy,higher,final,0
417,0.5834333300590515,0.7662933468818665,0.7317590117454529,1.0,0.794,0.816,3.0233087999999994e-05,0.82,0.821,164,Accuracy,higher,final,0
418,0.5264357328414917,0.7662577033042908,0.7317283749580383,1.0,0.794,0.816,3.0233087999999994e-05,0.82,0.821,164,Accuracy,higher,final,0
419,0.5628244876861572,0.7662192583084106,0.7316952347755432,1.0,0.794,0.816,3.0233087999999994e-05,0.82,0.821,164,Accuracy,higher,final,0
420,0.5159217715263367,0.7661858797073364,0.7316663265228271,1.0,0.794,0.816,3.0233087999999994e-05,0.82,0.821,164,Accuracy,higher,final,0
421,0.538567304611206,0.766155481338501,0.7316392660140991,1.0,0.794,0.816,3.0233087999999994e-05,0.82,0.821,164,Accuracy,higher,final,0
422,0.494050532579422,0.766135573387146,0.7316214442253113,1.0,0.794,0.816,3.0233087999999994e-05,0.82,0.821,164,Accuracy,higher,final,0
423,0.6491847634315491,0.7661247849464417,0.7316112518310547,1.0,0.794,0.816,3.0233087999999994e-05,0.82,0.821,164,Accuracy,higher,final,0
424,0.6060184836387634,0.7661087512969971,0.7315962910652161,1.0,0.794,0.816,3.0233087999999994e-05,0.82,0.821,164,Accuracy,higher,final,0
425,0.6205250024795532,0.766101598739624,0.7315900921821594,1.0,0.794,0.816,3.0233087999999994e-05,0.82,0.821,164,Accuracy,higher,final,0
426,0.52998286485672,0.766099214553833,0.7315880060195923,1.0,0.794,0.816,3.0233087999999994e-05,0.82,0.821,164,Accuracy,higher,final,0
427,0.6039026379585266,0.7660990953445435,0.7315880060195923,1.0,0.794,0.816,3.0233087999999994e-05,0.82,0.821,164,Accuracy,higher,final,0
428,0.5609327554702759,0.7660844922065735,0.7315751910209656,1.0,0.794,0.816,3.0233087999999994e-05,0.82,0.821,164,Accuracy,higher,final,0
429,0.6462796926498413,0.7660893797874451,0.7315799593925476,1.0,0.794,0.816,3.0233087999999994e-05,0.82,0.821,164,Accuracy,higher,final,0
430,0.6122393012046814,0.7661004662513733,0.7315896153450012,1.0,0.794,0.816,3.0233087999999994e-05,0.82,0.821,164,Accuracy,higher,final,0
431,0.6175410747528076,0.7660945653915405,0.7315837144851685,1.0,0.794,0.816,3.0233087999999994e-05,0.82,0.821,164,Accuracy,higher,final,0
432,0.628400444984436,0.7660879492759705,0.7315765023231506,1.0,0.794,0.816,3.0233087999999994e-05,0.82,0.821,164,Accuracy,higher,final,0
433,0.5883870720863342,0.7660966515541077,0.7315826416015625,1.0,0.794,0.816,3.0233087999999994e-05,0.82,0.821,164,Accuracy,higher,final,0
434,0.5995203852653503,0.7661024928092957,0.7315863966941833,1.0,0.794,0.816,3.0233087999999994e-05,0.82,0.821,164,Accuracy,higher,final,0
435,0.6104927062988281,0.7660943865776062,0.7315775156021118,1.0,0.794,0.816,3.0233087999999994e-05,0.82,0.821,164,Accuracy,higher,final,0
436,0.721672534942627,0.7660967111587524,0.7315786480903625,1.0,0.794,0.816,1.8139852799999997e-05,0.82,0.821,164,Accuracy,higher,final,0
437,0.6148248314857483,0.766101062297821,0.7315812110900879,1.0,0.794,0.816,1.8139852799999997e-05,0.82,0.821,164,Accuracy,higher,final,0
438,0.5368185043334961,0.7661032676696777,0.7315824031829834,1.0,0.794,0.816,1.8139852799999997e-05,0.82,0.821,164,Accuracy,higher,final,0
439,0.6812231540679932,0.7661065459251404,0.7315847277641296,1.0,0.794,0.816,1.8139852799999997e-05,0.82,0.821,164,Accuracy,higher,final,0
440,0.542894184589386,0.7661008238792419,0.7315790057182312,1.0,0.794,0.816,1.8139852799999997e-05,0.82,0.821,164,Accuracy,higher,final,0
441,0.5659735798835754,0.7660953402519226,0.7315735816955566,1.0,0.794,0.816,1.8139852799999997e-05,0.82,0.821,164,Accuracy,higher,final,0
442,0.6239201426506042,0.7660866975784302,0.7315652966499329,1.0,0.794,0.816,1.8139852799999997e-05,0.82,0.821,164,Accuracy,higher,final,0
443,0.5971075296401978,0.7660844326019287,0.7315627336502075,1.0,0.794,0.816,1.8139852799999997e-05,0.82,0.821,164,Accuracy,higher,final,0
444,0.5418649911880493,0.7660784721374512,0.7315568923950195,1.0,0.794,0.816,1.8139852799999997e-05,0.82,0.821,164,Accuracy,higher,final,0
445,0.513197660446167,0.7660828828811646,0.7315604090690613,1.0,0.794,0.816,1.8139852799999997e-05,0.82,0.821,164,Accuracy,higher,final,0
446,0.5875213146209717,0.7660894989967346,0.731565535068512,1.0,0.794,0.816,1.8139852799999997e-05,0.82,0.821,164,Accuracy,higher,final,0
447,0.570070743560791,0.7660925984382629,0.7315679788589478,1.0,0.794,0.816,1.0883911679999998e-05,0.82,0.821,164,Accuracy,higher,final,0
448,0.593752920627594,0.766096293926239,0.7315710186958313,1.0,0.794,0.816,1.0883911679999998e-05,0.82,0.821,164,Accuracy,higher,final,0
449,0.6072928309440613,0.7661005854606628,0.7315745949745178,1.0,0.794,0.816,1.0883911679999998e-05,0.82,0.821,164,Accuracy,higher,final,0
450,0.6106485724449158,0.7661036849021912,0.7315771579742432,1.0,0.794,0.816,1.0883911679999998e-05,0.82,0.821,164,Accuracy,higher,final,0
451,0.4851956069469452,0.7661029100418091,0.731576144695282,1.0,0.794,0.816,1.0883911679999998e-05,0.82,0.821,164,Accuracy,higher,final,0
452,0.660574734210968,0.766100287437439,0.7315740585327148,1.0,0.794,0.816,1.0883911679999998e-05,0.82,0.821,164,Accuracy,higher,final,0
453,0.5351561307907104,0.766097903251648,0.7315720319747925,1.0,0.794,0.816,1.0883911679999998e-05,0.82,0.821,164,Accuracy,higher,final,0
454,0.580237627029419,0.766098141670227,0.7315726280212402,1.0,0.794,0.816,1.0883911679999998e-05,0.82,0.821,164,Accuracy,higher,final,0
455,0.5573659539222717,0.7660989761352539,0.7315735220909119,1.0,0.794,0.816,1.0883911679999998e-05,0.82,0.821,164,Accuracy,higher,final,0
456,0.6926483511924744,0.7661017775535583,0.7315766215324402,1.0,0.794,0.816,1.0883911679999998e-05,0.82,0.821,164,Accuracy,higher,final,0
457,0.6101641058921814,0.7661033868789673,0.7315788865089417,1.0,0.794,0.816,1.0883911679999998e-05,0.82,0.821,164,Accuracy,higher,final,0
458,0.5356135964393616,0.7661030292510986,0.7315793037414551,1.0,0.794,0.816,1e-05,0.82,0.821,164,Accuracy,higher,final,0
459,0.5757244229316711,0.7661027908325195,0.731579601764679,1.0,0.794,0.816,1e-05,0.82,0.821,164,Accuracy,higher,final,0
460,0.648085355758667,0.7661023736000061,0.7315797209739685,1.0,0.794,0.816,1e-05,0.82,0.821,164,Accuracy,higher,final,0
461,0.5717015862464905,0.7661018967628479,0.7315797209739685,1.0,0.794,0.816,1e-05,0.82,0.821,164,Accuracy,higher,final,0
462,0.6176413297653198,0.7660955786705017,0.7315745949745178,1.0,0.794,0.816,1e-05,0.82,0.821,164,Accuracy,higher,final,0
463,0.6027039289474487,0.7660968899726868,0.731576144695282,1.0,0.794,0.816,1e-05,0.82,0.821,164,Accuracy,higher,final,0
464,0.628734290599823,0.7660982012748718,0.7315777540206909,1.0,0.794,0.816,1e-05,0.82,0.821,164,Accuracy,higher,final,0
465,0.6028261780738831,0.7660963535308838,0.7315763831138611,1.0,0.794,0.816,1e-05,0.82,0.821,164,Accuracy,higher,final,0
466,0.5313370823860168,0.7660939693450928,0.7315742373466492,1.0,0.794,0.816,1e-05,0.82,0.821,164,Accuracy,higher,final,0
467,0.6803669333457947,0.7660915851593018,0.7315719127655029,1.0,0.794,0.816,1e-05,0.82,0.821,164,Accuracy,higher,final,0
468,0.6581923365592957,0.7660853862762451,0.7315660715103149,1.0,0.794,0.816,1e-05,0.82,0.821,164,Accuracy,higher,final,0
469,0.5304578542709351,0.7660794854164124,0.7315605282783508,1.0,0.794,0.816,1e-05,0.82,0.821,164,Accuracy,higher,final,0
470,0.5953841805458069,0.7660707235336304,0.7315524816513062,1.0,0.794,0.816,1e-05,0.82,0.821,164,Accuracy,higher,final,0
471,0.6704555749893188,0.7660685777664185,0.7315500378608704,1.0,0.794,0.816,1e-05,0.82,0.821,164,Accuracy,higher,final,0
472,0.5977202653884888,0.7660678029060364,0.7315489649772644,1.0,0.794,0.816,1e-05,0.82,0.821,164,Accuracy,higher,final,0
473,0.6131199598312378,0.766067624092102,0.7315484881401062,1.0,0.794,0.816,1e-05,0.82,0.821,164,Accuracy,higher,final,0
474,0.5716516375541687,0.7660706639289856,0.7315512895584106,1.0,0.794,0.816,1e-05,0.82,0.821,164,Accuracy,higher,final,0
475,0.6291664838790894,0.7660756707191467,0.7315556406974792,1.0,0.794,0.816,1e-05,0.82,0.821,164,Accuracy,higher,final,0
476,0.5882035493850708,0.7660869359970093,0.731565535068512,1.0,0.794,0.816,1e-05,0.82,0.821,164,Accuracy,higher,final,0
477,0.6134425401687622,0.7660964131355286,0.7315736413002014,1.0,0.794,0.816,1e-05,0.82,0.821,164,Accuracy,higher,final,0
478,0.6942580342292786,0.7661048173904419,0.7315806746482849,1.0,0.794,0.816,1e-05,0.82,0.821,164,Accuracy,higher,final,0
479,0.6073625087738037,0.7661080956459045,0.7315833568572998,1.0,0.794,0.816,1e-05,0.82,0.821,164,Accuracy,higher,final,0
480,0.6629570126533508,0.766110897064209,0.7315859198570251,1.0,0.794,0.816,1e-05,0.82,0.821,164,Accuracy,higher,final,0
481,0.6165379881858826,0.7661058306694031,0.7315815091133118,1.0,0.794,0.816,1e-05,0.82,0.821,164,Accuracy,higher,final,0
482,0.6059545278549194,0.7661063075065613,0.7315818071365356,1.0,0.794,0.816,1e-05,0.82,0.821,164,Accuracy,higher,final,0
483,0.5415210127830505,0.7661031484603882,0.7315788865089417,1.0,0.794,0.816,1e-05,0.82,0.821,164,Accuracy,higher,final,0
484,0.6909952759742737,0.7660940289497375,0.731570303440094,1.0,0.794,0.816,1e-05,0.82,0.821,164,Accuracy,higher,final,0
485,0.634578287601471,0.7660818696022034,0.7315587997436523,1.0,0.794,0.816,1e-05,0.82,0.821,164,Accuracy,higher,final,0
486,0.5023831129074097,0.7660683989524841,0.7315458655357361,1.0,0.794,0.816,1e-05,0.82,0.821,164,Accuracy,higher,final,0
487,0.5560614466667175,0.7660543322563171,0.7315326929092407,1.0,0.794,0.816,1e-05,0.82,0.821,164,Accuracy,higher,final,0
488,0.5913471579551697,0.7660430073738098,0.7315219640731812,1.0,0.794,0.816,1e-05,0.82,0.821,164,Accuracy,higher,final,0
489,0.5799114108085632,0.7660346627235413,0.7315137982368469,1.0,0.794,0.816,1e-05,0.82,0.821,164,Accuracy,higher,final,0
490,0.6606537699699402,0.7660292983055115,0.7315080761909485,1.0,0.794,0.816,1e-05,0.82,0.821,164,Accuracy,higher,final,0
491,0.6322134733200073,0.7660211324691772,0.7315002679824829,1.0,0.794,0.816,1e-05,0.82,0.821,164,Accuracy,higher,final,0
492,0.653205394744873,0.7660118341445923,0.7314913868904114,1.0,0.794,0.816,1e-05,0.82,0.821,164,Accuracy,higher,final,0
493,0.6166177988052368,0.7660029530525208,0.7314829230308533,1.0,0.794,0.816,1e-05,0.82,0.821,164,Accuracy,higher,final,0
494,0.632827877998352,0.7659898400306702,0.7314709424972534,1.0,0.794,0.816,1e-05,0.82,0.821,164,Accuracy,higher,final,0
495,0.5516594052314758,0.765976071357727,0.7314584255218506,1.0,0.794,0.816,1e-05,0.82,0.821,164,Accuracy,higher,final,0
496,0.5920870900154114,0.7659650444984436,0.731448233127594,1.0,0.794,0.816,1e-05,0.82,0.821,164,Accuracy,higher,final,0
497,0.5564579367637634,0.7659547328948975,0.7314386963844299,1.0,0.794,0.816,1e-05,0.82,0.821,164,Accuracy,higher,final,0
498,0.6049862504005432,0.7659420967102051,0.7314274907112122,1.0,0.794,0.816,1e-05,0.82,0.821,164,Accuracy,higher,final,0
499,0.6252751350402832,0.7659295201301575,0.7314162850379944,1.0,0.794,0.816,1e-05,0.82,0.821,164,Accuracy,higher,final,0
500,0.5751502513885498,0.765919029712677,0.7314068675041199,1.0,0.794,0.816,1e-05,0.82,0.821,164,Accuracy,higher,final,0
501,0.6999152302742004,0.7659185528755188,0.7314063310623169,1.0,0.794,0.816,1e-05,0.82,0.821,164,Accuracy,higher,final,0
502,0.6651608347892761,0.7659172415733337,0.7314051389694214,1.0,0.794,0.816,1e-05,0.82,0.821,164,Accuracy,higher,final,0
503,0.6332710981369019,0.765916109085083,0.7314043045043945,1.0,0.794,0.816,1e-05,0.82,0.821,164,Accuracy,higher,final,0
504,0.715793788433075,0.7659167647361755,0.7314050197601318,1.0,0.794,0.816,1e-05,0.82,0.821,164,Accuracy,higher,final,0
505,0.5476853251457214,0.7659194469451904,0.731407642364502,1.0,0.794,0.816,1e-05,0.82,0.821,164,Accuracy,higher,final,0
506,0.5214514136314392,0.7659245729446411,0.7314121127128601,1.0,0.794,0.816,1e-05,0.82,0.821,164,Accuracy,higher,final,0
507,0.5716395974159241,0.7659276723861694,0.7314141988754272,1.0,0.794,0.816,1e-05,0.82,0.821,164,Accuracy,higher,final,0
508,0.5642752647399902,0.7659274339675903,0.7314133048057556,1.0,0.794,0.816,1e-05,0.82,0.821,164,Accuracy,higher,final,0
509,0.5960676670074463,0.7659299969673157,0.7314151525497437,1.0,0.794,0.816,1e-05,0.82,0.821,164,Accuracy,higher,final,0
510,0.5768148303031921,0.7659369111061096,0.7314206957817078,1.0,0.794,0.816,1e-05,0.82,0.821,164,Accuracy,higher,final,0
511,0.5425136089324951,0.7659462690353394,0.731428325176239,1.0,0.794,0.816,1e-05,0.82,0.821,164,Accuracy,higher,final,0
512,0.5212761163711548,0.7659543752670288,0.7314348220825195,1.0,0.794,0.816,1e-05,0.82,0.821,164,Accuracy,higher,final,0
513,0.6335532069206238,0.7659612894058228,0.7314401268959045,1.0,0.794,0.816,1e-05,0.82,0.821,164,Accuracy,higher,final,0
514,0.5992779731750488,0.7659672498703003,0.7314444780349731,1.0,0.794,0.816,1e-05,0.82,0.821,164,Accuracy,higher,final,0
515,0.6558017134666443,0.7659732699394226,0.7314487099647522,1.0,0.794,0.816,1e-05,0.82,0.821,164,Accuracy,higher,final,0
516,0.6665804982185364,0.7659768462181091,0.7314507961273193,1.0,0.794,0.816,1e-05,0.82,0.821,164,Accuracy,higher,final,0
517,0.5726206302642822,0.7659755945205688,0.7314487099647522,1.0,0.794,0.816,1e-05,0.82,0.821,164,Accuracy,higher,final,0
518,0.6298959255218506,0.7659707069396973,0.7314432263374329,1.0,0.794,0.816,1e-05,0.82,0.821,164,Accuracy,higher,final,0
519,0.6766836047172546,0.7659642696380615,0.7314369082450867,1.0,0.794,0.816,1e-05,0.82,0.821,164,Accuracy,higher,final,0
520,0.6485254764556885,0.7659627795219421,0.7314349412918091,1.0,0.794,0.816,1e-05,0.82,0.821,164,Accuracy,higher,final,0
521,0.6830524802207947,0.7659589052200317,0.7314311265945435,1.0,0.794,0.816,1e-05,0.82,0.821,164,Accuracy,higher,final,0
522,0.6623770594596863,0.7659556865692139,0.7314279675483704,1.0,0.794,0.816,1e-05,0.82,0.821,164,Accuracy,higher,final,0
523,0.6149852275848389,0.765955924987793,0.7314280867576599,1.0,0.794,0.816,1e-05,0.82,0.821,164,Accuracy,higher,final,0
524,0.5532452464103699,0.7659549713134766,0.7314272522926331,1.0,0.794,0.816,1e-05,0.82,0.821,164,Accuracy,higher,final,0
525,0.6617769598960876,0.7659487128257751,0.7314216494560242,1.0,0.794,0.816,1e-05,0.82,0.821,164,Accuracy,higher,final,0
526,0.5277630686759949,0.7659417986869812,0.7314156293869019,1.0,0.794,0.816,1e-05,0.82,0.821,164,Accuracy,higher,final,0
527,0.5729232430458069,0.7659319043159485,0.7314068675041199,1.0,0.794,0.816,1e-05,0.82,0.821,164,Accuracy,higher,final,0
528,0.533648669719696,0.7659173011779785,0.7313941717147827,1.0,0.794,0.816,1e-05,0.82,0.821,164,Accuracy,higher,final,0
529,0.5724536180496216,0.7659028768539429,0.7313817143440247,1.0,0.794,0.816,1e-05,0.82,0.821,164,Accuracy,higher,final,0
530,0.5659841299057007,0.7658877372741699,0.7313680052757263,1.0,0.794,0.816,1e-05,0.82,0.821,164,Accuracy,higher,final,0
531,0.6583658456802368,0.7658770680427551,0.7313582897186279,1.0,0.794,0.816,1e-05,0.82,0.821,164,Accuracy,higher,final,0
532,0.5471073985099792,0.7658674120903015,0.7313493490219116,1.0,0.794,0.816,1e-05,0.82,0.821,164,Accuracy,higher,final,0
533,0.6091451644897461,0.7658623456954956,0.7313443422317505,1.0,0.794,0.816,1e-05,0.82,0.821,164,Accuracy,higher,final,0
534,0.5761343836784363,0.7658593058586121,0.7313411831855774,1.0,0.794,0.816,1e-05,0.82,0.821,164,Accuracy,higher,final,0
535,0.6627988815307617,0.7658566832542419,0.7313382625579834,1.0,0.794,0.816,1e-05,0.82,0.821,164,Accuracy,higher,final,0
536,0.5152331590652466,0.765851616859436,0.7313330173492432,1.0,0.794,0.816,1e-05,0.82,0.821,164,Accuracy,higher,final,0
537,0.5584859251976013,0.7658452987670898,0.7313267588615417,1.0,0.794,0.816,1e-05,0.82,0.821,164,Accuracy,higher,final,0
538,0.5868393778800964,0.7658365368843079,0.7313187122344971,1.0,0.794,0.816,1e-05,0.82,0.821,164,Accuracy,higher,final,0
539,0.5014237761497498,0.7658255696296692,0.7313085794448853,1.0,0.794,0.816,1e-05,0.82,0.821,164,Accuracy,higher,final,0
540,0.6319526433944702,0.765818178653717,0.7313023805618286,1.0,0.794,0.816,1e-05,0.82,0.821,164,Accuracy,higher,final,0
541,0.6030505895614624,0.765817403793335,0.7313019037246704,1.0,0.794,0.816,1e-05,0.82,0.821,164,Accuracy,higher,final,0
542,0.6384468674659729,0.7658121585845947,0.7312976717948914,1.0,0.794,0.816,1e-05,0.82,0.821,164,Accuracy,higher,final,0
543,0.5740277171134949,0.7658012509346008,0.7312882542610168,1.0,0.794,0.816,1e-05,0.82,0.821,164,Accuracy,higher,final,0
544,0.5594256520271301,0.765788197517395,0.7312768697738647,1.0,0.794,0.816,1e-05,0.82,0.821,164,Accuracy,higher,final,0
545,0.5584182143211365,0.7657768726348877,0.7312670946121216,1.0,0.794,0.816,1e-05,0.82,0.821,164,Accuracy,higher,final,0
546,0.6677356958389282,0.7657669186592102,0.7312588095664978,1.0,0.794,0.816,1e-05,0.82,0.821,164,Accuracy,higher,final,0
547,0.6399555802345276,0.7657612562179565,0.7312542200088501,1.0,0.794,0.816,1e-05,0.82,0.821,164,Accuracy,higher,final,0
548,0.592400312423706,0.7657581567764282,0.7312518358230591,1.0,0.794,0.816,1e-05,0.82,0.821,164,Accuracy,higher,final,0
549,0.6206343770027161,0.7657539248466492,0.7312484383583069,1.0,0.794,0.816,1e-05,0.82,0.821,164,Accuracy,higher,final,0
550,0.6924575567245483,0.7657515406608582,0.7312465906143188,1.0,0.794,0.816,1e-05,0.82,0.821,164,Accuracy,higher,final,0
551,0.571884036064148,0.7657524943351746,0.7312476634979248,1.0,0.794,0.816,1e-05,0.82,0.821,164,Accuracy,higher,final,0
552,0.6275317668914795,0.7657490372657776,0.7312451004981995,1.0,0.794,0.816,1e-05,0.82,0.821,164,Accuracy,higher,final,0
553,0.6075399518013,0.7657430768013,0.7312406301498413,1.0,0.794,0.816,1e-05,0.82,0.821,164,Accuracy,higher,final,0
554,0.4869925379753113,0.7657374143600464,0.7312362790107727,1.0,0.794,0.816,1e-05,0.82,0.821,164,Accuracy,higher,final,0
555,0.6468731760978699,0.7657321691513062,0.7312324643135071,1.0,0.794,0.816,1e-05,0.82,0.821,164,Accuracy,higher,final,0
556,0.5374191999435425,0.7657284140586853,0.731229841709137,1.0,0.794,0.816,1e-05,0.82,0.821,164,Accuracy,higher,final,0
557,0.6331408619880676,0.7657191157341003,0.73122239112854,1.0,0.794,0.816,1e-05,0.82,0.821,164,Accuracy,higher,final,0
558,0.6871649026870728,0.7657054662704468,0.7312108278274536,1.0,0.794,0.816,1e-05,0.82,0.821,164,Accuracy,higher,final,0
559,0.6343947052955627,0.7656965255737305,0.7312033772468567,1.0,0.794,0.816,1e-05,0.82,0.821,164,Accuracy,higher,final,0
560,0.524906575679779,0.7656897902488708,0.7311975359916687,1.0,0.794,0.816,1e-05,0.82,0.821,164,Accuracy,higher,final,0
561,0.5909997224807739,0.7656881213188171,0.7311962842941284,1.0,0.794,0.816,1e-05,0.82,0.821,164,Accuracy,higher,final,0
562,0.6359838247299194,0.765694797039032,0.7312025427818298,1.0,0.794,0.816,1e-05,0.82,0.821,164,Accuracy,higher,final,0
563,0.5716649293899536,0.7656978964805603,0.7312055826187134,1.0,0.794,0.816,1e-05,0.82,0.821,164,Accuracy,higher,final,0
564,0.5852442979812622,0.7657011151313782,0.7312089800834656,1.0,0.794,0.816,1e-05,0.82,0.821,164,Accuracy,higher,final,0
565,0.6084139347076416,0.7657023668289185,0.7312107682228088,1.0,0.794,0.816,1e-05,0.82,0.821,164,Accuracy,higher,final,0
566,0.6436347961425781,0.7657018899917603,0.7312110662460327,1.0,0.794,0.816,1e-05,0.82,0.821,164,Accuracy,higher,final,0
567,0.5927610993385315,0.7657029628753662,0.7312125563621521,1.0,0.794,0.816,1e-05,0.82,0.821,164,Accuracy,higher,final,0
568,0.5276399850845337,0.765704870223999,0.7312147617340088,1.0,0.794,0.816,1e-05,0.82,0.821,164,Accuracy,higher,final,0
569,0.5361316204071045,0.765706479549408,0.7312166690826416,1.0,0.794,0.816,1e-05,0.82,0.821,164,Accuracy,higher,final,0
570,0.6890439987182617,0.7657082676887512,0.7312186360359192,1.0,0.794,0.816,1e-05,0.82,0.821,164,Accuracy,higher,final,0
571,0.6009733080863953,0.765705943107605,0.7312169075012207,1.0,0.794,0.816,1e-05,0.82,0.821,164,Accuracy,higher,final,0
572,0.6335293650627136,0.7657097578048706,0.7312208414077759,1.0,0.794,0.816,1e-05,0.82,0.821,164,Accuracy,higher,final,0
573,0.5996906161308289,0.7657127976417542,0.7312237620353699,1.0,0.794,0.816,1e-05,0.82,0.821,164,Accuracy,higher,final,0
574,0.6548265218734741,0.7657093405723572,0.7312211394309998,1.0,0.794,0.816,1e-05,0.82,0.821,164,Accuracy,higher,final,0
575,0.5652289390563965,0.7657052278518677,0.731217622756958,1.0,0.794,0.816,1e-05,0.82,0.821,164,Accuracy,higher,final,0
576,0.5714203715324402,0.7657020092010498,0.731215238571167,1.0,0.794,0.816,1e-05,0.82,0.821,164,Accuracy,higher,final,0
577,0.6667705178260803,0.7656976580619812,0.7312119007110596,1.0,0.794,0.816,1e-05,0.82,0.821,164,Accuracy,higher,final,0
578,0.5222741365432739,0.7656952738761902,0.7312101721763611,1.0,0.794,0.816,1e-05,0.82,0.821,164,Accuracy,higher,final,0
579,0.6352641582489014,0.7656984925270081,0.731213390827179,1.0,0.794,0.816,1e-05,0.82,0.821,164,Accuracy,higher,final,0
580,0.5987111926078796,0.7657018899917603,0.731216549873352,1.0,0.794,0.816,1e-05,0.82,0.821,164,Accuracy,higher,final,0
581,0.6595901250839233,0.7657061219215393,0.7312203645706177,1.0,0.794,0.816,1e-05,0.82,0.821,164,Accuracy,higher,final,0
582,0.5947734117507935,0.7657130360603333,0.7312268018722534,1.0,0.794,0.816,1e-05,0.82,0.821,164,Accuracy,higher,final,0
583,0.6023893356323242,0.7657168507575989,0.7312307357788086,1.0,0.794,0.816,1e-05,0.82,0.821,164,Accuracy,higher,final,0
584,0.5188366770744324,0.7657186985015869,0.731232762336731,1.0,0.794,0.816,1e-05,0.82,0.821,164,Accuracy,higher,final,0
585,0.625992476940155,0.7657227516174316,0.7312368154525757,1.0,0.794,0.816,1e-05,0.82,0.821,164,Accuracy,higher,final,0
586,0.6214222311973572,0.7657257914543152,0.7312397956848145,1.0,0.794,0.816,1e-05,0.82,0.821,164,Accuracy,higher,final,0
587,0.554903507232666,0.76573246717453,0.7312461733818054,1.0,0.794,0.816,1e-05,0.82,0.821,164,Accuracy,higher,final,0
588,0.5768672227859497,0.7657374143600464,0.7312510013580322,1.0,0.794,0.816,1e-05,0.82,0.821,164,Accuracy,higher,final,0
589,0.589282214641571,0.7657389044761658,0.7312526702880859,1.0,0.794,0.816,1e-05,0.82,0.821,164,Accuracy,higher,final,0
590,0.6600046157836914,0.7657369375228882,0.7312512397766113,1.0,0.794,0.816,1e-05,0.82,0.821,164,Accuracy,higher,final,0
591,0.5553024411201477,0.7657309770584106,0.7312461733818054,1.0,0.794,0.816,1e-05,0.82,0.821,164,Accuracy,higher,final,0
592,0.6023783087730408,0.7657251954078674,0.7312412261962891,1.0,0.794,0.816,1e-05,0.82,0.821,164,Accuracy,higher,final,0
593,0.5751408934593201,0.7657214403152466,0.7312381863594055,1.0,0.794,0.816,1e-05,0.82,0.821,164,Accuracy,higher,final,0
594,0.5300219058990479,0.7657133936882019,0.7312310934066772,1.0,0.794,0.816,1e-05,0.82,0.821,164,Accuracy,higher,final,0
595,0.548051655292511,0.7657058238983154,0.7312241792678833,1.0,0.794,0.816,1e-05,0.82,0.821,164,Accuracy,higher,final,0
596,0.6509948372840881,0.7656930685043335,0.7312124371528625,1.0,0.794,0.816,1e-05,0.82,0.821,164,Accuracy,higher,final,0
597,0.6100560426712036,0.7656804919242859,0.7312009334564209,1.0,0.794,0.816,1e-05,0.82,0.821,164,Accuracy,higher,final,0
598,0.5985206365585327,0.7656667232513428,0.7311883568763733,1.0,0.794,0.816,1e-05,0.82,0.821,164,Accuracy,higher,final,0
599,0.5881055593490601,0.7656540870666504,0.7311765551567078,1.0,0.794,0.816,1e-05,0.82,0.821,164,Accuracy,higher,final,0
600,0.611164391040802,0.7656425833702087,0.7311657667160034,1.0,0.794,0.816,1e-05,0.82,0.821,164,Accuracy,higher,final,0
601,0.5799708962440491,0.7656354904174805,0.7311590313911438,1.0,0.794,0.815,1e-05,0.82,0.821,164,Accuracy,higher,final,0
602,0.5811650156974792,0.7656290531158447,0.731153130531311,1.0,0.794,0.815,1e-05,0.82,0.821,164,Accuracy,higher,final,0
603,0.6606644988059998,0.7656193971633911,0.7311444282531738,1.0,0.794,0.815,1e-05,0.82,0.821,164,Accuracy,higher,final,0
604,0.6076250076293945,0.7656106352806091,0.7311366200447083,1.0,0.794,0.816,1e-05,0.82,0.821,164,Accuracy,higher,final,0
605,0.5275704860687256,0.7655996680259705,0.7311269640922546,1.0,0.794,0.816,1e-05,0.82,0.821,164,Accuracy,higher,final,0
606,0.5510709285736084,0.7655845880508423,0.7311137914657593,1.0,0.794,0.816,1e-05,0.82,0.821,164,Accuracy,higher,final,0
607,0.5384573936462402,0.7655763626098633,0.7311064600944519,1.0,0.794,0.816,1e-05,0.82,0.821,164,Accuracy,higher,final,0
608,0.5099881887435913,0.7655668258666992,0.7310976386070251,1.0,0.794,0.816,1e-05,0.82,0.821,164,Accuracy,higher,final,0
609,0.5746060013771057,0.7655589580535889,0.7310901880264282,1.0,0.794,0.816,1e-05,0.82,0.821,164,Accuracy,higher,final,0
610,0.541804850101471,0.7655535936355591,0.731084942817688,1.0,0.794,0.816,1e-05,0.82,0.821,164,Accuracy,higher,final,0
611,0.5467968583106995,0.765547513961792,0.7310787439346313,1.0,0.794,0.816,1e-05,0.82,0.821,164,Accuracy,higher,final,0
612,0.6410410404205322,0.7655404210090637,0.7310717105865479,1.0,0.794,0.816,1e-05,0.82,0.821,164,Accuracy,higher,final,0
613,0.6102815270423889,0.7655311226844788,0.7310628890991211,1.0,0.794,0.816,1e-05,0.82,0.821,164,Accuracy,higher,final,0
614,0.5782379508018494,0.7655239701271057,0.7310559153556824,1.0,0.796,0.816,1e-05,0.82,0.821,164,Accuracy,higher,final,0
615,0.6880436539649963,0.7655187845230103,0.7310507297515869,1.0,0.796,0.816,1e-05,0.82,0.821,164,Accuracy,higher,final,0
616,0.6242113709449768,0.7655206322669983,0.7310516238212585,1.0,0.796,0.816,1e-05,0.82,0.821,164,Accuracy,higher,final,0
617,0.6075000762939453,0.765519380569458,0.7310499548912048,1.0,0.796,0.816,1e-05,0.82,0.821,164,Accuracy,higher,final,0
618,0.5834024548530579,0.7655208706855774,0.7310503125190735,1.0,0.796,0.816,1e-05,0.82,0.821,164,Accuracy,higher,final,0
619,0.48627135157585144,0.7655201554298401,0.7310487031936646,1.0,0.796,0.816,1e-05,0.82,0.821,164,Accuracy,higher,final,0
620,0.5940495729446411,0.7655161023139954,0.731044352054596,1.0,0.796,0.816,1e-05,0.82,0.821,164,Accuracy,higher,final,0
621,0.6285464763641357,0.7655162215232849,0.73104327917099,1.0,0.796,0.816,1e-05,0.82,0.821,164,Accuracy,higher,final,0
622,0.6612300872802734,0.7655161023139954,0.7310417294502258,1.0,0.796,0.816,1e-05,0.82,0.821,164,Accuracy,higher,final,0
623,0.6887624263763428,0.7655175924301147,0.7310417294502258,1.0,0.796,0.816,1e-05,0.82,0.821,164,Accuracy,higher,final,0
624,0.642073392868042,0.7655155062675476,0.7310388684272766,1.0,0.796,0.816,1e-05,0.82,0.821,164,Accuracy,higher,final,0
625,0.7190859317779541,0.7655147910118103,0.7310372591018677,1.0,0.796,0.816,1e-05,0.82,0.821,164,Accuracy,higher,final,0
626,0.5747729539871216,0.7655109763145447,0.7310330271720886,1.0,0.796,0.816,1e-05,0.82,0.821,164,Accuracy,higher,final,0
627,0.5635601878166199,0.7655078172683716,0.731029748916626,1.0,0.796,0.817,1e-05,0.82,0.821,164,Accuracy,higher,final,0
628,0.6242125630378723,0.7654985189437866,0.7310208678245544,1.0,0.796,0.817,1e-05,0.82,0.821,164,Accuracy,higher,final,0
629,0.578052818775177,0.7654900550842285,0.7310130000114441,1.0,0.796,0.817,1e-05,0.82,0.821,164,Accuracy,higher,final,0
630,0.6624848246574402,0.7654781341552734,0.7310022115707397,1.0,0.796,0.817,1e-05,0.82,0.821,164,Accuracy,higher,final,0
631,0.6513671875,0.7654713988304138,0.7309958934783936,1.0,0.796,0.817,1e-05,0.82,0.821,164,Accuracy,higher,final,0
632,0.7002509236335754,0.7654649615287781,0.7309897541999817,1.0,0.796,0.817,1e-05,0.82,0.821,164,Accuracy,higher,final,0
633,0.5385797023773193,0.7654579281806946,0.7309833765029907,1.0,0.796,0.817,1e-05,0.82,0.821,164,Accuracy,higher,final,0
634,0.539456307888031,0.7654522657394409,0.7309783697128296,1.0,0.796,0.817,1e-05,0.82,0.821,164,Accuracy,higher,final,0
635,0.6091912388801575,0.7654497027397156,0.7309762239456177,1.0,0.796,0.817,1e-05,0.82,0.821,164,Accuracy,higher,final,0
636,0.6695203185081482,0.7654474973678589,0.7309744954109192,1.0,0.796,0.817,1e-05,0.82,0.821,164,Accuracy,higher,final,0
637,0.5903529524803162,0.7654457688331604,0.7309727668762207,1.0,0.796,0.817,1e-05,0.82,0.821,164,Accuracy,higher,final,0
638,0.5424622297286987,0.7654449343681335,0.7309715747833252,1.0,0.796,0.817,1e-05,0.82,0.821,164,Accuracy,higher,final,0
639,0.6069086790084839,0.7654432654380798,0.7309696078300476,1.0,0.796,0.817,1e-05,0.82,0.821,164,Accuracy,higher,final,0
640,0.6044244170188904,0.7654369473457336,0.7309635281562805,1.0,0.796,0.817,1e-05,0.82,0.821,164,Accuracy,higher,final,0
641,0.5831591486930847,0.7654353976249695,0.7309616804122925,1.0,0.796,0.817,1e-05,0.82,0.821,164,Accuracy,higher,final,0
642,0.5920976400375366,0.7654394507408142,0.7309649586677551,1.0,0.796,0.817,1e-05,0.82,0.821,164,Accuracy,higher,final,0
643,0.5062065124511719,0.7654420137405396,0.7309668064117432,1.0,0.796,0.817,1e-05,0.82,0.821,164,Accuracy,higher,final,0
644,0.5816727876663208,0.7654452919960022,0.730969250202179,1.0,0.796,0.817,1e-05,0.82,0.821,164,Accuracy,higher,final,0
645,0.6262785792350769,0.7654499411582947,0.7309731245040894,1.0,0.796,0.817,1e-05,0.82,0.821,164,Accuracy,higher,final,0
646,0.5838655829429626,0.765451192855835,0.7309741377830505,1.0,0.796,0.817,1e-05,0.82,0.821,164,Accuracy,higher,final,0
647,0.6060544848442078,0.7654509544372559,0.7309738397598267,1.0,0.796,0.817,1e-05,0.82,0.821,164,Accuracy,higher,final,0
648,0.5995741486549377,0.7654509544372559,0.7309734225273132,1.0,0.796,0.817,1e-05,0.82,0.821,164,Accuracy,higher,final,0
649,0.6267892122268677,0.7654485106468201,0.7309707999229431,1.0,0.796,0.817,1e-05,0.82,0.821,164,Accuracy,higher,final,0
650,0.6358380913734436,0.7654459476470947,0.7309678792953491,1.0,0.796,0.817,1e-05,0.82,0.821,164,Accuracy,higher,final,0
651,0.5564050674438477,0.765446662902832,0.7309681177139282,1.0,0.796,0.817,1e-05,0.82,0.821,164,Accuracy,higher,final,0
652,0.5623353123664856,0.7654470205307007,0.730968177318573,1.0,0.796,0.817,1e-05,0.82,0.821,164,Accuracy,higher,final,0
653,0.5862115025520325,0.7654469013214111,0.7309677600860596,1.0,0.796,0.817,1e-05,0.82,0.821,164,Accuracy,higher,final,0
654,0.6539564728736877,0.7654416561126709,0.7309626340866089,1.0,0.796,0.817,1e-05,0.82,0.821,164,Accuracy,higher,final,0
655,0.6654710173606873,0.7654350399971008,0.7309563159942627,1.0,0.796,0.817,1e-05,0.82,0.821,164,Accuracy,higher,final,0
656,0.6233691573143005,0.7654315233230591,0.7309523820877075,1.0,0.796,0.817,1e-05,0.82,0.821,164,Accuracy,higher,final,0
657,0.5703846216201782,0.7654274702072144,0.7309482097625732,1.0,0.796,0.817,1e-05,0.82,0.821,164,Accuracy,higher,final,0
658,0.4574672281742096,0.7654209733009338,0.730941653251648,1.0,0.796,0.817,1e-05,0.82,0.821,164,Accuracy,higher,final,0
659,0.4895346462726593,0.7654150128364563,0.7309356927871704,1.0,0.796,0.817,1e-05,0.82,0.821,164,Accuracy,higher,final,0
660,0.6216822862625122,0.7654100060462952,0.7309305667877197,1.0,0.796,0.817,1e-05,0.82,0.821,164,Accuracy,higher,final,0
661,0.6021477580070496,0.7654086351394653,0.730928361415863,1.0,0.796,0.817,1e-05,0.82,0.821,164,Accuracy,higher,final,0
662,0.5630264282226562,0.7654074430465698,0.7309263944625854,1.0,0.796,0.817,1e-05,0.82,0.821,164,Accuracy,higher,final,0
663,0.616053581237793,0.7654039263725281,0.7309222221374512,1.0,0.796,0.817,1e-05,0.82,0.821,164,Accuracy,higher,final,0
664,0.6249381899833679,0.7653967142105103,0.7309148907661438,1.0,0.796,0.817,1e-05,0.82,0.821,164,Accuracy,higher,final,0
665,0.5999570488929749,0.7653899788856506,0.730908215045929,1.0,0.796,0.817,1e-05,0.82,0.821,164,Accuracy,higher,final,0
666,0.5497167706489563,0.7653878927230835,0.730905294418335,1.0,0.796,0.817,1e-05,0.82,0.821,164,Accuracy,higher,final,0
667,0.6304500102996826,0.7653835415840149,0.7309006452560425,1.0,0.796,0.817,1e-05,0.82,0.821,164,Accuracy,higher,final,0
668,0.6253265142440796,0.7653836607933044,0.7309001684188843,1.0,0.796,0.817,1e-05,0.82,0.821,164,Accuracy,higher,final,0
669,0.7082306742668152,0.7653861045837402,0.7309019565582275,1.0,0.796,0.817,1e-05,0.82,0.821,164,Accuracy,higher,final,0
670,0.5728933215141296,0.7653796672821045,0.7308956980705261,1.0,0.796,0.817,1e-05,0.82,0.821,164,Accuracy,higher,final,0
671,0.672579288482666,0.7653754949569702,0.7308915257453918,1.0,0.796,0.817,1e-05,0.82,0.821,164,Accuracy,higher,final,0
672,0.6100003123283386,0.7653748989105225,0.7308905124664307,1.0,0.796,0.817,1e-05,0.82,0.821,164,Accuracy,higher,final,0
673,0.6566885709762573,0.7653784155845642,0.7308931946754456,1.0,0.796,0.817,1e-05,0.82,0.821,164,Accuracy,higher,final,0
674,0.6534693837165833,0.7653835415840149,0.7308971881866455,1.0,0.796,0.817,1e-05,0.82,0.821,164,Accuracy,higher,final,0
675,0.6013708710670471,0.7653819918632507,0.7308952808380127,1.0,0.796,0.817,1e-05,0.82,0.821,164,Accuracy,higher,final,0
676,0.6926660537719727,0.7653855681419373,0.7308981418609619,1.0,0.796,0.817,1e-05,0.82,0.821,164,Accuracy,higher,final,0
677,0.6463429927825928,0.7653841972351074,0.7308965921401978,1.0,0.796,0.817,1e-05,0.82,0.821,164,Accuracy,higher,final,0
678,0.6038667559623718,0.7653898000717163,0.7309015393257141,1.0,0.796,0.817,1e-05,0.82,0.821,164,Accuracy,higher,final,0
679,0.5950957536697388,0.7653924226760864,0.7309041619300842,1.0,0.796,0.817,1e-05,0.82,0.821,164,Accuracy,higher,final,0
680,0.5563383102416992,0.7654023170471191,0.7309130430221558,1.0,0.796,0.817,1e-05,0.82,0.821,164,Accuracy,higher,final,0
681,0.6480083465576172,0.7654067873954773,0.7309170365333557,1.0,0.796,0.817,1e-05,0.82,0.821,164,Accuracy,higher,final,0
682,0.6117765307426453,0.7654158473014832,0.7309249043464661,1.0,0.796,0.817,1e-05,0.82,0.821,164,Accuracy,higher,final,0
683,0.6377254128456116,0.765425980091095,0.7309339642524719,1.0,0.796,0.817,1e-05,0.82,0.821,164,Accuracy,higher,final,0
684,0.7275447249412537,0.7654344439506531,0.7309410572052002,1.0,0.796,0.817,1e-05,0.82,0.821,164,Accuracy,higher,final,0
685,0.6105846166610718,0.7654426097869873,0.7309479713439941,1.0,0.796,0.817,1e-05,0.82,0.821,164,Accuracy,higher,final,0
686,0.5307878851890564,0.7654442191123962,0.7309491038322449,1.0,0.796,0.817,1e-05,0.82,0.821,164,Accuracy,higher,final,0
687,0.6809375286102295,0.7654469609260559,0.7309508919715881,1.0,0.796,0.817,1e-05,0.82,0.821,164,Accuracy,higher,final,0
688,0.6252859830856323,0.7654504179954529,0.7309532761573792,1.0,0.796,0.817,1e-05,0.82,0.821,164,Accuracy,higher,final,0
689,0.6234545111656189,0.765451967716217,0.7309539318084717,1.0,0.796,0.817,1e-05,0.82,0.821,164,Accuracy,higher,final,0
690,0.550446093082428,0.7654549479484558,0.7309558391571045,1.0,0.796,0.817,1e-05,0.82,0.821,164,Accuracy,higher,final,0
691,0.6305875778198242,0.7654561996459961,0.7309564352035522,1.0,0.796,0.817,1e-05,0.82,0.821,164,Accuracy,higher,final,0
692,0.6306431889533997,0.7654492259025574,0.7309495806694031,1.0,0.796,0.817,1e-05,0.82,0.821,164,Accuracy,higher,final,0
693,0.5735086798667908,0.7654477953910828,0.7309473752975464,1.0,0.796,0.817,1e-05,0.82,0.821,164,Accuracy,higher,final,0
694,0.6167953610420227,0.7654432654380798,0.7309423685073853,1.0,0.796,0.817,1e-05,0.82,0.821,164,Accuracy,higher,final,0
695,0.6043041348457336,0.7654374837875366,0.7309368848800659,1.0,0.796,0.817,1e-05,0.82,0.821,164,Accuracy,higher,final,0
696,0.632438063621521,0.765424907207489,0.7309253811836243,1.0,0.796,0.817,1e-05,0.82,0.821,164,Accuracy,higher,final,0
697,0.5814977288246155,0.765417218208313,0.7309184670448303,1.0,0.796,0.817,1e-05,0.82,0.821,164,Accuracy,higher,final,0
698,0.652677595615387,0.7654144763946533,0.7309161424636841,1.0,0.796,0.817,1e-05,0.82,0.821,164,Accuracy,higher,final,0
699,0.6599127650260925,0.7654122114181519,0.730914294719696,1.0,0.796,0.817,1e-05,0.82,0.821,164,Accuracy,higher,final,0
700,0.6386539936065674,0.7654106616973877,0.7309131026268005,1.0,0.796,0.817,1e-05,0.82,0.821,164,Accuracy,higher,final,0
701,0.6485929489135742,0.7654087543487549,0.7309114933013916,1.0,0.796,0.817,1e-05,0.82,0.821,164,Accuracy,higher,final,0
702,0.5570166707038879,0.7654061317443848,0.7309092879295349,1.0,0.796,0.817,1e-05,0.82,0.821,164,Accuracy,higher,final,0
703,0.6401678919792175,0.7654032111167908,0.7309068441390991,1.0,0.796,0.817,1e-05,0.82,0.821,164,Accuracy,higher,final,0
704,0.5898032784461975,0.76540207862854,0.7309061288833618,1.0,0.796,0.817,1e-05,0.82,0.821,164,Accuracy,higher,final,0
705,0.5840380191802979,0.7653974890708923,0.7309021353721619,1.0,0.796,0.817,1e-05,0.82,0.821,164,Accuracy,higher,final,0
706,0.6336182951927185,0.7653931975364685,0.730898380279541,1.0,0.796,0.817,1e-05,0.82,0.821,164,Accuracy,higher,final,0
707,0.6269547343254089,0.7653935551643372,0.7308984398841858,1.0,0.796,0.817,1e-05,0.82,0.821,164,Accuracy,higher,final,0
708,0.44867265224456787,0.7653909921646118,0.7308959364891052,1.0,0.796,0.817,1e-05,0.82,0.821,164,Accuracy,higher,final,0
709,0.6544198393821716,0.7653911709785461,0.7308961153030396,1.0,0.796,0.817,1e-05,0.82,0.821,164,Accuracy,higher,final,0
710,0.5733304619789124,0.7653946280479431,0.7308990359306335,1.0,0.796,0.817,1e-05,0.82,0.821,164,Accuracy,higher,final,0
711,0.5675010681152344,0.7653999924659729,0.7309038043022156,1.0,0.796,0.817,1e-05,0.82,0.821,164,Accuracy,higher,final,0
712,0.6498028635978699,0.7653993964195251,0.7309032082557678,1.0,0.796,0.817,1e-05,0.82,0.821,164,Accuracy,higher,final,0
713,0.5828669667243958,0.7653940916061401,0.7308986186981201,1.0,0.796,0.817,1e-05,0.82,0.821,164,Accuracy,higher,final,0
714,0.5561838150024414,0.7653917074203491,0.7308965921401978,1.0,0.796,0.817,1e-05,0.82,0.821,164,Accuracy,higher,final,0
715,0.6488256454467773,0.7653893828392029,0.7308951616287231,1.0,0.796,0.817,1e-05,0.82,0.821,164,Accuracy,higher,final,0
716,0.6106223464012146,0.765383780002594,0.7308907508850098,1.0,0.796,0.817,1e-05,0.82,0.821,164,Accuracy,higher,final,0
717,0.6605290174484253,0.7653754949569702,0.7308836579322815,1.0,0.796,0.817,1e-05,0.82,0.821,164,Accuracy,higher,final,0
718,0.6353826522827148,0.765368640422821,0.7308774590492249,1.0,0.796,0.817,1e-05,0.82,0.821,164,Accuracy,higher,final,0
719,0.5910013318061829,0.7653672099113464,0.7308759689331055,1.0,0.796,0.817,1e-05,0.82,0.821,164,Accuracy,higher,final,0
720,0.5860893130302429,0.765364408493042,0.7308734059333801,1.0,0.796,0.817,1e-05,0.82,0.821,164,Accuracy,higher,final,0
721,0.5827454924583435,0.7653606534004211,0.7308700084686279,1.0,0.796,0.817,1e-05,0.82,0.821,164,Accuracy,higher,final,0
722,0.5611664652824402,0.7653517127037048,0.7308620810508728,1.0,0.796,0.817,1e-05,0.82,0.821,164,Accuracy,higher,final,0
723,0.5898952484130859,0.7653462886810303,0.7308569550514221,1.0,0.796,0.817,1e-05,0.82,0.821,164,Accuracy,higher,final,0
724,0.5616956353187561,0.7653354406356812,0.7308470606803894,1.0,0.796,0.817,1e-05,0.82,0.821,164,Accuracy,higher,final,0
725,0.5912619233131409,0.7653229832649231,0.7308356761932373,1.0,0.796,0.817,1e-05,0.82,0.821,164,Accuracy,higher,final,0
726,0.6619601249694824,0.7653151154518127,0.7308284640312195,1.0,0.796,0.817,1e-05,0.82,0.821,164,Accuracy,higher,final,0
727,0.612389862537384,0.765306293964386,0.7308204174041748,1.0,0.796,0.817,1e-05,0.82,0.821,164,Accuracy,higher,final,0
728,0.7114497423171997,0.7652961611747742,0.7308117747306824,1.0,0.796,0.817,1e-05,0.82,0.821,164,Accuracy,higher,final,0
729,0.5696238875389099,0.7652886509895325,0.7308053374290466,1.0,0.796,0.817,1e-05,0.82,0.821,164,Accuracy,higher,final,0
730,0.6385963559150696,0.7652798295021057,0.7307977080345154,1.0,0.796,0.817,1e-05,0.82,0.821,164,Accuracy,higher,final,0
731,0.6786333322525024,0.7652702927589417,0.7307891845703125,1.0,0.796,0.817,1e-05,0.82,0.821,164,Accuracy,higher,final,0
732,0.5616788864135742,0.7652579545974731,0.7307780981063843,1.0,0.796,0.817,1e-05,0.82,0.821,164,Accuracy,higher,final,0
733,0.626201331615448,0.7652488946914673,0.7307697534561157,1.0,0.796,0.817,1e-05,0.82,0.821,164,Accuracy,higher,final,0
734,0.6677678227424622,0.7652379274368286,0.7307596802711487,1.0,0.796,0.817,1e-05,0.82,0.821,164,Accuracy,higher,final,0
735,0.6434535980224609,0.7652323246002197,0.7307541370391846,1.0,0.796,0.817,1e-05,0.82,0.821,164,Accuracy,higher,final,0
736,0.6427861452102661,0.7652323246002197,0.7307537198066711,1.0,0.796,0.817,1e-05,0.82,0.821,164,Accuracy,higher,final,0
737,0.5181098580360413,0.7652317881584167,0.7307528257369995,1.0,0.796,0.817,1e-05,0.82,0.821,164,Accuracy,higher,final,0
738,0.6203137636184692,0.7652319073677063,0.7307524085044861,1.0,0.796,0.817,1e-05,0.82,0.821,164,Accuracy,higher,final,0
739,0.5394413471221924,0.7652275562286377,0.730748176574707,1.0,0.796,0.817,1e-05,0.82,0.821,164,Accuracy,higher,final,0
740,0.5509853959083557,0.7652211785316467,0.7307420372962952,1.0,0.796,0.816,1e-05,0.82,0.821,164,Accuracy,higher,final,0
741,0.6192624568939209,0.7652172446250916,0.7307380437850952,1.0,0.796,0.816,1e-05,0.82,0.821,164,Accuracy,higher,final,0
742,0.6240027546882629,0.765213131904602,0.7307336330413818,1.0,0.796,0.816,1e-05,0.82,0.821,164,Accuracy,higher,final,0
743,0.551967203617096,0.7652032375335693,0.7307240962982178,1.0,0.796,0.816,1e-05,0.82,0.821,164,Accuracy,higher,final,0
744,0.6043311953544617,0.7651949524879456,0.7307161688804626,1.0,0.796,0.817,1e-05,0.82,0.821,164,Accuracy,higher,final,0
745,0.632710337638855,0.7651879191398621,0.7307093739509583,1.0,0.796,0.817,1e-05,0.82,0.821,164,Accuracy,higher,final,0
746,0.6368610262870789,0.7651850581169128,0.7307066917419434,1.0,0.796,0.817,1e-05,0.82,0.821,164,Accuracy,higher,final,0
747,0.5205470323562622,0.7651822566986084,0.7307039499282837,1.0,0.796,0.817,1e-05,0.82,0.821,164,Accuracy,higher,final,0
748,0.5224094986915588,0.7651804685592651,0.7307021021842957,1.0,0.796,0.817,1e-05,0.82,0.821,164,Accuracy,higher,final,0
749,0.598054826259613,0.7651779651641846,0.7306995987892151,1.0,0.796,0.817,1e-05,0.82,0.821,164,Accuracy,higher,final,0
750,0.6868571043014526,0.7651729583740234,0.7306952476501465,1.0,0.796,0.817,1e-05,0.82,0.821,164,Accuracy,higher,final,0
751,0.5516684651374817,0.7651674151420593,0.730690062046051,1.0,0.796,0.817,1e-05,0.82,0.821,164,Accuracy,higher,final,0
752,0.5101535320281982,0.7651652693748474,0.7306877374649048,1.0,0.796,0.817,1e-05,0.82,0.821,164,Accuracy,higher,final,0
753,0.4645252823829651,0.7651628255844116,0.7306850552558899,1.0,0.796,0.818,1e-05,0.82,0.821,164,Accuracy,higher,final,0
754,0.5854582786560059,0.7651611566543579,0.7306827306747437,1.0,0.796,0.818,1e-05,0.82,0.821,164,Accuracy,higher,final,0
755,0.5542851686477661,0.7651562690734863,0.730677604675293,1.0,0.796,0.818,1e-05,0.82,0.821,164,Accuracy,higher,final,0
756,0.6939588189125061,0.7651474475860596,0.7306689620018005,1.0,0.796,0.818,1e-05,0.82,0.821,164,Accuracy,higher,final,0
757,0.6268802285194397,0.7651326656341553,0.7306552529335022,1.0,0.796,0.818,1e-05,0.82,0.821,164,Accuracy,higher,final,0
758,0.5305453538894653,0.7651174068450928,0.7306413650512695,1.0,0.796,0.818,1e-05,0.82,0.821,164,Accuracy,higher,final,0
759,0.5520821809768677,0.7651048302650452,0.7306297421455383,1.0,0.796,0.818,1e-05,0.82,0.821,164,Accuracy,higher,final,0
760,0.5784759521484375,0.7651016712188721,0.73062664270401,1.0,0.796,0.818,1e-05,0.82,0.821,164,Accuracy,higher,final,0
761,0.604825496673584,0.7650984525680542,0.7306236624717712,1.0,0.796,0.818,1e-05,0.82,0.821,164,Accuracy,higher,final,0
762,0.6731719374656677,0.7650933861732483,0.7306187748908997,1.0,0.796,0.818,1e-05,0.82,0.821,164,Accuracy,higher,final,0
763,0.6835575699806213,0.7650874257087708,0.7306128144264221,1.0,0.796,0.818,1e-05,0.82,0.821,164,Accuracy,higher,final,0
764,0.6079439520835876,0.7650784254074097,0.730604350566864,1.0,0.796,0.818,1e-05,0.82,0.821,164,Accuracy,higher,final,0
765,0.5854558944702148,0.7650641202926636,0.730591356754303,1.0,0.796,0.818,1e-05,0.82,0.821,164,Accuracy,higher,final,0
766,0.6176581978797913,0.7650493383407593,0.7305779457092285,1.0,0.796,0.818,1e-05,0.82,0.821,164,Accuracy,higher,final,0
767,0.6157878041267395,0.7650415301322937,0.7305707931518555,1.0,0.796,0.818,1e-05,0.82,0.821,164,Accuracy,higher,final,0
768,0.5734741687774658,0.765034019947052,0.7305638194084167,1.0,0.796,0.818,1e-05,0.82,0.821,164,Accuracy,higher,final,0
769,0.6030880808830261,0.7650314569473267,0.7305612564086914,1.0,0.796,0.818,1e-05,0.82,0.821,164,Accuracy,higher,final,0
770,0.5829091668128967,0.7650293707847595,0.7305589914321899,1.0,0.796,0.818,1e-05,0.82,0.821,164,Accuracy,higher,final,0
771,0.5999270677566528,0.7650280594825745,0.7305576205253601,1.0,0.796,0.818,1e-05,0.82,0.821,164,Accuracy,higher,final,0
772,0.5779617428779602,0.7650151252746582,0.7305456399917603,1.0,0.796,0.818,1e-05,0.82,0.821,164,Accuracy,higher,final,0
773,0.5709229707717896,0.7650044560432434,0.7305361032485962,1.0,0.796,0.818,1e-05,0.82,0.821,164,Accuracy,higher,final,0
774,0.5443874001502991,0.7649930715560913,0.730525553226471,1.0,0.796,0.818,1e-05,0.82,0.821,164,Accuracy,higher,final,0
775,0.5442161560058594,0.7649825811386108,0.7305156588554382,1.0,0.796,0.818,1e-05,0.82,0.821,164,Accuracy,higher,final,0
776,0.556846022605896,0.7649698257446289,0.7305037379264832,1.0,0.796,0.818,1e-05,0.82,0.821,164,Accuracy,higher,final,0
777,0.5333425402641296,0.7649579644203186,0.7304924130439758,1.0,0.796,0.818,1e-05,0.82,0.821,164,Accuracy,higher,final,0
778,0.6335452198982239,0.7649445533752441,0.7304800152778625,1.0,0.796,0.818,1e-05,0.82,0.821,164,Accuracy,higher,final,0
779,0.6694490909576416,0.7649359107017517,0.7304719686508179,1.0,0.796,0.818,1e-05,0.82,0.821,164,Accuracy,higher,final,0
780,0.4941706955432892,0.7649283409118652,0.7304646968841553,1.0,0.796,0.818,1e-05,0.82,0.821,164,Accuracy,higher,final,0
781,0.5919963121414185,0.7649198174476624,0.7304562330245972,1.0,0.796,0.818,1e-05,0.82,0.821,164,Accuracy,higher,final,0
782,0.49929842352867126,0.7649136781692505,0.730450451374054,1.0,0.796,0.818,1e-05,0.82,0.821,164,Accuracy,higher,final,0
783,0.7050111889839172,0.7649081945419312,0.7304452657699585,1.0,0.796,0.818,1e-05,0.82,0.821,164,Accuracy,higher,final,0
784,0.5336146950721741,0.7649059891700745,0.730443000793457,1.0,0.796,0.818,1e-05,0.82,0.821,164,Accuracy,higher,final,0
785,0.5942538380622864,0.7649027109146118,0.7304394245147705,1.0,0.796,0.818,1e-05,0.82,0.821,164,Accuracy,higher,final,0
786,0.6193875074386597,0.7649064660072327,0.7304428815841675,1.0,0.796,0.818,1e-05,0.82,0.821,164,Accuracy,higher,final,0
787,0.5841928720474243,0.7649070024490356,0.7304432392120361,1.0,0.796,0.818,1e-05,0.82,0.821,164,Accuracy,higher,final,0
788,0.6478378176689148,0.7649039030075073,0.7304403781890869,1.0,0.796,0.818,1e-05,0.82,0.821,164,Accuracy,higher,final,0
789,0.6053292751312256,0.7648980021476746,0.7304348349571228,1.0,0.796,0.818,1e-05,0.82,0.821,164,Accuracy,higher,final,0
790,0.5244332551956177,0.7648965120315552,0.7304332256317139,1.0,0.796,0.818,1e-05,0.82,0.821,164,Accuracy,higher,final,0
791,0.5390422940254211,0.7648978233337402,0.730434238910675,1.0,0.796,0.818,1e-05,0.82,0.821,164,Accuracy,higher,final,0
792,0.6747375726699829,0.7648975253105164,0.7304336428642273,1.0,0.796,0.818,1e-05,0.82,0.821,164,Accuracy,higher,final,0
793,0.5803900361061096,0.764897346496582,0.7304331064224243,1.0,0.796,0.818,1e-05,0.82,0.821,164,Accuracy,higher,final,0
794,0.5260607004165649,0.7648934125900269,0.7304290533065796,1.0,0.796,0.818,1e-05,0.82,0.821,164,Accuracy,higher,final,0
795,0.6357861161231995,0.7648906111717224,0.7304256558418274,1.0,0.796,0.818,1e-05,0.82,0.821,164,Accuracy,higher,final,0
796,0.6867696642875671,0.7648882865905762,0.7304224967956543,1.0,0.796,0.818,1e-05,0.82,0.821,164,Accuracy,higher,final,0
797,0.5337883234024048,0.7648894190788269,0.7304221391677856,1.0,0.796,0.818,1e-05,0.82,0.821,164,Accuracy,higher,final,0
798,0.5895290970802307,0.7648918628692627,0.730423092842102,1.0,0.796,0.818,1e-05,0.82,0.821,164,Accuracy,higher,final,0
799,0.6010698676109314,0.7648954391479492,0.7304253578186035,1.0,0.796,0.818,1e-05,0.82,0.821,164,Accuracy,higher,final,0
800,0.6474189758300781,0.7649025917053223,0.7304307818412781,1.0,0.796,0.818,1e-05,0.82,0.821,164,Accuracy,higher,final,0
801,0.6534009575843811,0.7649080753326416,0.730435311794281,1.0,0.796,0.818,1e-05,0.82,0.821,164,Accuracy,higher,final,0
802,0.6117398738861084,0.764912486076355,0.7304385900497437,1.0,0.796,0.818,1e-05,0.82,0.821,164,Accuracy,higher,final,0
803,0.6729270815849304,0.7649178504943848,0.7304424047470093,1.0,0.796,0.818,1e-05,0.82,0.821,164,Accuracy,higher,final,0
804,0.49225786328315735,0.7649178504943848,0.7304414510726929,1.0,0.796,0.818,1e-05,0.82,0.821,164,Accuracy,higher,final,0
805,0.516165554523468,0.764918327331543,0.7304409146308899,1.0,0.796,0.818,1e-05,0.82,0.821,164,Accuracy,higher,final,0
806,0.566630482673645,0.7649189233779907,0.730440616607666,1.0,0.796,0.818,1e-05,0.82,0.821,164,Accuracy,higher,final,0
807,0.5576276183128357,0.7649239301681519,0.7304441332817078,1.0,0.796,0.818,1e-05,0.82,0.821,164,Accuracy,higher,final,0
808,0.5600925087928772,0.7649280428886414,0.730446994304657,1.0,0.796,0.818,1e-05,0.82,0.821,164,Accuracy,higher,final,0
809,0.6344379782676697,0.76493239402771,0.7304498553276062,1.0,0.796,0.818,1e-05,0.82,0.821,164,Accuracy,higher,final,0
810,0.6164261698722839,0.7649312615394592,0.7304482460021973,1.0,0.796,0.817,1e-05,0.82,0.821,164,Accuracy,higher,final,0
811,0.6163282990455627,0.7649306654930115,0.7304468750953674,1.0,0.796,0.817,1e-05,0.82,0.821,164,Accuracy,higher,final,0
812,0.5536201596260071,0.7649314403533936,0.7304467558860779,1.0,0.796,0.817,1e-05,0.82,0.821,164,Accuracy,higher,final,0
813,0.6636545658111572,0.7649350762367249,0.7304490208625793,1.0,0.796,0.817,1e-05,0.82,0.821,164,Accuracy,higher,final,0
814,0.5261697769165039,0.7649477124214172,0.7304596304893494,1.0,0.796,0.817,1e-05,0.82,0.821,164,Accuracy,higher,final,0
815,0.5467681288719177,0.7649574875831604,0.7304673790931702,1.0,0.796,0.817,1e-05,0.82,0.821,164,Accuracy,higher,final,0
816,0.5727453231811523,0.7649675011634827,0.7304758429527283,1.0,0.796,0.817,1e-05,0.82,0.821,164,Accuracy,higher,final,0
817,0.6442357897758484,0.7649808526039124,0.7304867506027222,1.0,0.796,0.817,1e-05,0.82,0.821,164,Accuracy,higher,final,0
818,0.6458960771560669,0.7649927735328674,0.7304965257644653,1.0,0.796,0.817,1e-05,0.82,0.821,164,Accuracy,higher,final,0
819,0.6374415755271912,0.7650036811828613,0.7305057048797607,1.0,0.796,0.816,1e-05,0.82,0.821,164,Accuracy,higher,final,0
820,0.5628470182418823,0.7650107741355896,0.7305113673210144,1.0,0.796,0.816,1e-05,0.82,0.821,164,Accuracy,higher,final,0
821,0.5537955164909363,0.7650178074836731,0.7305167317390442,1.0,0.796,0.816,1e-05,0.82,0.821,164,Accuracy,higher,final,0
822,0.6667836308479309,0.7650217413902283,0.7305195331573486,1.0,0.796,0.816,1e-05,0.82,0.821,164,Accuracy,higher,final,0
823,0.611095666885376,0.7650237679481506,0.7305207252502441,1.0,0.794,0.816,1e-05,0.82,0.821,164,Accuracy,higher,final,0
824,0.5609172582626343,0.7650251388549805,0.7305212616920471,1.0,0.794,0.816,1e-05,0.82,0.821,164,Accuracy,higher,final,0
825,0.6048882603645325,0.7650303840637207,0.7305253744125366,1.0,0.794,0.816,1e-05,0.82,0.821,164,Accuracy,higher,final,0
826,0.5736847519874573,0.7650338411331177,0.7305276393890381,1.0,0.794,0.816,1e-05,0.82,0.821,164,Accuracy,higher,final,0
827,0.6185721158981323,0.7650421261787415,0.7305342555046082,1.0,0.794,0.816,1e-05,0.82,0.821,164,Accuracy,higher,final,0
828,0.5536980032920837,0.765052080154419,0.7305426001548767,1.0,0.794,0.816,1e-05,0.82,0.821,164,Accuracy,higher,final,0
829,0.6567348837852478,0.7650648355484009,0.7305534482002258,1.0,0.794,0.816,1e-05,0.82,0.821,164,Accuracy,higher,final,0
830,0.6436055302619934,0.7650738954544067,0.7305610775947571,1.0,0.794,0.816,1e-05,0.82,0.821,164,Accuracy,higher,final,0
831,0.7331417798995972,0.7650780081748962,0.7305642366409302,1.0,0.794,0.816,1e-05,0.82,0.821,164,Accuracy,higher,final,0
832,0.5734212398529053,0.7650822997093201,0.7305677533149719,1.0,0.794,0.816,1e-05,0.82,0.821,164,Accuracy,higher,final,0
833,0.5943536758422852,0.7650847434997559,0.730569064617157,1.0,0.794,0.816,1e-05,0.82,0.821,164,Accuracy,higher,final,0
834,0.7069429755210876,0.765089213848114,0.7305726408958435,1.0,0.794,0.816,1e-05,0.82,0.821,164,Accuracy,higher,final,0
835,0.6081539988517761,0.7650858163833618,0.7305688261985779,1.0,0.794,0.816,1e-05,0.82,0.821,164,Accuracy,higher,final,0
836,0.6123801469802856,0.7650811672210693,0.7305640578269958,1.0,0.794,0.816,1e-05,0.82,0.821,164,Accuracy,higher,final,0
837,0.5645408034324646,0.7650774121284485,0.730560302734375,1.0,0.794,0.816,1e-05,0.82,0.821,164,Accuracy,higher,final,0
838,0.5462242960929871,0.7650728821754456,0.7305557727813721,1.0,0.794,0.816,1e-05,0.82,0.821,164,Accuracy,higher,final,0
839,0.5708506107330322,0.7650704383850098,0.7305529117584229,1.0,0.794,0.816,1e-05,0.82,0.821,164,Accuracy,higher,final,0
840,0.584135890007019,0.7650624513626099,0.7305451035499573,1.0,0.794,0.816,1e-05,0.82,0.821,164,Accuracy,higher,final,0
841,0.4948277473449707,0.7650493383407593,0.7305328845977783,1.0,0.794,0.816,1e-05,0.82,0.821,164,Accuracy,higher,final,0
842,0.5933060646057129,0.765037477016449,0.7305214405059814,1.0,0.794,0.816,1e-05,0.82,0.821,164,Accuracy,higher,final,0
843,0.7213686108589172,0.7650244235992432,0.7305092811584473,1.0,0.794,0.816,1e-05,0.82,0.821,164,Accuracy,higher,final,0
844,0.610180675983429,0.7650145292282104,0.7304997444152832,1.0,0.794,0.816,1e-05,0.82,0.821,164,Accuracy,higher,final,0
845,0.6231278777122498,0.7650042772293091,0.730490505695343,1.0,0.794,0.816,1e-05,0.82,0.821,164,Accuracy,higher,final,0
846,0.6522694826126099,0.7649997472763062,0.7304859757423401,1.0,0.794,0.816,1e-05,0.82,0.821,164,Accuracy,higher,final,0
847,0.5309082865715027,0.764991283416748,0.7304782867431641,1.0,0.794,0.816,1e-05,0.82,0.821,164,Accuracy,higher,final,0
848,0.5427268147468567,0.7649847269058228,0.7304719090461731,1.0,0.794,0.816,1e-05,0.82,0.821,164,Accuracy,higher,final,0
849,0.5608932375907898,0.764978289604187,0.7304654717445374,1.0,0.794,0.816,1e-05,0.82,0.821,164,Accuracy,higher,final,0
850,0.53113853931427,0.7649750709533691,0.7304621338844299,1.0,0.794,0.816,1e-05,0.82,0.821,164,Accuracy,higher,final,0
851,0.6446112990379333,0.7649766206741333,0.7304632067680359,1.0,0.794,0.816,1e-05,0.82,0.821,164,Accuracy,higher,final,0
852,0.5333231091499329,0.7649744153022766,0.7304609417915344,1.0,0.794,0.816,1e-05,0.82,0.821,164,Accuracy,higher,final,0
853,0.6008360981941223,0.7649677991867065,0.7304551005363464,1.0,0.794,0.816,1e-05,0.82,0.821,164,Accuracy,higher,final,0
854,0.5952818989753723,0.7649596929550171,0.7304480671882629,1.0,0.794,0.816,1e-05,0.82,0.821,164,Accuracy,higher,final,0
855,0.6011642217636108,0.7649532556533813,0.7304422855377197,1.0,0.794,0.816,1e-05,0.82,0.821,164,Accuracy,higher,final,0
856,0.6556346416473389,0.7649462819099426,0.7304357886314392,1.0,0.794,0.817,1e-05,0.82,0.821,164,Accuracy,higher,final,0
857,0.6587737202644348,0.7649387121200562,0.7304290533065796,1.0,0.794,0.817,1e-05,0.82,0.821,164,Accuracy,higher,final,0
858,0.5157611966133118,0.7649303078651428,0.7304216623306274,1.0,0.794,0.817,1e-05,0.82,0.821,164,Accuracy,higher,final,0
859,0.5457278490066528,0.7649262547492981,0.7304180860519409,1.0,0.794,0.817,1e-05,0.82,0.821,164,Accuracy,higher,final,0
860,0.4917154610157013,0.7649234533309937,0.7304157614707947,1.0,0.794,0.817,1e-05,0.82,0.821,164,Accuracy,higher,final,0
861,0.6870128512382507,0.7649207711219788,0.7304137349128723,1.0,0.796,0.817,1e-05,0.82,0.821,164,Accuracy,higher,final,0
862,0.6745380759239197,0.7649160027503967,0.7304098606109619,1.0,0.796,0.817,1e-05,0.82,0.821,164,Accuracy,higher,final,0
863,0.6317178010940552,0.7649109363555908,0.7304056286811829,1.0,0.796,0.817,1e-05,0.82,0.821,164,Accuracy,higher,final,0
864,0.6497136950492859,0.7649040818214417,0.7303994297981262,1.0,0.796,0.817,1e-05,0.82,0.821,164,Accuracy,higher,final,0
865,0.5483394265174866,0.7648949027061462,0.7303913831710815,1.0,0.796,0.817,1e-05,0.82,0.821,164,Accuracy,higher,final,0
866,0.5704572200775146,0.7648796439170837,0.7303777933120728,1.0,0.796,0.818,1e-05,0.82,0.821,164,Accuracy,higher,final,0
867,0.6086011528968811,0.7648677229881287,0.7303671836853027,1.0,0.796,0.818,1e-05,0.82,0.821,164,Accuracy,higher,final,0
868,0.6295427680015564,0.7648563385009766,0.7303569316864014,1.0,0.796,0.818,1e-05,0.82,0.821,164,Accuracy,higher,final,0
869,0.5537419319152832,0.7648419141769409,0.7303438186645508,1.0,0.796,0.818,1e-05,0.82,0.821,164,Accuracy,higher,final,0
870,0.5842208862304688,0.7648245692253113,0.7303282618522644,1.0,0.796,0.818,1e-05,0.82,0.821,164,Accuracy,higher,final,0
871,0.5077051520347595,0.7648029923439026,0.7303089499473572,1.0,0.796,0.818,1e-05,0.82,0.821,164,Accuracy,higher,final,0
872,0.5821086764335632,0.7647794485092163,0.7302879691123962,1.0,0.796,0.818,1e-05,0.82,0.821,164,Accuracy,higher,final,0
873,0.5497534871101379,0.7647578120231628,0.7302685976028442,1.0,0.796,0.818,1e-05,0.82,0.821,164,Accuracy,higher,final,0
874,0.6414374113082886,0.7647345662117004,0.7302476763725281,1.0,0.796,0.818,1e-05,0.82,0.821,164,Accuracy,higher,final,0
875,0.6136312484741211,0.76472008228302,0.7302345633506775,1.0,0.796,0.818,1e-05,0.82,0.821,164,Accuracy,higher,final,0
876,0.5549668669700623,0.7647058963775635,0.7302215695381165,1.0,0.796,0.818,1e-05,0.82,0.821,164,Accuracy,higher,final,0
877,0.5135855674743652,0.7646934986114502,0.7302100658416748,1.0,0.796,0.818,1e-05,0.82,0.821,164,Accuracy,higher,final,0
878,0.710773229598999,0.7646835446357727,0.7302008867263794,1.0,0.796,0.818,1e-05,0.82,0.821,164,Accuracy,higher,final,0
879,0.5700932145118713,0.7646714448928833,0.7301896810531616,1.0,0.796,0.818,1e-05,0.82,0.821,164,Accuracy,higher,final,0
880,0.5166204571723938,0.7646564841270447,0.7301760315895081,1.0,0.796,0.818,1e-05,0.82,0.821,164,Accuracy,higher,final,0
881,0.6608940958976746,0.7646418213844299,0.7301623821258545,1.0,0.796,0.818,1e-05,0.82,0.821,164,Accuracy,higher,final,0
882,0.6214399337768555,0.7646234631538391,0.7301457524299622,1.0,0.796,0.818,1e-05,0.82,0.821,164,Accuracy,higher,final,0
883,0.5644624829292297,0.7646060585975647,0.7301300168037415,1.0,0.796,0.818,1e-05,0.82,0.821,164,Accuracy,higher,final,0
884,0.6626465320587158,0.764586329460144,0.7301121950149536,1.0,0.796,0.818,1e-05,0.82,0.821,164,Accuracy,higher,final,0
885,0.5518684387207031,0.7645677328109741,0.7300955057144165,1.0,0.796,0.818,1e-05,0.82,0.821,164,Accuracy,higher,final,0
886,0.710401713848114,0.7645494341850281,0.7300787568092346,1.0,0.796,0.818,1e-05,0.82,0.821,164,Accuracy,higher,final,0
887,0.5541543960571289,0.7645307183265686,0.7300617694854736,1.0,0.796,0.818,1e-05,0.82,0.821,164,Accuracy,higher,final,0
888,0.669768214225769,0.7645213007926941,0.7300528287887573,1.0,0.796,0.818,1e-05,0.82,0.821,164,Accuracy,higher,final,0
889,0.6172463297843933,0.7645095586776733,0.7300417423248291,1.0,0.796,0.818,1e-05,0.82,0.821,164,Accuracy,higher,final,0
890,0.5958983302116394,0.7645010352134705,0.7300335764884949,1.0,0.796,0.818,1e-05,0.82,0.821,164,Accuracy,higher,final,0
891,0.6813331842422485,0.7644922137260437,0.7300253510475159,1.0,0.796,0.818,1e-05,0.82,0.821,164,Accuracy,higher,final,0
892,0.5569213628768921,0.7644830346107483,0.7300167083740234,1.0,0.796,0.818,1e-05,0.82,0.821,164,Accuracy,higher,final,0
893,0.5866398215293884,0.7644752264022827,0.7300093770027161,1.0,0.796,0.818,1e-05,0.82,0.821,164,Accuracy,higher,final,0
894,0.5350154042243958,0.7644705176353455,0.7300047278404236,1.0,0.796,0.818,1e-05,0.82,0.821,164,Accuracy,higher,final,0
895,0.6205325126647949,0.7644583582878113,0.7299933433532715,1.0,0.796,0.818,1e-05,0.82,0.821,164,Accuracy,higher,final,0
896,0.7154731154441833,0.7644463181495667,0.7299821972846985,1.0,0.796,0.818,1e-05,0.82,0.821,164,Accuracy,higher,final,0
897,0.6606865525245667,0.7644351124763489,0.7299719452857971,1.0,0.796,0.818,1e-05,0.82,0.821,164,Accuracy,higher,final,0
898,0.5736067891120911,0.7644240260124207,0.7299618124961853,1.0,0.796,0.818,1e-05,0.82,0.821,164,Accuracy,higher,final,0
899,0.5605080723762512,0.7644106149673462,0.7299498319625854,1.0,0.796,0.818,1e-05,0.82,0.821,164,Accuracy,higher,final,0
900,0.5907446146011353,0.7643968462944031,0.7299376130104065,1.0,0.796,0.818,1e-05,0.82,0.821,164,Accuracy,higher,final,0
901,0.5745511054992676,0.7643840909004211,0.7299262881278992,1.0,0.796,0.818,1e-05,0.82,0.821,164,Accuracy,higher,final,0
902,0.5508468747138977,0.7643717527389526,0.7299150824546814,1.0,0.796,0.818,1e-05,0.82,0.821,164,Accuracy,higher,final,0
903,0.5343083739280701,0.7643622756004333,0.7299064993858337,1.0,0.796,0.818,1e-05,0.82,0.821,164,Accuracy,higher,final,0
904,0.5654079914093018,0.764350950717926,0.7298964858055115,1.0,0.796,0.818,1e-05,0.82,0.821,164,Accuracy,higher,final,0
905,0.5758251547813416,0.7643431425094604,0.7298896312713623,1.0,0.796,0.818,1e-05,0.82,0.821,164,Accuracy,higher,final,0
906,0.5878829956054688,0.7643399834632874,0.7298867702484131,1.0,0.796,0.818,1e-05,0.82,0.821,164,Accuracy,higher,final,0
907,0.6115036010742188,0.7643327713012695,0.729880154132843,1.0,0.796,0.818,1e-05,0.82,0.821,164,Accuracy,higher,final,0
908,0.6622105836868286,0.7643234729766846,0.7298715710639954,1.0,0.796,0.818,1e-05,0.82,0.821,164,Accuracy,higher,final,0
909,0.5589396357536316,0.7643120884895325,0.7298614382743835,1.0,0.796,0.818,1e-05,0.82,0.821,164,Accuracy,higher,final,0
910,0.6550533771514893,0.7643011808395386,0.7298518419265747,1.0,0.796,0.818,1e-05,0.82,0.821,164,Accuracy,higher,final,0
911,0.5706678032875061,0.7642866373062134,0.7298389673233032,1.0,0.796,0.818,1e-05,0.82,0.821,164,Accuracy,higher,final,0
912,0.6048916578292847,0.764272153377533,0.7298257946968079,1.0,0.796,0.818,1e-05,0.82,0.821,164,Accuracy,higher,final,0
913,0.5028160214424133,0.764263391494751,0.7298179864883423,1.0,0.796,0.818,1e-05,0.82,0.821,164,Accuracy,higher,final,0
914,0.4678599238395691,0.7642576694488525,0.7298128604888916,1.0,0.796,0.818,1e-05,0.82,0.821,164,Accuracy,higher,final,0
915,0.6303676962852478,0.7642565369606018,0.7298117280006409,1.0,0.796,0.818,1e-05,0.82,0.821,164,Accuracy,higher,final,0
916,0.6243422627449036,0.7642547488212585,0.7298101782798767,1.0,0.796,0.818,1e-05,0.82,0.821,164,Accuracy,higher,final,0
917,0.5043562650680542,0.7642579078674316,0.729812741279602,1.0,0.796,0.818,1e-05,0.82,0.821,164,Accuracy,higher,final,0
918,0.604863166809082,0.7642552256584167,0.7298102378845215,1.0,0.796,0.818,1e-05,0.82,0.821,164,Accuracy,higher,final,0
919,0.5355955958366394,0.764257550239563,0.72981196641922,1.0,0.796,0.818,1e-05,0.82,0.821,164,Accuracy,higher,final,0
920,0.6268886923789978,0.764259397983551,0.7298135757446289,1.0,0.796,0.818,1e-05,0.82,0.821,164,Accuracy,higher,final,0
921,0.6336715817451477,0.7642613649368286,0.7298154234886169,1.0,0.796,0.818,1e-05,0.82,0.821,164,Accuracy,higher,final,0
922,0.5962196588516235,0.7642666101455688,0.7298198938369751,1.0,0.796,0.818,1e-05,0.82,0.821,164,Accuracy,higher,final,0
923,0.5510441660881042,0.7642726898193359,0.7298253178596497,1.0,0.796,0.818,1e-05,0.82,0.821,164,Accuracy,higher,final,0
924,0.5979672074317932,0.7642749547958374,0.7298271656036377,1.0,0.796,0.818,1e-05,0.82,0.821,164,Accuracy,higher,final,0
925,0.7014666795730591,0.7642837762832642,0.7298347353935242,1.0,0.796,0.818,1e-05,0.82,0.821,164,Accuracy,higher,final,0
926,0.5435910820960999,0.7642982006072998,0.7298473715782166,1.0,0.796,0.818,1e-05,0.82,0.821,164,Accuracy,higher,final,0
927,0.5307253003120422,0.7643093466758728,0.729857325553894,1.0,0.796,0.818,1e-05,0.82,0.821,164,Accuracy,higher,final,0
928,0.5782668590545654,0.764318585395813,0.7298654317855835,1.0,0.796,0.818,1e-05,0.82,0.821,164,Accuracy,higher,final,0
929,0.6017379760742188,0.7643235921859741,0.7298697233200073,1.0,0.796,0.818,1e-05,0.82,0.821,164,Accuracy,higher,final,0
930,0.6679862141609192,0.7643276453018188,0.7298731803894043,1.0,0.796,0.818,1e-05,0.82,0.821,164,Accuracy,higher,final,0
931,0.5409911274909973,0.7643226385116577,0.7298682928085327,1.0,0.796,0.818,1e-05,0.82,0.821,164,Accuracy,higher,final,0
932,0.6067089438438416,0.7643256187438965,0.7298704385757446,1.0,0.796,0.818,1e-05,0.82,0.821,164,Accuracy,higher,final,0
933,0.5552719235420227,0.7643234729766846,0.7298682928085327,1.0,0.796,0.818,1e-05,0.82,0.821,164,Accuracy,higher,final,0
934,0.6679906249046326,0.7643272876739502,0.7298715710639954,1.0,0.796,0.818,1e-05,0.82,0.821,164,Accuracy,higher,final,0
935,0.6674323081970215,0.7643306851387024,0.7298746109008789,1.0,0.796,0.818,1e-05,0.82,0.821,164,Accuracy,higher,final,0
936,0.658611536026001,0.7643391489982605,0.7298821806907654,1.0,0.796,0.818,1e-05,0.82,0.821,164,Accuracy,higher,final,0
937,0.6215333342552185,0.7643473148345947,0.7298893928527832,1.0,0.796,0.818,1e-05,0.82,0.821,164,Accuracy,higher,final,0
938,0.6489347219467163,0.7643535733222961,0.7298949956893921,1.0,0.796,0.818,1e-05,0.82,0.821,164,Accuracy,higher,final,0
939,0.7055649161338806,0.7643624544143677,0.7299031019210815,1.0,0.796,0.818,1e-05,0.82,0.821,164,Accuracy,higher,final,0
940,0.5962362885475159,0.7643717527389526,0.7299116253852844,1.0,0.796,0.818,1e-05,0.82,0.821,164,Accuracy,higher,final,0
941,0.6325058937072754,0.7643744945526123,0.7299143075942993,1.0,0.796,0.818,1e-05,0.82,0.821,164,Accuracy,higher,final,0
942,0.5979605317115784,0.7643778324127197,0.7299172282218933,1.0,0.796,0.818,1e-05,0.82,0.821,164,Accuracy,higher,final,0
943,0.5951554179191589,0.7643784880638123,0.729917585849762,1.0,0.796,0.818,1e-05,0.82,0.821,164,Accuracy,higher,final,0
944,0.5810372829437256,0.7643808722496033,0.7299190759658813,1.0,0.796,0.818,1e-05,0.82,0.821,164,Accuracy,higher,final,0
945,0.6253209710121155,0.7643849849700928,0.7299222350120544,1.0,0.796,0.818,1e-05,0.82,0.821,164,Accuracy,higher,final,0
946,0.582815945148468,0.7643917202949524,0.7299277186393738,1.0,0.796,0.818,1e-05,0.82,0.821,164,Accuracy,higher,final,0
947,0.638050377368927,0.7644037008285522,0.7299378514289856,1.0,0.796,0.818,1e-05,0.82,0.821,164,Accuracy,higher,final,0
948,0.6632197499275208,0.7644131183624268,0.7299456596374512,1.0,0.796,0.818,1e-05,0.82,0.821,164,Accuracy,higher,final,0
949,0.6604788899421692,0.7644266486167908,0.7299574017524719,1.0,0.796,0.818,1e-05,0.82,0.821,164,Accuracy,higher,final,0
950,0.6200454831123352,0.7644368410110474,0.7299659252166748,1.0,0.796,0.818,1e-05,0.82,0.821,164,Accuracy,higher,final,0
951,0.5977160334587097,0.7644500732421875,0.729977548122406,1.0,0.796,0.818,1e-05,0.82,0.821,164,Accuracy,higher,final,0
952,0.5937382578849792,0.7644588351249695,0.7299852967262268,1.0,0.796,0.818,1e-05,0.82,0.821,164,Accuracy,higher,final,0
953,0.6476166844367981,0.7644679546356201,0.7299931049346924,1.0,0.796,0.818,1e-05,0.82,0.821,164,Accuracy,higher,final,0
954,0.6420790553092957,0.7644786238670349,0.7300025224685669,1.0,0.796,0.818,1e-05,0.82,0.821,164,Accuracy,higher,final,0
955,0.6941627264022827,0.7644897699356079,0.7300123572349548,1.0,0.796,0.818,1e-05,0.82,0.821,164,Accuracy,higher,final,0
956,0.4731539189815521,0.7645049095153809,0.7300255298614502,1.0,0.796,0.818,1e-05,0.82,0.821,164,Accuracy,higher,final,0
957,0.5905120968818665,0.7645191550254822,0.7300378680229187,1.0,0.796,0.818,1e-05,0.82,0.821,164,Accuracy,higher,final,0
958,0.6416044235229492,0.7645321488380432,0.7300490736961365,1.0,0.796,0.817,1e-05,0.82,0.821,164,Accuracy,higher,final,0
959,0.6351393461227417,0.7645472288131714,0.7300623655319214,1.0,0.796,0.817,1e-05,0.82,0.821,164,Accuracy,higher,final,0
960,0.5679922103881836,0.7645606398582458,0.7300739884376526,1.0,0.796,0.817,1e-05,0.82,0.821,164,Accuracy,higher,final,0
961,0.5871917009353638,0.7645723819732666,0.7300839424133301,1.0,0.796,0.817,1e-05,0.82,0.821,164,Accuracy,higher,final,0
962,0.5481590032577515,0.764579713344574,0.7300904393196106,1.0,0.796,0.817,1e-05,0.82,0.821,164,Accuracy,higher,final,0
963,0.6672572493553162,0.7645800709724426,0.7300906777381897,1.0,0.794,0.817,1e-05,0.82,0.821,164,Accuracy,higher,final,0
964,0.6110953092575073,0.7645844221115112,0.7300945520401001,1.0,0.794,0.817,1e-05,0.82,0.821,164,Accuracy,higher,final,0
965,0.6177374720573425,0.7645845413208008,0.7300949692726135,1.0,0.794,0.817,1e-05,0.82,0.821,164,Accuracy,higher,final,0
966,0.5093077421188354,0.764586329460144,0.7300968170166016,1.0,0.794,0.817,1e-05,0.82,0.821,164,Accuracy,higher,final,0
967,0.6353090405464172,0.7645847201347351,0.7300955653190613,1.0,0.794,0.817,1e-05,0.82,0.821,164,Accuracy,higher,final,0
968,0.4845181703567505,0.7645772695541382,0.7300893664360046,1.0,0.794,0.816,1e-05,0.82,0.821,164,Accuracy,higher,final,0
969,0.6065285205841064,0.7645735144615173,0.7300863265991211,1.0,0.794,0.816,1e-05,0.82,0.821,164,Accuracy,higher,final,0
970,0.5390456914901733,0.7645688652992249,0.7300822734832764,1.0,0.794,0.816,1e-05,0.82,0.821,164,Accuracy,higher,final,0
971,0.5901705622673035,0.7645639181137085,0.7300781011581421,1.0,0.794,0.816,1e-05,0.82,0.821,164,Accuracy,higher,final,0
972,0.6567656993865967,0.7645560503005981,0.7300710678100586,1.0,0.794,0.816,1e-05,0.82,0.821,164,Accuracy,higher,final,0
973,0.5651261210441589,0.7645499110221863,0.7300654053688049,1.0,0.794,0.816,1e-05,0.82,0.821,164,Accuracy,higher,final,0
974,0.6073616147041321,0.7645514011383057,0.7300662398338318,1.0,0.794,0.816,1e-05,0.82,0.821,164,Accuracy,higher,final,0
975,0.5409029126167297,0.7645511031150818,0.7300654649734497,1.0,0.794,0.816,1e-05,0.82,0.821,164,Accuracy,higher,final,0
976,0.6183862686157227,0.764546275138855,0.7300608158111572,1.0,0.794,0.816,1e-05,0.82,0.821,164,Accuracy,higher,final,0
977,0.6185138821601868,0.7645353674888611,0.7300505042076111,1.0,0.794,0.816,1e-05,0.82,0.821,164,Accuracy,higher,final,0
978,0.5586633682250977,0.7645266056060791,0.730042040348053,1.0,0.794,0.816,1e-05,0.82,0.821,164,Accuracy,higher,final,0
979,0.6146757006645203,0.7645219564437866,0.7300373315811157,1.0,0.794,0.816,1e-05,0.82,0.821,164,Accuracy,higher,final,0
980,0.5084714293479919,0.7645184397697449,0.730033814907074,1.0,0.794,0.816,1e-05,0.82,0.821,164,Accuracy,higher,final,0
981,0.633059561252594,0.7645148634910583,0.7300304174423218,1.0,0.794,0.816,1e-05,0.82,0.821,164,Accuracy,higher,final,0
982,0.6119621396064758,0.7645049691200256,0.7300214767456055,1.0,0.794,0.816,1e-05,0.82,0.821,164,Accuracy,higher,final,0
983,0.6071653366088867,0.7644971609115601,0.730014443397522,1.0,0.794,0.816,1e-05,0.82,0.821,164,Accuracy,higher,final,0
984,0.5581337809562683,0.7644896507263184,0.7300078272819519,1.0,0.794,0.816,1e-05,0.82,0.821,164,Accuracy,higher,final,0
985,0.5531982779502869,0.7644835710525513,0.7300024628639221,1.0,0.794,0.816,1e-05,0.82,0.821,164,Accuracy,higher,final,0
986,0.6439218521118164,0.7644752860069275,0.7299952507019043,1.0,0.794,0.816,1e-05,0.82,0.821,164,Accuracy,higher,final,0
987,0.7215465903282166,0.7644670605659485,0.7299878597259521,1.0,0.794,0.816,1e-05,0.82,0.821,164,Accuracy,higher,final,0
988,0.55643230676651,0.764461100101471,0.7299826145172119,1.0,0.794,0.816,1e-05,0.82,0.821,164,Accuracy,higher,final,0
989,0.64926677942276,0.7644525170326233,0.7299751043319702,1.0,0.794,0.816,1e-05,0.82,0.821,164,Accuracy,higher,final,0
990,0.5787973403930664,0.7644420862197876,0.7299659252166748,1.0,0.794,0.816,1e-05,0.82,0.821,164,Accuracy,higher,final,0
991,0.6680325865745544,0.7644340395927429,0.72995924949646,1.0,0.794,0.816,1e-05,0.82,0.821,164,Accuracy,higher,final,0
992,0.6019030213356018,0.7644217610359192,0.7299487590789795,1.0,0.794,0.816,1e-05,0.82,0.821,164,Accuracy,higher,final,0
993,0.6562712788581848,0.7644133567810059,0.7299420237541199,1.0,0.796,0.816,1e-05,0.82,0.821,164,Accuracy,higher,final,0
994,0.6025974154472351,0.764403760433197,0.7299340963363647,1.0,0.796,0.816,1e-05,0.82,0.821,164,Accuracy,higher,final,0
995,0.5207580327987671,0.7643974423408508,0.7299292087554932,1.0,0.796,0.816,1e-05,0.82,0.821,164,Accuracy,higher,final,0
996,0.6535516977310181,0.7643915414810181,0.7299247980117798,1.0,0.796,0.816,1e-05,0.82,0.821,164,Accuracy,higher,final,0
997,0.5405337810516357,0.7643892765045166,0.7299234867095947,1.0,0.796,0.816,1e-05,0.82,0.821,164,Accuracy,higher,final,0
998,0.6504829525947571,0.7643916606903076,0.7299262285232544,1.0,0.796,0.816,1e-05,0.82,0.821,164,Accuracy,higher,final,0
999,0.5870764851570129,0.7643943428993225,0.7299289703369141,1.0,0.796,0.816,1e-05,0.82,0.821,164,Accuracy,higher,final,0
